ISO-10303-21;
HEADER;
FILE_DESCRIPTION((''),'2;1');
FILE_NAME('10067099-200LF','2019-09-13T',('KumarP'),('AFCI'),
'CREO PARAMETRIC BY PTC INC, 2016130','CREO PARAMETRIC BY PTC INC, 2016130','');
FILE_SCHEMA(('CONFIG_CONTROL_DESIGN'));
ENDSEC;
DATA;
#1=CARTESIAN_POINT('',(-5.2E0,-3.5E-1,2.55E0));
#2=DIRECTION('',(-1.E0,0.E0,0.E0));
#3=DIRECTION('',(0.E0,0.E0,-1.E0));
#4=AXIS2_PLACEMENT_3D('',#1,#2,#3);
#6=CARTESIAN_POINT('',(-5.2E0,-4.E-1,2.5E0));
#7=DIRECTION('',(1.E0,0.E0,0.E0));
#8=DIRECTION('',(0.E0,-1.E0,0.E0));
#9=AXIS2_PLACEMENT_3D('',#6,#7,#8);
#11=DIRECTION('',(-1.776356839401E-14,-1.E0,0.E0));
#12=VECTOR('',#11,4.999999999999E-2);
#13=CARTESIAN_POINT('',(-5.2E0,-3.5E-1,2.3E0));
#14=LINE('7952',#13,#12);
#15=DIRECTION('',(1.776356839400E-14,1.E0,0.E0));
#16=VECTOR('',#15,5.E-2);
#17=CARTESIAN_POINT('',(-5.4E0,-4.E-1,2.3E0));
#18=LINE('8020',#17,#16);
#19=DIRECTION('',(1.E0,0.E0,0.E0));
#20=VECTOR('',#19,2.E-1);
#21=CARTESIAN_POINT('',(-5.4E0,-3.5E-1,2.3E0));
#22=LINE('8017',#21,#20);
#23=DIRECTION('',(1.E0,3.469446951954E-14,0.E0));
#24=VECTOR('',#23,2.E-1);
#25=CARTESIAN_POINT('',(-5.4E0,-4.E-1,2.3E0));
#26=LINE('8026',#25,#24);
#27=DIRECTION('',(0.E0,0.E0,1.E0));
#28=VECTOR('',#27,5.E-2);
#29=CARTESIAN_POINT('',(-5.2E0,-6.E-1,2.5E0));
#30=LINE('7954',#29,#28);
#31=DIRECTION('',(-1.E0,0.E0,0.E0));
#32=VECTOR('',#31,2.E-1);
#33=CARTESIAN_POINT('',(-5.2E0,-6.E-1,2.55E0));
#34=LINE('8018',#33,#32);
#35=DIRECTION('',(0.E0,0.E0,-1.E0));
#36=VECTOR('',#35,5.E-2);
#37=CARTESIAN_POINT('',(-5.4E0,-6.E-1,2.55E0));
#38=LINE('8027',#37,#36);
#39=DIRECTION('',(1.E0,0.E0,0.E0));
#40=VECTOR('',#39,2.E-1);
#41=CARTESIAN_POINT('',(-5.4E0,-6.E-1,2.5E0));
#42=LINE('8025',#41,#40);
#43=DIRECTION('',(0.E0,-1.E0,0.E0));
#44=VECTOR('',#43,1.05E0);
#45=CARTESIAN_POINT('',(-5.4E0,0.E0,4.6E0));
#46=LINE('7966',#45,#44);
#47=CARTESIAN_POINT('',(-5.4E0,-1.05E0,1.E0));
#48=DIRECTION('',(-1.E0,0.E0,0.E0));
#49=DIRECTION('',(0.E0,0.E0,1.E0));
#50=AXIS2_PLACEMENT_3D('',#47,#48,#49);
#52=DIRECTION('',(0.E0,-1.E0,0.E0));
#53=VECTOR('',#52,1.5E-1);
#54=CARTESIAN_POINT('',(-5.4E0,-1.05E0,9.E-1));
#55=LINE('7982',#54,#53);
#56=DIRECTION('',(0.E0,0.E0,-1.E0));
#57=VECTOR('',#56,9.E-1);
#58=CARTESIAN_POINT('',(-5.4E0,-1.2E0,9.E-1));
#59=LINE('7983',#58,#57);
#60=DIRECTION('',(0.E0,1.E0,0.E0));
#61=VECTOR('',#60,1.9E0);
#62=CARTESIAN_POINT('',(-5.4E0,-1.2E0,0.E0));
#63=LINE('7928',#62,#61);
#64=CARTESIAN_POINT('',(-5.4E0,5.E-1,4.222508278236E0));
#65=DIRECTION('',(1.E0,0.E0,0.E0));
#66=DIRECTION('',(0.E0,-7.272727272723E-1,6.863485850251E-1));
#67=AXIS2_PLACEMENT_3D('',#64,#65,#66);
#69=DIRECTION('',(0.E0,-3.710398257911E-13,1.E0));
#70=VECTOR('',#69,1.483629370162E-1);
#71=CARTESIAN_POINT('',(-5.4E0,5.499304715310E-14,4.451637062984E0));
#72=LINE('7988',#71,#70);
#73=CARTESIAN_POINT('',(-5.4E0,-3.5E-1,2.55E0));
#74=DIRECTION('',(1.E0,0.E0,0.E0));
#75=DIRECTION('',(0.E0,-1.E0,0.E0));
#76=AXIS2_PLACEMENT_3D('',#73,#74,#75);
#78=CARTESIAN_POINT('',(-5.4E0,-4.E-1,2.5E0));
#79=DIRECTION('',(-1.E0,0.E0,0.E0));
#80=DIRECTION('',(0.E0,0.E0,-1.E0));
#81=AXIS2_PLACEMENT_3D('',#78,#79,#80);
#83=DIRECTION('',(0.E0,9.048416186180E-14,1.E0));
#84=VECTOR('',#83,9.836293701512E-2);
#85=CARTESIAN_POINT('',(-5.4E0,0.E0,2.55E0));
#86=LINE('7991',#85,#84);
#87=CARTESIAN_POINT('',(-5.4E0,5.E-1,2.877491721764E0));
#88=DIRECTION('',(1.E0,0.E0,0.E0));
#89=DIRECTION('',(0.E0,-9.090909090901E-1,-4.165977904523E-1));
#90=AXIS2_PLACEMENT_3D('',#87,#88,#89);
#92=CARTESIAN_POINT('',(-5.4E0,-1.E-1,2.5E0));
#93=DIRECTION('',(-1.E0,0.E0,0.E0));
#94=DIRECTION('',(0.E0,1.E0,0.E0));
#95=AXIS2_PLACEMENT_3D('',#92,#93,#94);
#97=CARTESIAN_POINT('',(-5.4E0,-2.5E-1,2.55E0));
#98=DIRECTION('',(1.E0,0.E0,0.E0));
#99=DIRECTION('',(0.E0,0.E0,-1.E0));
#100=AXIS2_PLACEMENT_3D('',#97,#98,#99);
#102=CARTESIAN_POINT('',(-5.E0,-1.05E0,4.6E0));
#103=DIRECTION('',(0.E0,0.E0,-1.E0));
#104=DIRECTION('',(0.E0,-1.E0,0.E0));
#105=AXIS2_PLACEMENT_3D('',#102,#103,#104);
#107=DIRECTION('',(1.E0,0.E0,0.E0));
#108=VECTOR('',#107,2.E-1);
#109=CARTESIAN_POINT('',(-5.4E0,0.E0,4.6E0));
#110=LINE('7962',#109,#108);
#111=DIRECTION('',(-9.896845258865E-14,1.E0,0.E0));
#112=VECTOR('',#111,6.999999992377E-1);
#113=CARTESIAN_POINT('',(-5.2E0,0.E0,4.6E0));
#114=LINE('7967',#113,#112);
#115=DIRECTION('',(7.071067784920E-1,7.071067838811E-1,0.E0));
#116=VECTOR('',#115,1.414213567764E-1);
#117=CARTESIAN_POINT('',(-5.2E0,6.999999992377E-1,4.6E0));
#118=LINE('7968',#117,#116);
#119=DIRECTION('',(1.E0,0.E0,0.E0));
#120=VECTOR('',#119,9.85E0);
#121=CARTESIAN_POINT('',(-4.95E0,-9.999999999993E-2,4.6E0));
#122=LINE('7728',#121,#120);
#123=DIRECTION('',(0.E0,-1.E0,-6.024166672748E-14));
#124=VECTOR('',#123,1.15E0);
#125=CARTESIAN_POINT('',(4.9E0,-9.999999999993E-2,4.6E0));
#126=LINE('7731',#125,#124);
#127=DIRECTION('',(-1.E0,0.E0,0.E0));
#128=VECTOR('',#127,7.5E-1);
#129=CARTESIAN_POINT('',(4.9E0,-1.25E0,4.6E0));
#130=LINE('7761',#129,#128);
#131=DIRECTION('',(-1.E0,0.E0,0.E0));
#132=VECTOR('',#131,8.5E-1);
#133=CARTESIAN_POINT('',(-4.15E0,-1.25E0,4.6E0));
#134=LINE('7744',#133,#132);
#135=CARTESIAN_POINT('',(-5.E0,-1.05E0,4.6E0));
#136=DIRECTION('',(0.E0,0.E0,-1.E0));
#137=DIRECTION('',(0.E0,-1.E0,0.E0));
#138=AXIS2_PLACEMENT_3D('',#135,#136,#137);
#140=DIRECTION('',(-4.650644985836E-10,1.E0,0.E0));
#141=VECTOR('',#140,4.500052824315E-1);
#142=CARTESIAN_POINT('',(-5.199999999791E0,-1.050005282431E0,4.6E0));
#143=LINE('7970',#142,#141);
#144=CARTESIAN_POINT('',(-5.E0,-1.05E0,4.599999999960E0));
#145=DIRECTION('',(0.E0,0.E0,1.E0));
#146=DIRECTION('',(-9.999999841174E-1,1.782280120430E-4,0.E0));
#147=AXIS2_PLACEMENT_3D('',#144,#145,#146);
#149=CARTESIAN_POINT('',(-4.7E0,-1.45E0,1.3E0));
#150=DIRECTION('',(0.E0,1.E0,0.E0));
#151=DIRECTION('',(1.E0,0.E0,0.E0));
#152=AXIS2_PLACEMENT_3D('',#149,#150,#151);
#154=DIRECTION('',(1.E0,0.E0,0.E0));
#155=VECTOR('',#154,3.E-1);
#156=CARTESIAN_POINT('',(-5.E0,-1.45E0,4.6E0));
#157=LINE('7974',#156,#155);
#158=CARTESIAN_POINT('',(-4.7E0,-1.45E0,4.4E0));
#159=DIRECTION('',(0.E0,1.E0,0.E0));
#160=DIRECTION('',(0.E0,0.E0,1.E0));
#161=AXIS2_PLACEMENT_3D('',#158,#159,#160);
#163=CARTESIAN_POINT('',(5.2E0,-1.25E0,1.85E0));
#164=DIRECTION('',(0.E0,-1.E0,0.E0));
#165=DIRECTION('',(-1.E0,0.E0,1.354472090043E-13));
#166=AXIS2_PLACEMENT_3D('',#163,#164,#165);
#168=CARTESIAN_POINT('',(-4.7E0,-1.25E0,1.3E0));
#169=DIRECTION('',(0.E0,-1.E0,0.E0));
#170=DIRECTION('',(1.332267629550E-14,0.E0,-1.E0));
#171=AXIS2_PLACEMENT_3D('',#168,#169,#170);
#173=CARTESIAN_POINT('',(-4.7E0,-1.25E0,4.4E0));
#174=DIRECTION('',(0.E0,-1.E0,0.E0));
#175=DIRECTION('',(1.E0,0.E0,0.E0));
#176=AXIS2_PLACEMENT_3D('',#173,#174,#175);
#178=DIRECTION('',(7.071067811865E-1,0.E0,-7.071067811866E-1));
#179=VECTOR('',#178,1.414213562373E-1);
#180=CARTESIAN_POINT('',(-4.15E0,-1.25E0,1.7E0));
#181=LINE('7745',#180,#179);
#182=DIRECTION('',(7.071067811865E-1,0.E0,-7.071067811866E-1));
#183=VECTOR('',#182,1.414213562373E-1);
#184=CARTESIAN_POINT('',(-3.55E0,-1.25E0,1.3E0));
#185=LINE('7746',#184,#183);
#186=DIRECTION('',(7.071067811866E-1,0.E0,7.071067811865E-1));
#187=VECTOR('',#186,1.414213562373E-1);
#188=CARTESIAN_POINT('',(-3.15E0,-1.25E0,1.2E0));
#189=LINE('7747',#188,#187);
#190=DIRECTION('',(7.071067811866E-1,0.E0,-7.071067811865E-1));
#191=VECTOR('',#190,1.414213562373E-1);
#192=CARTESIAN_POINT('',(-2.45E0,-1.25E0,1.3E0));
#193=LINE('7748',#192,#191);
#194=DIRECTION('',(7.071067811865E-1,0.E0,7.071067811865E-1));
#195=VECTOR('',#194,1.414213562373E-1);
#196=CARTESIAN_POINT('',(-2.05E0,-1.25E0,1.2E0));
#197=LINE('7749',#196,#195);
#198=DIRECTION('',(7.071067811865E-1,0.E0,-7.071067811865E-1));
#199=VECTOR('',#198,1.414213562373E-1);
#200=CARTESIAN_POINT('',(-1.35E0,-1.25E0,1.3E0));
#201=LINE('7750',#200,#199);
#202=DIRECTION('',(7.071067811856E-1,0.E0,7.071067811875E-1));
#203=VECTOR('',#202,1.414213562373E-1);
#204=CARTESIAN_POINT('',(-9.499999999999E-1,-1.25E0,1.2E0));
#205=LINE('7751',#204,#203);
#206=DIRECTION('',(7.071067811856E-1,0.E0,-7.071067811875E-1));
#207=VECTOR('',#206,1.414213562373E-1);
#208=CARTESIAN_POINT('',(-2.499999999999E-1,-1.25E0,1.3E0));
#209=LINE('7752',#208,#207);
#210=DIRECTION('',(7.071067811856E-1,0.E0,7.071067811875E-1));
#211=VECTOR('',#210,1.414213562373E-1);
#212=CARTESIAN_POINT('',(1.500000000001E-1,-1.25E0,1.2E0));
#213=LINE('7753',#212,#211);
#214=DIRECTION('',(7.071067811856E-1,0.E0,-7.071067811875E-1));
#215=VECTOR('',#214,1.414213562373E-1);
#216=CARTESIAN_POINT('',(8.500000000001E-1,-1.25E0,1.3E0));
#217=LINE('7754',#216,#215);
#218=DIRECTION('',(7.071067811866E-1,0.E0,7.071067811865E-1));
#219=VECTOR('',#218,1.414213562373E-1);
#220=CARTESIAN_POINT('',(1.25E0,-1.25E0,1.2E0));
#221=LINE('7755',#220,#219);
#222=DIRECTION('',(7.071067811865E-1,0.E0,-7.071067811865E-1));
#223=VECTOR('',#222,1.414213562373E-1);
#224=CARTESIAN_POINT('',(1.95E0,-1.25E0,1.3E0));
#225=LINE('7756',#224,#223);
#226=DIRECTION('',(7.071067811865E-1,0.E0,7.071067811865E-1));
#227=VECTOR('',#226,1.414213562373E-1);
#228=CARTESIAN_POINT('',(2.35E0,-1.25E0,1.2E0));
#229=LINE('7757',#228,#227);
#230=DIRECTION('',(7.071067811865E-1,0.E0,-7.071067811865E-1));
#231=VECTOR('',#230,1.414213562373E-1);
#232=CARTESIAN_POINT('',(3.05E0,-1.25E0,1.3E0));
#233=LINE('7758',#232,#231);
#234=DIRECTION('',(7.071067811865E-1,0.E0,7.071067811865E-1));
#235=VECTOR('',#234,1.414213562373E-1);
#236=CARTESIAN_POINT('',(3.45E0,-1.25E0,1.2E0));
#237=LINE('7759',#236,#235);
#238=DIRECTION('',(7.071067811866E-1,0.E0,7.071067811865E-1));
#239=VECTOR('',#238,1.414213562373E-1);
#240=CARTESIAN_POINT('',(4.05E0,-1.25E0,1.6E0));
#241=LINE('7760',#240,#239);
#242=DIRECTION('',(7.071067811865E-1,0.E0,-7.071067811866E-1));
#243=VECTOR('',#242,8.740320488977E-2);
#244=CARTESIAN_POINT('',(4.9E0,-1.25E0,4.6E0));
#245=LINE('7762',#244,#243);
#246=DIRECTION('',(0.E0,0.E0,-1.E0));
#247=VECTOR('',#246,5.381966011250E-1);
#248=CARTESIAN_POINT('',(4.961803398875E0,-1.25E0,4.538196601125E0));
#249=LINE('7763',#248,#247);
#250=DIRECTION('',(1.E0,2.658515306506E-14,0.E0));
#251=VECTOR('',#250,2.171572875252E-1);
#252=CARTESIAN_POINT('',(5.132842712475E0,-1.25E0,4.E0));
#253=LINE('7689',#252,#251);
#254=CARTESIAN_POINT('',(5.2E0,-1.25E0,2.65E0));
#255=DIRECTION('',(0.E0,-1.E0,0.E0));
#256=DIRECTION('',(0.E0,0.E0,1.E0));
#257=AXIS2_PLACEMENT_3D('',#254,#255,#256);
#259=DIRECTION('',(0.E0,0.E0,1.E0));
#260=VECTOR('',#259,8.E-1);
#261=CARTESIAN_POINT('',(5.E0,-1.25E0,1.85E0));
#262=LINE('7770',#261,#260);
#263=DIRECTION('',(0.E0,1.E0,9.214851104389E-14));
#264=VECTOR('',#263,2.E-1);
#265=CARTESIAN_POINT('',(5.E0,-1.45E0,1.85E0));
#266=LINE('7771',#265,#264);
#267=DIRECTION('',(0.E0,1.E0,-1.110223024625E-14));
#268=VECTOR('',#267,2.E-1);
#269=CARTESIAN_POINT('',(5.E0,-1.45E0,2.65E0));
#270=LINE('7774',#269,#268);
#271=CARTESIAN_POINT('',(5.6E0,-1.05E0,2.85E0));
#272=DIRECTION('',(0.E0,0.E0,-1.E0));
#273=DIRECTION('',(1.E0,1.276756478319E-14,0.E0));
#274=AXIS2_PLACEMENT_3D('',#271,#272,#273);
#276=DIRECTION('',(-3.552713678801E-14,1.E0,0.E0));
#277=VECTOR('',#276,2.E-1);
#278=CARTESIAN_POINT('',(5.2E0,-1.45E0,2.85E0));
#279=LINE('7773',#278,#277);
#280=DIRECTION('',(1.E0,0.E0,0.E0));
#281=VECTOR('',#280,4.E-1);
#282=CARTESIAN_POINT('',(5.2E0,-1.25E0,2.85E0));
#283=LINE('7768',#282,#281);
#284=CARTESIAN_POINT('',(5.6E0,-1.05E0,2.85E0));
#285=DIRECTION('',(0.E0,0.E0,1.E0));
#286=DIRECTION('',(0.E0,-1.E0,0.E0));
#287=AXIS2_PLACEMENT_3D('',#284,#285,#286);
#289=CARTESIAN_POINT('',(6.E0,5.E-1,4.222508278236E0));
#290=DIRECTION('',(-1.E0,0.E0,0.E0));
#291=DIRECTION('',(0.E0,-9.232921490053E-1,-3.840984347601E-1));
#292=AXIS2_PLACEMENT_3D('',#289,#290,#291);
#294=CARTESIAN_POINT('',(6.E0,-1.05E0,1.5E0));
#295=DIRECTION('',(1.E0,0.E0,0.E0));
#296=DIRECTION('',(0.E0,0.E0,-1.E0));
#297=AXIS2_PLACEMENT_3D('',#294,#295,#296);
#299=DIRECTION('',(0.E0,0.E0,1.E0));
#300=VECTOR('',#299,1.2E0);
#301=CARTESIAN_POINT('',(6.E0,-1.05E0,1.65E0));
#302=LINE('7776',#301,#300);
#303=CARTESIAN_POINT('',(6.E0,-1.05E0,3.E0));
#304=DIRECTION('',(1.E0,0.E0,0.E0));
#305=DIRECTION('',(0.E0,0.E0,-1.E0));
#306=AXIS2_PLACEMENT_3D('',#303,#304,#305);
#308=CARTESIAN_POINT('',(6.E0,-2.5E-1,2.55E0));
#309=DIRECTION('',(-1.E0,0.E0,0.E0));
#310=DIRECTION('',(0.E0,1.E0,0.E0));
#311=AXIS2_PLACEMENT_3D('',#308,#309,#310);
#313=CARTESIAN_POINT('',(6.E0,-1.E-1,2.5E0));
#314=DIRECTION('',(1.E0,0.E0,0.E0));
#315=DIRECTION('',(0.E0,0.E0,-1.E0));
#316=AXIS2_PLACEMENT_3D('',#313,#314,#315);
#318=CARTESIAN_POINT('',(6.E0,5.E-1,2.877491721764E0));
#319=DIRECTION('',(-1.E0,0.E0,0.E0));
#320=DIRECTION('',(0.E0,-7.272727272723E-1,-6.863485850251E-1));
#321=AXIS2_PLACEMENT_3D('',#318,#319,#320);
#323=DIRECTION('',(0.E0,-6.390326358511E-13,-1.E0));
#324=VECTOR('',#323,9.836293701517E-2);
#325=CARTESIAN_POINT('',(6.E0,6.283862319378E-14,2.648362937015E0));
#326=LINE('7781',#325,#324);
#327=CARTESIAN_POINT('',(6.E0,-3.5E-1,2.55E0));
#328=DIRECTION('',(-1.E0,0.E0,0.E0));
#329=DIRECTION('',(0.E0,0.E0,-1.E0));
#330=AXIS2_PLACEMENT_3D('',#327,#328,#329);
#332=CARTESIAN_POINT('',(6.E0,-4.E-1,2.5E0));
#333=DIRECTION('',(1.E0,0.E0,0.E0));
#334=DIRECTION('',(0.E0,-1.E0,0.E0));
#335=AXIS2_PLACEMENT_3D('',#332,#333,#334);
#337=CARTESIAN_POINT('',(5.6E0,-1.05E0,4.E0));
#338=DIRECTION('',(0.E0,0.E0,-1.E0));
#339=DIRECTION('',(1.E0,0.E0,0.E0));
#340=AXIS2_PLACEMENT_3D('',#337,#338,#339);
#342=DIRECTION('',(-1.E0,0.E0,0.E0));
#343=VECTOR('',#342,1.E-1);
#344=CARTESIAN_POINT('',(5.6E0,-1.25E0,4.E0));
#345=LINE('7815',#344,#343);
#346=DIRECTION('',(7.071067811877E-1,-7.071067811854E-1,0.E0));
#347=VECTOR('',#346,1.414213562373E-1);
#348=CARTESIAN_POINT('',(5.7E0,7.999999999999E-1,4.E0));
#349=LINE('7817',#348,#347);
#350=DIRECTION('',(0.E0,-1.E0,0.E0));
#351=VECTOR('',#350,5.921893180472E-1);
#352=CARTESIAN_POINT('',(6.E0,-7.810681952831E-3,4.E0));
#353=LINE('7784',#352,#351);
#354=DIRECTION('',(-1.E0,0.E0,0.E0));
#355=VECTOR('',#354,2.E-1);
#356=CARTESIAN_POINT('',(6.E0,-6.E-1,4.E0));
#357=LINE('7820',#356,#355);
#358=DIRECTION('',(0.E0,1.E0,0.E0));
#359=VECTOR('',#358,4.5E-1);
#360=CARTESIAN_POINT('',(5.8E0,-1.05E0,4.E0));
#361=LINE('7813',#360,#359);
#362=DIRECTION('',(0.E0,0.E0,1.E0));
#363=VECTOR('',#362,5.E-1);
#364=CARTESIAN_POINT('',(5.8E0,-6.E-1,4.E0));
#365=LINE('7808',#364,#363);
#366=DIRECTION('',(0.E0,0.E0,1.E0));
#367=VECTOR('',#366,6.E-1);
#368=CARTESIAN_POINT('',(6.E0,-6.E-1,4.E0));
#369=LINE('7805',#368,#367);
#370=DIRECTION('',(-7.071067811866E-1,0.E0,-7.071067811865E-1));
#371=VECTOR('',#370,1.414213562373E-1);
#372=CARTESIAN_POINT('',(5.9E0,-6.E-1,4.6E0));
#373=LINE('7807',#372,#371);
#374=DIRECTION('',(0.E0,1.E0,0.E0));
#375=VECTOR('',#374,5.E-1);
#376=CARTESIAN_POINT('',(5.9E0,-1.1E0,4.6E0));
#377=LINE('8592',#376,#375);
#378=DIRECTION('',(1.E0,0.E0,0.E0));
#379=VECTOR('',#378,1.E-1);
#380=CARTESIAN_POINT('',(5.9E0,-6.E-1,4.6E0));
#381=LINE('7806',#380,#379);
#382=DIRECTION('',(0.E0,-1.E0,0.E0));
#383=VECTOR('',#382,5.E-1);
#384=CARTESIAN_POINT('',(6.E0,-6.E-1,4.6E0));
#385=LINE('7789',#384,#383);
#386=DIRECTION('',(-1.E0,0.E0,0.E0));
#387=VECTOR('',#386,1.E-1);
#388=CARTESIAN_POINT('',(6.E0,-1.1E0,4.6E0));
#389=LINE('8594',#388,#387);
#390=DIRECTION('',(0.E0,1.E0,0.E0));
#391=VECTOR('',#390,5.E-1);
#392=CARTESIAN_POINT('',(5.8E0,-1.1E0,4.5E0));
#393=LINE('8591',#392,#391);
#394=DIRECTION('',(7.071067811866E-1,0.E0,7.071067811865E-1));
#395=VECTOR('',#394,1.414213562373E-1);
#396=CARTESIAN_POINT('',(5.8E0,-1.1E0,4.5E0));
#397=LINE('8593',#396,#395);
#398=DIRECTION('',(0.E0,0.E0,-1.E0));
#399=VECTOR('',#398,1.45E0);
#400=CARTESIAN_POINT('',(6.E0,-1.1E0,4.6E0));
#401=LINE('8595',#400,#399);
#402=DIRECTION('',(0.E0,0.E0,1.E0));
#403=VECTOR('',#402,1.35E0);
#404=CARTESIAN_POINT('',(5.8E0,-1.1E0,3.15E0));
#405=LINE('8596',#404,#403);
#406=DIRECTION('',(-3.552713678801E-14,-1.E0,0.E0));
#407=VECTOR('',#406,5.E-2);
#408=CARTESIAN_POINT('',(5.8E0,-1.05E0,3.15E0));
#409=LINE('8597',#408,#407);
#410=DIRECTION('',(1.E0,0.E0,0.E0));
#411=VECTOR('',#410,2.E-1);
#412=CARTESIAN_POINT('',(5.8E0,-1.1E0,3.15E0));
#413=LINE('8598',#412,#411);
#414=DIRECTION('',(0.E0,1.E0,0.E0));
#415=VECTOR('',#414,5.E-2);
#416=CARTESIAN_POINT('',(6.E0,-1.1E0,3.15E0));
#417=LINE('8599',#416,#415);
#418=DIRECTION('',(1.E0,0.E0,0.E0));
#419=VECTOR('',#418,2.E-1);
#420=CARTESIAN_POINT('',(5.8E0,-1.05E0,3.15E0));
#421=LINE('8600',#420,#419);
#422=DIRECTION('',(-1.E0,0.E0,0.E0));
#423=VECTOR('',#422,2.E-1);
#424=CARTESIAN_POINT('',(6.E0,-1.05E0,2.85E0));
#425=LINE('8601',#424,#423);
#426=CARTESIAN_POINT('',(5.8E0,-1.05E0,3.E0));
#427=DIRECTION('',(-1.E0,0.E0,0.E0));
#428=DIRECTION('',(0.E0,0.E0,1.E0));
#429=AXIS2_PLACEMENT_3D('',#426,#427,#428);
#431=DIRECTION('',(0.E0,0.E0,-1.E0));
#432=VECTOR('',#431,8.5E-1);
#433=CARTESIAN_POINT('',(5.8E0,-1.05E0,4.E0));
#434=LINE('8076',#433,#432);
#435=DIRECTION('',(0.E0,0.E0,-1.E0));
#436=VECTOR('',#435,3.E-1);
#437=CARTESIAN_POINT('',(5.8E0,-1.05E0,3.15E0));
#438=LINE('8077',#437,#436);
#439=DIRECTION('',(0.E0,0.E0,1.E0));
#440=VECTOR('',#439,1.15E0);
#441=CARTESIAN_POINT('',(5.6E0,-1.25E0,2.85E0));
#442=LINE('8079',#441,#440);
#443=DIRECTION('',(0.E0,1.E0,0.E0));
#444=VECTOR('',#443,1.E-1);
#445=CARTESIAN_POINT('',(5.5E0,7.E-1,3.1E0));
#446=LINE('8118',#445,#444);
#447=DIRECTION('',(0.E0,-1.E0,0.E0));
#448=VECTOR('',#447,2.05E0);
#449=CARTESIAN_POINT('',(5.5E0,8.E-1,4.E0));
#450=LINE('8120',#449,#448);
#451=DIRECTION('',(0.E0,0.E0,-1.E0));
#452=VECTOR('',#451,4.E-1);
#453=CARTESIAN_POINT('',(5.5E0,-1.25E0,4.E0));
#454=LINE('8121',#453,#452);
#455=CARTESIAN_POINT('',(5.5E0,6.E-1,3.6E0));
#456=DIRECTION('',(-1.E0,0.E0,0.E0));
#457=DIRECTION('',(0.E0,0.E0,1.E0));
#458=AXIS2_PLACEMENT_3D('',#455,#456,#457);
#460=DIRECTION('',(0.E0,0.E0,1.E0));
#461=VECTOR('',#460,5.E-1);
#462=CARTESIAN_POINT('',(5.5E0,7.E-1,3.1E0));
#463=LINE('8117',#462,#461);
#464=DIRECTION('',(0.E0,0.E0,1.E0));
#465=VECTOR('',#464,5.E-1);
#466=CARTESIAN_POINT('',(5.35E0,7.E-1,3.1E0));
#467=LINE('8139',#466,#465);
#468=CARTESIAN_POINT('',(5.35E0,6.E-1,3.6E0));
#469=DIRECTION('',(1.E0,0.E0,0.E0));
#470=DIRECTION('',(0.E0,1.E0,0.E0));
#471=AXIS2_PLACEMENT_3D('',#468,#469,#470);
#473=DIRECTION('',(0.E0,0.E0,1.E0));
#474=VECTOR('',#473,9.E-1);
#475=CARTESIAN_POINT('',(5.35E0,-1.25E0,3.1E0));
#476=LINE('8149',#475,#474);
#477=DIRECTION('',(0.E0,1.E0,0.E0));
#478=VECTOR('',#477,2.05E0);
#479=CARTESIAN_POINT('',(5.35E0,-1.25E0,4.E0));
#480=LINE('7688',#479,#478);
#481=DIRECTION('',(0.E0,0.E0,-1.E0));
#482=VECTOR('',#481,9.E-1);
#483=CARTESIAN_POINT('',(5.35E0,8.E-1,4.E0));
#484=LINE('7703',#483,#482);
#485=DIRECTION('',(1.776356839400E-14,-1.E0,0.E0));
#486=VECTOR('',#485,1.E-1);
#487=CARTESIAN_POINT('',(5.35E0,8.E-1,3.1E0));
#488=LINE('7854',#487,#486);
#489=DIRECTION('',(1.E0,0.E0,0.E0));
#490=VECTOR('',#489,1.5E-1);
#491=CARTESIAN_POINT('',(5.35E0,7.E-1,3.6E0));
#492=LINE('8152',#491,#490);
#493=DIRECTION('',(0.E0,1.E0,0.E0));
#494=VECTOR('',#493,7.5E-1);
#495=CARTESIAN_POINT('',(5.35E0,-1.5E-1,3.7E0));
#496=LINE('8141',#495,#494);
#497=DIRECTION('',(1.E0,2.220446049250E-14,0.E0));
#498=VECTOR('',#497,1.5E-1);
#499=CARTESIAN_POINT('',(5.35E0,6.E-1,3.7E0));
#500=LINE('8153',#499,#498);
#501=DIRECTION('',(0.E0,-1.E0,0.E0));
#502=VECTOR('',#501,7.5E-1);
#503=CARTESIAN_POINT('',(5.5E0,6.E-1,3.7E0));
#504=LINE('8128',#503,#502);
#505=DIRECTION('',(0.E0,0.E0,-1.E0));
#506=VECTOR('',#505,2.E-1);
#507=CARTESIAN_POINT('',(5.35E0,-1.5E-1,3.9E0));
#508=LINE('8142',#507,#506);
#509=DIRECTION('',(1.E0,0.E0,0.E0));
#510=VECTOR('',#509,1.5E-1);
#511=CARTESIAN_POINT('',(5.35E0,-1.5E-1,3.7E0));
#512=LINE('8154',#511,#510);
#513=DIRECTION('',(0.E0,0.E0,1.E0));
#514=VECTOR('',#513,2.E-1);
#515=CARTESIAN_POINT('',(5.5E0,-1.5E-1,3.7E0));
#516=LINE('8127',#515,#514);
#517=DIRECTION('',(0.E0,1.E0,0.E0));
#518=VECTOR('',#517,6.E-1);
#519=CARTESIAN_POINT('',(5.35E0,-7.5E-1,3.9E0));
#520=LINE('8143',#519,#518);
#521=DIRECTION('',(1.E0,0.E0,0.E0));
#522=VECTOR('',#521,1.5E-1);
#523=CARTESIAN_POINT('',(5.35E0,-1.5E-1,3.9E0));
#524=LINE('8155',#523,#522);
#525=DIRECTION('',(0.E0,-1.E0,0.E0));
#526=VECTOR('',#525,6.E-1);
#527=CARTESIAN_POINT('',(5.5E0,-1.5E-1,3.9E0));
#528=LINE('8126',#527,#526);
#529=DIRECTION('',(0.E0,0.E0,1.E0));
#530=VECTOR('',#529,2.E-1);
#531=CARTESIAN_POINT('',(5.35E0,-7.5E-1,3.7E0));
#532=LINE('8144',#531,#530);
#533=DIRECTION('',(1.E0,0.E0,0.E0));
#534=VECTOR('',#533,1.5E-1);
#535=CARTESIAN_POINT('',(5.35E0,-7.5E-1,3.9E0));
#536=LINE('8156',#535,#534);
#537=DIRECTION('',(0.E0,0.E0,-1.E0));
#538=VECTOR('',#537,2.E-1);
#539=CARTESIAN_POINT('',(5.5E0,-7.5E-1,3.9E0));
#540=LINE('8125',#539,#538);
#541=DIRECTION('',(0.E0,1.E0,0.E0));
#542=VECTOR('',#541,4.E-1);
#543=CARTESIAN_POINT('',(5.35E0,-1.15E0,3.7E0));
#544=LINE('8145',#543,#542);
#545=DIRECTION('',(1.E0,0.E0,0.E0));
#546=VECTOR('',#545,1.5E-1);
#547=CARTESIAN_POINT('',(5.35E0,-7.5E-1,3.7E0));
#548=LINE('8157',#547,#546);
#549=DIRECTION('',(0.E0,-1.E0,0.E0));
#550=VECTOR('',#549,4.E-1);
#551=CARTESIAN_POINT('',(5.5E0,-7.5E-1,3.7E0));
#552=LINE('8124',#551,#550);
#553=DIRECTION('',(0.E0,0.E0,1.E0));
#554=VECTOR('',#553,1.E-1);
#555=CARTESIAN_POINT('',(5.35E0,-1.15E0,3.6E0));
#556=LINE('8146',#555,#554);
#557=DIRECTION('',(1.E0,0.E0,0.E0));
#558=VECTOR('',#557,1.5E-1);
#559=CARTESIAN_POINT('',(5.35E0,-1.15E0,3.7E0));
#560=LINE('8158',#559,#558);
#561=DIRECTION('',(0.E0,0.E0,-1.E0));
#562=VECTOR('',#561,1.E-1);
#563=CARTESIAN_POINT('',(5.5E0,-1.15E0,3.7E0));
#564=LINE('8123',#563,#562);
#565=CARTESIAN_POINT('',(5.65E0,-1.15E0,3.6E0));
#566=DIRECTION('',(0.E0,0.E0,1.E0));
#567=DIRECTION('',(-7.453559924999E-1,-6.666666666667E-1,0.E0));
#568=AXIS2_PLACEMENT_3D('',#565,#566,#567);
#570=CARTESIAN_POINT('',(5.65E0,-1.15E0,3.6E0));
#571=DIRECTION('',(0.E0,0.E0,-1.E0));
#572=DIRECTION('',(0.E0,-1.E0,0.E0));
#573=AXIS2_PLACEMENT_3D('',#570,#571,#572);
#575=DIRECTION('',(1.E0,0.E0,0.E0));
#576=VECTOR('',#575,1.5E-1);
#577=CARTESIAN_POINT('',(5.35E0,-1.15E0,3.6E0));
#578=LINE('8164',#577,#576);
#579=DIRECTION('',(0.E0,-1.E0,0.E0));
#580=VECTOR('',#579,1.E-1);
#581=CARTESIAN_POINT('',(5.5E0,-1.15E0,3.6E0));
#582=LINE('8122',#581,#580);
#583=DIRECTION('',(1.E0,0.E0,-1.162640645425E-14));
#584=VECTOR('',#583,3.819660112501E-2);
#585=CARTESIAN_POINT('',(5.5E0,-1.25E0,3.6E0));
#586=LINE('7767',#585,#584);
#587=DIRECTION('',(0.E0,0.E0,-1.E0));
#588=VECTOR('',#587,4.E-1);
#589=CARTESIAN_POINT('',(5.538196601125E0,-1.25E0,3.6E0));
#590=LINE('7766',#589,#588);
#591=CARTESIAN_POINT('',(5.65E0,-1.15E0,3.2E0));
#592=DIRECTION('',(0.E0,0.E0,1.E0));
#593=DIRECTION('',(-1.E0,0.E0,0.E0));
#594=AXIS2_PLACEMENT_3D('',#591,#592,#593);
#596=CARTESIAN_POINT('',(5.65E0,-1.15E0,3.2E0));
#597=DIRECTION('',(0.E0,0.E0,-1.E0));
#598=DIRECTION('',(-6.667259337216E-12,-1.E0,0.E0));
#599=AXIS2_PLACEMENT_3D('',#596,#597,#598);
#601=DIRECTION('',(-1.E0,0.E0,0.E0));
#602=VECTOR('',#601,3.819660112501E-2);
#603=CARTESIAN_POINT('',(5.538196601125E0,-1.25E0,3.2E0));
#604=LINE('7765',#603,#602);
#605=DIRECTION('',(0.E0,1.E0,0.E0));
#606=VECTOR('',#605,1.E-1);
#607=CARTESIAN_POINT('',(5.5E0,-1.25E0,3.2E0));
#608=LINE('8130',#607,#606);
#609=DIRECTION('',(0.E0,0.E0,1.E0));
#610=VECTOR('',#609,4.E-1);
#611=CARTESIAN_POINT('',(5.35E0,-1.15E0,3.2E0));
#612=LINE('8147',#611,#610);
#613=DIRECTION('',(-1.E0,0.E0,0.E0));
#614=VECTOR('',#613,3.499999999997E-1);
#615=CARTESIAN_POINT('',(6.E0,-1.45E0,3.2E0));
#616=LINE('8167',#615,#614);
#617=DIRECTION('',(-6.816769371198E-13,0.E0,1.E0));
#618=VECTOR('',#617,4.E-1);
#619=CARTESIAN_POINT('',(5.65E0,-1.45E0,3.2E0));
#620=LINE('8169',#619,#618);
#621=DIRECTION('',(1.E0,0.E0,0.E0));
#622=VECTOR('',#621,3.5E-1);
#623=CARTESIAN_POINT('',(5.65E0,-1.45E0,3.6E0));
#624=LINE('8162',#623,#622);
#625=DIRECTION('',(0.E0,-1.E0,0.E0));
#626=VECTOR('',#625,1.5E-1);
#627=CARTESIAN_POINT('',(6.E0,-1.3E0,3.2E0));
#628=LINE('8171',#627,#626);
#629=DIRECTION('',(0.E0,0.E0,1.E0));
#630=VECTOR('',#629,4.E-1);
#631=CARTESIAN_POINT('',(6.E0,-1.45E0,3.2E0));
#632=LINE('8172',#631,#630);
#633=DIRECTION('',(0.E0,1.E0,0.E0));
#634=VECTOR('',#633,1.5E-1);
#635=CARTESIAN_POINT('',(6.E0,-1.45E0,3.6E0));
#636=LINE('8161',#635,#634);
#637=DIRECTION('',(1.E0,0.E0,0.E0));
#638=VECTOR('',#637,3.500000000007E-1);
#639=CARTESIAN_POINT('',(5.649999999999E0,-1.3E0,3.2E0));
#640=LINE('8173',#639,#638);
#641=DIRECTION('',(0.E0,0.E0,1.E0));
#642=VECTOR('',#641,4.E-1);
#643=CARTESIAN_POINT('',(6.E0,-1.3E0,3.2E0));
#644=LINE('8170',#643,#642);
#645=DIRECTION('',(-1.E0,0.E0,0.E0));
#646=VECTOR('',#645,3.500000000010E-1);
#647=CARTESIAN_POINT('',(6.E0,-1.3E0,3.6E0));
#648=LINE('8160',#647,#646);
#649=DIRECTION('',(7.416289804496E-13,0.E0,-1.E0));
#650=VECTOR('',#649,4.E-1);
#651=CARTESIAN_POINT('',(5.649999999999E0,-1.3E0,3.6E0));
#652=LINE('8165',#651,#650);
#653=DIRECTION('',(-1.776356839400E-14,0.E0,-1.E0));
#654=VECTOR('',#653,1.E-1);
#655=CARTESIAN_POINT('',(5.5E0,-1.25E0,3.2E0));
#656=LINE('8131',#655,#654);
#657=DIRECTION('',(1.E0,0.E0,0.E0));
#658=VECTOR('',#657,1.5E-1);
#659=CARTESIAN_POINT('',(5.35E0,-1.15E0,3.1E0));
#660=LINE('8175',#659,#658);
#661=DIRECTION('',(0.E0,-1.E0,0.E0));
#662=VECTOR('',#661,1.E-1);
#663=CARTESIAN_POINT('',(5.5E0,-1.15E0,3.1E0));
#664=LINE('8132',#663,#662);
#665=DIRECTION('',(-1.E0,0.E0,0.E0));
#666=VECTOR('',#665,1.5E-1);
#667=CARTESIAN_POINT('',(5.5E0,-1.25E0,3.1E0));
#668=LINE('8176',#667,#666);
#669=DIRECTION('',(0.E0,1.E0,0.E0));
#670=VECTOR('',#669,1.E-1);
#671=CARTESIAN_POINT('',(5.35E0,-1.25E0,3.1E0));
#672=LINE('8177',#671,#670);
#673=DIRECTION('',(1.776356839400E-14,0.E0,1.E0));
#674=VECTOR('',#673,1.E-1);
#675=CARTESIAN_POINT('',(5.35E0,-1.15E0,3.1E0));
#676=LINE('8148',#675,#674);
#677=DIRECTION('',(1.E0,0.E0,0.E0));
#678=VECTOR('',#677,1.5E-1);
#679=CARTESIAN_POINT('',(5.35E0,-1.15E0,3.2E0));
#680=LINE('8174',#679,#678);
#681=DIRECTION('',(0.E0,0.E0,-1.E0));
#682=VECTOR('',#681,1.E-1);
#683=CARTESIAN_POINT('',(5.5E0,-1.15E0,3.2E0));
#684=LINE('8133',#683,#682);
#685=DIRECTION('',(0.E0,1.E0,0.E0));
#686=VECTOR('',#685,1.95E0);
#687=CARTESIAN_POINT('',(5.15E0,-1.15E0,4.E0));
#688=LINE('7687',#687,#686);
#689=CARTESIAN_POINT('',(4.85E0,-1.15E0,4.E0));
#690=DIRECTION('',(0.E0,0.E0,1.E0));
#691=DIRECTION('',(9.428090415822E-1,-3.333333333329E-1,0.E0));
#692=AXIS2_PLACEMENT_3D('',#689,#690,#691);
#694=DIRECTION('',(0.E0,9.428090415830E-1,-3.333333333307E-1));
#695=VECTOR('',#694,1.414213562372E-1);
#696=CARTESIAN_POINT('',(5.15E0,-9.500000000001E-1,4.6E0));
#697=LINE('7682',#696,#695);
#698=CARTESIAN_POINT('',(5.15E0,-8.E-1,4.6E0));
#699=DIRECTION('',(1.E0,0.E0,0.E0));
#700=DIRECTION('',(0.E0,-3.333333333346E-1,-9.428090415816E-1));
#701=AXIS2_PLACEMENT_3D('',#698,#699,#700);
#703=CARTESIAN_POINT('',(5.15E0,-1.E-1,4.6E0));
#704=DIRECTION('',(1.E0,0.E0,0.E0));
#705=DIRECTION('',(0.E0,-1.E0,0.E0));
#706=AXIS2_PLACEMENT_3D('',#703,#704,#705);
#708=DIRECTION('',(0.E0,9.428090415828E-1,3.333333333311E-1));
#709=VECTOR('',#708,1.414213562371E-1);
#710=CARTESIAN_POINT('',(5.15E0,-8.333333333315E-2,4.552859547921E0));
#711=LINE('7685',#710,#709);
#712=CARTESIAN_POINT('',(5.15E0,6.E-1,4.4E0));
#713=DIRECTION('',(-1.E0,0.E0,0.E0));
#714=DIRECTION('',(0.E0,0.E0,1.E0));
#715=AXIS2_PLACEMENT_3D('',#712,#713,#714);
#717=DIRECTION('',(0.E0,-4.625929269271E-14,-1.E0));
#718=VECTOR('',#717,6.E-1);
#719=CARTESIAN_POINT('',(5.15E0,-1.15E0,4.6E0));
#720=LINE('8623',#719,#718);
#721=CARTESIAN_POINT('',(4.85E0,-1.15E0,4.E0));
#722=DIRECTION('',(0.E0,0.E0,-1.E0));
#723=DIRECTION('',(7.453559924999E-1,-6.666666666667E-1,0.E0));
#724=AXIS2_PLACEMENT_3D('',#721,#722,#723);
#726=CARTESIAN_POINT('',(4.85E0,-1.15E0,4.E0));
#727=DIRECTION('',(0.E0,0.E0,1.E0));
#728=DIRECTION('',(0.E0,-1.E0,0.E0));
#729=AXIS2_PLACEMENT_3D('',#726,#727,#728);
#731=DIRECTION('',(-1.E0,3.375340795367E-14,0.E0));
#732=VECTOR('',#731,1.710393135998E-1);
#733=CARTESIAN_POINT('',(5.132842712475E0,-1.25E0,4.E0));
#734=LINE('7764',#733,#732);
#735=CARTESIAN_POINT('',(4.961803398875E0,-1.25E0,4.538196601125E0));
#736=CARTESIAN_POINT('',(4.985129430320E0,-1.223920704022E0,4.514870569680E0));
#737=CARTESIAN_POINT('',(5.E0,-1.192051601213E0,4.5E0));
#738=CARTESIAN_POINT('',(5.E0,-1.15E0,4.5E0));
#740=DIRECTION('',(3.552713678801E-14,1.156186257845E-11,1.E0));
#741=VECTOR('',#740,9.999999999999E-2);
#742=CARTESIAN_POINT('',(5.E0,-1.15E0,4.5E0));
#743=LINE('7734',#742,#741);
#744=DIRECTION('',(5.773502691897E-1,5.773502691889E-1,-5.773502691904E-1));
#745=VECTOR('',#744,1.732050807569E-1);
#746=CARTESIAN_POINT('',(4.9E0,-9.999999999993E-2,4.6E0));
#747=LINE('7732',#746,#745);
#748=DIRECTION('',(0.E0,-1.E0,5.020138893958E-14));
#749=VECTOR('',#748,1.15E0);
#750=CARTESIAN_POINT('',(5.E0,-7.052691763931E-14,4.5E0));
#751=LINE('7733',#750,#749);
#752=DIRECTION('',(1.E0,0.E0,0.E0));
#753=VECTOR('',#752,9.85E0);
#754=CARTESIAN_POINT('',(-4.85E0,-5.583034035084E-14,4.5E0));
#755=LINE('7727',#754,#753);
#756=DIRECTION('',(0.E0,-2.735658921615E-14,1.E0));
#757=VECTOR('',#756,2.4E0);
#758=CARTESIAN_POINT('',(5.E0,0.E0,2.1E0));
#759=LINE('7706',#758,#757);
#760=DIRECTION('',(-4.001554117450E-14,0.E0,1.E0));
#761=VECTOR('',#760,3.307179676971E0);
#762=CARTESIAN_POINT('',(5.E0,8.E-1,1.092820323029E0));
#763=LINE('7691',#762,#761);
#764=CARTESIAN_POINT('',(5.E0,6.E-1,4.4E0));
#765=DIRECTION('',(1.E0,0.E0,0.E0));
#766=DIRECTION('',(0.E0,1.E0,0.E0));
#767=AXIS2_PLACEMENT_3D('',#764,#765,#766);
#769=DIRECTION('',(0.E0,-9.428090415829E-1,-3.333333333310E-1));
#770=VECTOR('',#769,1.414213562371E-1);
#771=CARTESIAN_POINT('',(5.E0,5.000000000005E-2,4.6E0));
#772=LINE('7708',#771,#770);
#773=CARTESIAN_POINT('',(5.E0,-1.E-1,4.6E0));
#774=DIRECTION('',(-1.E0,0.E0,0.E0));
#775=DIRECTION('',(0.E0,3.333333333360E-1,-9.428090415811E-1));
#776=AXIS2_PLACEMENT_3D('',#773,#774,#775);
#778=CARTESIAN_POINT('',(5.E0,-8.E-1,4.6E0));
#779=DIRECTION('',(-1.E0,0.E0,0.E0));
#780=DIRECTION('',(0.E0,1.E0,0.E0));
#781=AXIS2_PLACEMENT_3D('',#778,#779,#780);
#783=DIRECTION('',(0.E0,-9.428090415830E-1,3.333333333307E-1));
#784=VECTOR('',#783,1.414213562373E-1);
#785=CARTESIAN_POINT('',(5.E0,-8.166666666666E-1,4.552859547921E0));
#786=LINE('7711',#785,#784);
#787=CARTESIAN_POINT('',(4.8E0,0.E0,1.092820323028E0));
#788=DIRECTION('',(0.E0,1.E0,0.E0));
#789=DIRECTION('',(1.E0,0.E0,-4.605839519297E-13));
#790=AXIS2_PLACEMENT_3D('',#787,#788,#789);
#792=DIRECTION('',(-8.660254037841E-1,0.E0,-5.000000000006E-1));
#793=VECTOR('',#792,1.732050807590E-1);
#794=CARTESIAN_POINT('',(4.975000000001E0,0.E0,7.897114317038E-1));
#795=LINE('8575',#794,#793);
#796=CARTESIAN_POINT('',(5.E0,0.E0,4.E-1));
#797=DIRECTION('',(0.E0,-1.E0,0.E0));
#798=DIRECTION('',(-5.000000000003E-1,0.E0,8.660254037843E-1));
#799=AXIS2_PLACEMENT_3D('',#796,#797,#798);
#801=CARTESIAN_POINT('',(4.75E0,0.E0,-2.538348415311E-1));
#802=DIRECTION('',(0.E0,1.E0,0.E0));
#803=DIRECTION('',(3.571428569614E-1,0.E0,9.340497736852E-1));
#804=AXIS2_PLACEMENT_3D('',#801,#802,#803);
#806=CARTESIAN_POINT('',(4.75E0,0.E0,-2.538348415311E-1));
#807=DIRECTION('',(0.E0,-1.E0,0.E0));
#808=DIRECTION('',(1.E0,0.E0,-6.499523141912E-12));
#809=AXIS2_PLACEMENT_3D('',#806,#807,#808);
#811=CARTESIAN_POINT('',(5.E0,0.E0,4.E-1));
#812=DIRECTION('',(0.E0,1.E0,0.E0));
#813=DIRECTION('',(-3.571428571294E-1,0.E0,-9.340497736210E-1));
#814=AXIS2_PLACEMENT_3D('',#811,#812,#813);
#816=DIRECTION('',(8.660254037845E-1,0.E0,4.999999999999E-1));
#817=VECTOR('',#816,1.732050807606E-1);
#818=CARTESIAN_POINT('',(4.749999999998E0,0.E0,8.330127018910E-1));
#819=LINE('7841',#818,#817);
#820=CARTESIAN_POINT('',(4.8E0,0.E0,1.092820323028E0));
#821=DIRECTION('',(0.E0,-1.E0,0.E0));
#822=DIRECTION('',(5.000000000035E-1,0.E0,-8.660254037824E-1));
#823=AXIS2_PLACEMENT_3D('',#820,#821,#822);
#825=DIRECTION('',(-2.627904187531E-13,0.E0,1.E0));
#826=VECTOR('',#825,1.007179676970E0);
#827=CARTESIAN_POINT('',(5.E0,0.E0,1.092820323030E0));
#828=LINE('7843',#827,#826);
#829=DIRECTION('',(1.E0,3.247402347029E-14,0.E0));
#830=VECTOR('',#829,1.5E-1);
#831=CARTESIAN_POINT('',(5.E0,0.E0,2.1E0));
#832=LINE('7828',#831,#830);
#833=DIRECTION('',(0.E0,0.E0,1.E0));
#834=VECTOR('',#833,1.E0);
#835=CARTESIAN_POINT('',(5.15E0,0.E0,2.1E0));
#836=LINE('7724',#835,#834);
#837=DIRECTION('',(1.327502111379E-13,0.E0,-1.E0));
#838=VECTOR('',#837,2.007179676975E0);
#839=CARTESIAN_POINT('',(5.15E0,8.E-1,3.1E0));
#840=LINE('7847',#839,#838);
#841=DIRECTION('',(0.E0,-1.E0,2.621514116896E-12));
#842=VECTOR('',#841,8.E-1);
#843=CARTESIAN_POINT('',(5.15E0,8.E-1,1.092820323025E0));
#844=LINE('7845',#843,#842);
#845=DIRECTION('',(-2.645541128381E-13,0.E0,1.E0));
#846=VECTOR('',#845,1.007179676972E0);
#847=CARTESIAN_POINT('',(5.15E0,0.E0,1.092820323028E0));
#848=LINE('7844',#847,#846);
#849=DIRECTION('',(7.071067811865E-1,0.E0,7.071067811865E-1));
#850=VECTOR('',#849,1.414213562373E-1);
#851=CARTESIAN_POINT('',(5.7E0,0.E0,2.1E0));
#852=LINE('7725',#851,#850);
#853=DIRECTION('',(0.E0,-1.E0,0.E0));
#854=VECTOR('',#853,1.5E-1);
#855=CARTESIAN_POINT('',(5.8E0,-1.E-1,2.3E0));
#856=LINE('7798',#855,#854);
#857=CARTESIAN_POINT('',(5.8E0,-2.5E-1,2.55E0));
#858=DIRECTION('',(1.E0,0.E0,0.E0));
#859=DIRECTION('',(0.E0,0.E0,-1.E0));
#860=AXIS2_PLACEMENT_3D('',#857,#858,#859);
#862=DIRECTION('',(0.E0,0.E0,-1.E0));
#863=VECTOR('',#862,2.232050807570E-1);
#864=CARTESIAN_POINT('',(5.8E0,0.E0,2.55E0));
#865=LINE('7800',#864,#863);
#866=CARTESIAN_POINT('',(5.8E0,-1.E-1,2.5E0));
#867=DIRECTION('',(-1.E0,0.E0,0.E0));
#868=DIRECTION('',(0.E0,4.999999999998E-1,-8.660254037846E-1));
#869=AXIS2_PLACEMENT_3D('',#866,#867,#868);
#871=DIRECTION('',(-1.E0,0.E0,0.E0));
#872=VECTOR('',#871,2.E-1);
#873=CARTESIAN_POINT('',(6.E0,-2.5E-1,2.3E0));
#874=LINE('7790',#873,#872);
#875=DIRECTION('',(0.E0,-1.E0,0.E0));
#876=VECTOR('',#875,1.5E-1);
#877=CARTESIAN_POINT('',(6.E0,-1.E-1,2.3E0));
#878=LINE('7792',#877,#876);
#879=DIRECTION('',(-1.E0,0.E0,0.E0));
#880=VECTOR('',#879,2.E-1);
#881=CARTESIAN_POINT('',(6.E0,0.E0,2.55E0));
#882=LINE('7791',#881,#880);
#883=DIRECTION('',(1.E0,-8.888723090905E-14,5.107025913276E-14));
#884=VECTOR('',#883,2.E-1);
#885=CARTESIAN_POINT('',(5.8E0,1.E-1,2.5E0));
#886=LINE('8589',#885,#884);
#887=DIRECTION('',(-1.E0,0.E0,0.E0));
#888=VECTOR('',#887,2.E-1);
#889=CARTESIAN_POINT('',(6.E0,-1.E-1,2.3E0));
#890=LINE('8590',#889,#888);
#891=DIRECTION('',(2.101452704105E-14,1.053462618594E-14,-1.E0));
#892=VECTOR('',#891,1.267949192430E-1);
#893=CARTESIAN_POINT('',(5.8E0,0.E0,2.326794919243E0));
#894=LINE('7726',#893,#892);
#895=DIRECTION('',(0.E0,1.248365790913E-13,-1.E0));
#896=VECTOR('',#895,4.516370629850E-1);
#897=CARTESIAN_POINT('',(5.8E0,0.E0,3.1E0));
#898=LINE('7723',#897,#896);
#899=CARTESIAN_POINT('',(5.8E0,5.E-1,2.877491721764E0));
#900=DIRECTION('',(1.E0,0.E0,0.E0));
#901=DIRECTION('',(0.E0,-9.090909090901E-1,-4.165977904523E-1));
#902=AXIS2_PLACEMENT_3D('',#899,#900,#901);
#904=CARTESIAN_POINT('',(5.8E0,-1.E-1,2.5E0));
#905=DIRECTION('',(-1.E0,0.E0,0.E0));
#906=DIRECTION('',(0.E0,1.E0,-1.532107773983E-13));
#907=AXIS2_PLACEMENT_3D('',#904,#905,#906);
#909=DIRECTION('',(0.E0,1.E0,0.E0));
#910=VECTOR('',#909,2.E-1);
#911=CARTESIAN_POINT('',(5.8E0,-2.E-1,2.2E0));
#912=LINE('7827',#911,#910);
#913=DIRECTION('',(-1.E0,0.E0,0.E0));
#914=VECTOR('',#913,8.5E-1);
#915=CARTESIAN_POINT('',(5.E0,0.E0,2.1E0));
#916=LINE('7829',#915,#914);
#917=DIRECTION('',(0.E0,1.E0,0.E0));
#918=VECTOR('',#917,2.E-1);
#919=CARTESIAN_POINT('',(5.7E0,-2.E-1,2.1E0));
#920=LINE('7833',#919,#918);
#921=DIRECTION('',(-1.E0,0.E0,0.E0));
#922=VECTOR('',#921,5.5E-1);
#923=CARTESIAN_POINT('',(5.7E0,0.E0,2.1E0));
#924=LINE('7834',#923,#922);
#925=DIRECTION('',(0.E0,7.071067811861E-1,-7.071067811870E-1));
#926=VECTOR('',#925,1.414213562373E-1);
#927=CARTESIAN_POINT('',(4.15E0,-8.499999999999E-1,1.1E0));
#928=LINE('8202',#927,#926);
#929=DIRECTION('',(0.E0,1.E0,-4.884981308351E-14));
#930=VECTOR('',#929,1.5E-1);
#931=CARTESIAN_POINT('',(4.15E0,-7.5E-1,1.E0));
#932=LINE('8057',#931,#930);
#933=DIRECTION('',(0.E0,0.E0,1.E0));
#934=VECTOR('',#933,2.1E0);
#935=CARTESIAN_POINT('',(4.15E0,-2.E-1,0.E0));
#936=LINE('8114',#935,#934);
#937=DIRECTION('',(0.E0,1.E0,0.E0));
#938=VECTOR('',#937,2.E-1);
#939=CARTESIAN_POINT('',(4.15E0,-2.E-1,2.1E0));
#940=LINE('7830',#939,#938);
#941=DIRECTION('',(0.E0,0.E0,1.E0));
#942=VECTOR('',#941,2.E0);
#943=CARTESIAN_POINT('',(4.15E0,0.E0,2.1E0));
#944=LINE('7721',#943,#942);
#945=DIRECTION('',(0.E0,0.E0,1.E0));
#946=VECTOR('',#945,3.E0);
#947=CARTESIAN_POINT('',(4.15E0,-1.E0,1.1E0));
#948=LINE('8205',#947,#946);
#949=DIRECTION('',(-1.E0,0.E0,0.E0));
#950=VECTOR('',#949,6.E-1);
#951=CARTESIAN_POINT('',(4.15E0,0.E0,4.1E0));
#952=LINE('7720',#951,#950);
#953=DIRECTION('',(1.E0,0.E0,0.E0));
#954=VECTOR('',#953,6.E-1);
#955=CARTESIAN_POINT('',(3.55E0,-1.E0,4.1E0));
#956=LINE('8206',#955,#954);
#957=DIRECTION('',(0.E0,1.E0,0.E0));
#958=VECTOR('',#957,1.E0);
#959=CARTESIAN_POINT('',(4.15E0,-1.E0,4.1E0));
#960=LINE('8207',#959,#958);
#961=DIRECTION('',(0.E0,-7.071067811861E-1,7.071067811870E-1));
#962=VECTOR('',#961,1.414213562373E-1);
#963=CARTESIAN_POINT('',(3.55E0,-7.5E-1,1.E0));
#964=LINE('8208',#963,#962);
#965=DIRECTION('',(0.E0,0.E0,1.E0));
#966=VECTOR('',#965,3.E0);
#967=CARTESIAN_POINT('',(3.55E0,-1.E0,1.1E0));
#968=LINE('8210',#967,#966);
#969=DIRECTION('',(0.E0,1.E0,0.E0));
#970=VECTOR('',#969,1.E0);
#971=CARTESIAN_POINT('',(3.55E0,-1.E0,4.1E0));
#972=LINE('8211',#971,#970);
#973=DIRECTION('',(0.E0,0.E0,-1.E0));
#974=VECTOR('',#973,3.1E0);
#975=CARTESIAN_POINT('',(3.55E0,0.E0,4.1E0));
#976=LINE('8212',#975,#974);
#977=DIRECTION('',(0.E0,-1.E0,0.E0));
#978=VECTOR('',#977,7.5E-1);
#979=CARTESIAN_POINT('',(3.55E0,0.E0,1.E0));
#980=LINE('8213',#979,#978);
#981=DIRECTION('',(-1.E0,0.E0,3.441691376337E-13));
#982=VECTOR('',#981,2.200000000001E-1);
#983=CARTESIAN_POINT('',(3.55E0,-7.5E-1,1.E0));
#984=LINE('8215',#983,#982);
#985=DIRECTION('',(0.E0,1.E0,0.E0));
#986=VECTOR('',#985,1.500000000001E-1);
#987=CARTESIAN_POINT('',(3.55E0,-1.E0,1.1E0));
#988=LINE('8209',#987,#986);
#989=DIRECTION('',(-1.E0,0.E0,6.476300976980E-14));
#990=VECTOR('',#989,1.2E-1);
#991=CARTESIAN_POINT('',(3.55E0,-8.499999999999E-1,1.1E0));
#992=LINE('8214',#991,#990);
#993=DIRECTION('',(-1.E0,2.109423746788E-14,0.E0));
#994=VECTOR('',#993,6.E-1);
#995=CARTESIAN_POINT('',(4.15E0,-1.E0,1.1E0));
#996=LINE('8219',#995,#994);
#997=DIRECTION('',(-1.E0,0.E0,2.701542693254E-13));
#998=VECTOR('',#997,1.2E-1);
#999=CARTESIAN_POINT('',(3.55E0,-1.E0,1.1E0));
#1000=LINE('8217',#999,#998);
#1001=DIRECTION('',(1.E0,0.E0,0.E0));
#1002=VECTOR('',#1001,1.04E0);
#1003=CARTESIAN_POINT('',(3.33E0,-1.1E0,1.E0));
#1004=LINE('8221',#1003,#1002);
#1005=DIRECTION('',(1.E0,1.036208156317E-13,2.701542693254E-13));
#1006=VECTOR('',#1005,1.2E-1);
#1007=CARTESIAN_POINT('',(4.15E0,-1.E0,1.1E0));
#1008=LINE('8218',#1007,#1006);
#1009=DIRECTION('',(0.E0,-1.E0,0.E0));
#1010=VECTOR('',#1009,1.500000000001E-1);
#1011=CARTESIAN_POINT('',(4.15E0,-8.499999999999E-1,1.1E0));
#1012=LINE('8224',#1011,#1010);
#1013=DIRECTION('',(0.E0,-1.E0,1.598721155459E-13));
#1014=VECTOR('',#1013,1.500000000001E-1);
#1015=CARTESIAN_POINT('',(4.27E0,-8.499999999999E-1,1.1E0));
#1016=LINE('8225',#1015,#1014);
#1017=DIRECTION('',(5.773502691898E-1,-5.773502691899E-1,-5.773502691891E-1));
#1018=VECTOR('',#1017,1.732050807569E-1);
#1019=CARTESIAN_POINT('',(4.27E0,-1.E0,1.1E0));
#1020=LINE('8222',#1019,#1018);
#1021=DIRECTION('',(0.E0,1.E0,-2.157004733557E-13));
#1022=VECTOR('',#1021,3.500000000001E-1);
#1023=CARTESIAN_POINT('',(4.37E0,-1.1E0,1.E0));
#1024=LINE('8226',#1023,#1022);
#1025=DIRECTION('',(1.E0,0.E0,0.E0));
#1026=VECTOR('',#1025,9.1E0);
#1027=CARTESIAN_POINT('',(-4.55E0,-1.25E0,1.E0));
#1028=LINE('8054',#1027,#1026);
#1029=DIRECTION('',(-1.E0,0.E0,0.E0));
#1030=VECTOR('',#1029,5.E-1);
#1031=CARTESIAN_POINT('',(3.55E0,0.E0,1.E0));
#1032=LINE('8058',#1031,#1030);
#1033=DIRECTION('',(-1.E0,0.E0,0.E0));
#1034=VECTOR('',#1033,5.E-1);
#1035=CARTESIAN_POINT('',(2.45E0,0.E0,1.E0));
#1036=LINE('8059',#1035,#1034);
#1037=DIRECTION('',(-1.E0,0.E0,0.E0));
#1038=VECTOR('',#1037,5.E-1);
#1039=CARTESIAN_POINT('',(1.35E0,0.E0,1.E0));
#1040=LINE('8060',#1039,#1038);
#1041=DIRECTION('',(-1.E0,0.E0,0.E0));
#1042=VECTOR('',#1041,5.E-1);
#1043=CARTESIAN_POINT('',(2.5E-1,0.E0,1.E0));
#1044=LINE('8061',#1043,#1042);
#1045=DIRECTION('',(-1.E0,0.E0,0.E0));
#1046=VECTOR('',#1045,5.E-1);
#1047=CARTESIAN_POINT('',(-8.5E-1,0.E0,1.E0));
#1048=LINE('8062',#1047,#1046);
#1049=DIRECTION('',(-1.E0,0.E0,0.E0));
#1050=VECTOR('',#1049,5.E-1);
#1051=CARTESIAN_POINT('',(-1.95E0,0.E0,1.E0));
#1052=LINE('8063',#1051,#1050);
#1053=DIRECTION('',(-1.E0,0.E0,0.E0));
#1054=VECTOR('',#1053,5.E-1);
#1055=CARTESIAN_POINT('',(-3.05E0,0.E0,1.E0));
#1056=LINE('8064',#1055,#1054);
#1057=DIRECTION('',(0.E0,-1.E0,0.E0));
#1058=VECTOR('',#1057,6.5E-1);
#1059=CARTESIAN_POINT('',(-4.55E0,-6.E-1,1.E0));
#1060=LINE('8051',#1059,#1058);
#1061=DIRECTION('',(0.E0,7.071067790816E-1,-7.071067832915E-1));
#1062=VECTOR('',#1061,1.414213583509E-1);
#1063=CARTESIAN_POINT('',(4.55E0,-1.249999999999E0,1.000000017913E-1));
#1064=LINE('8069',#1063,#1062);
#1065=DIRECTION('',(0.E0,-1.E0,0.E0));
#1066=VECTOR('',#1065,6.5E-1);
#1067=CARTESIAN_POINT('',(4.55E0,-6.E-1,1.E0));
#1068=LINE('8055',#1067,#1066);
#1069=DIRECTION('',(0.E0,1.507929586670E-12,-1.E0));
#1070=VECTOR('',#1069,8.999999982087E-1);
#1071=CARTESIAN_POINT('',(4.55E0,-1.25E0,1.E0));
#1072=LINE('8071',#1071,#1070);
#1073=DIRECTION('',(1.E0,-3.814937783664E-13,4.186568565368E-8));
#1074=VECTOR('',#1073,1.05E0);
#1075=CARTESIAN_POINT('',(4.55E0,-1.249999999999E0,1.000000017913E-1));
#1076=LINE('7738',#1075,#1074);
#1077=DIRECTION('',(-3.140179533631E-14,-7.071066744137E-1,7.071068879594E-1));
#1078=VECTOR('',#1077,1.414215986997E-1);
#1079=CARTESIAN_POINT('',(5.6E0,-1.149999843652E0,-1.407964705634E-7));
#1080=LINE('8075',#1079,#1078);
#1081=DIRECTION('',(2.153210301878E-9,-2.431992463799E-11,-1.E0));
#1082=VECTOR('',#1081,1.249999959629E0);
#1083=CARTESIAN_POINT('',(5.8E0,-1.050000000008E0,1.35E0));
#1084=LINE('8080',#1083,#1082);
#1085=CARTESIAN_POINT('',(5.6E0,-1.05E0,1.000000861245E-1));
#1086=DIRECTION('',(0.E0,0.E0,-1.E0));
#1087=DIRECTION('',(1.E0,0.E0,0.E0));
#1088=AXIS2_PLACEMENT_3D('',#1085,#1086,#1087);
#1090=DIRECTION('',(0.E0,-6.171407653235E-13,1.E0));
#1091=VECTOR('',#1090,1.549999954250E0);
#1092=CARTESIAN_POINT('',(5.6E0,-1.249999999999E0,1.000000457503E-1));
#1093=LINE('8081',#1092,#1091);
#1094=DIRECTION('',(0.E0,-2.533750986800E-11,-1.E0));
#1095=VECTOR('',#1094,3.E-1);
#1096=CARTESIAN_POINT('',(5.8E0,-1.05E0,1.65E0));
#1097=LINE('8083',#1096,#1095);
#1098=CARTESIAN_POINT('',(5.6E0,-1.05E0,1.65E0));
#1099=DIRECTION('',(0.E0,0.E0,-1.E0));
#1100=DIRECTION('',(1.E0,2.553512956638E-14,0.E0));
#1101=AXIS2_PLACEMENT_3D('',#1098,#1099,#1100);
#1103=DIRECTION('',(-1.E0,0.E0,0.E0));
#1104=VECTOR('',#1103,4.E-1);
#1105=CARTESIAN_POINT('',(5.6E0,-1.25E0,1.65E0));
#1106=LINE('7737',#1105,#1104);
#1107=DIRECTION('',(6.217248937901E-14,-1.E0,0.E0));
#1108=VECTOR('',#1107,2.E-1);
#1109=CARTESIAN_POINT('',(5.2E0,-1.25E0,1.65E0));
#1110=LINE('7772',#1109,#1108);
#1111=CARTESIAN_POINT('',(5.6E0,-1.05E0,1.65E0));
#1112=DIRECTION('',(0.E0,0.E0,1.E0));
#1113=DIRECTION('',(0.E0,-1.E0,0.E0));
#1114=AXIS2_PLACEMENT_3D('',#1111,#1112,#1113);
#1116=CARTESIAN_POINT('',(5.2E0,-1.45E0,1.85E0));
#1117=DIRECTION('',(0.E0,1.E0,0.E0));
#1118=DIRECTION('',(1.953992523340E-13,0.E0,-1.E0));
#1119=AXIS2_PLACEMENT_3D('',#1116,#1117,#1118);
#1121=DIRECTION('',(0.E0,0.E0,1.E0));
#1122=VECTOR('',#1121,8.E-1);
#1123=CARTESIAN_POINT('',(5.E0,-1.45E0,1.85E0));
#1124=LINE('8087',#1123,#1122);
#1125=CARTESIAN_POINT('',(5.2E0,-1.45E0,2.65E0));
#1126=DIRECTION('',(0.E0,1.E0,0.E0));
#1127=DIRECTION('',(-1.E0,0.E0,0.E0));
#1128=AXIS2_PLACEMENT_3D('',#1125,#1126,#1127);
#1130=DIRECTION('',(1.E0,0.E0,0.E0));
#1131=VECTOR('',#1130,4.E-1);
#1132=CARTESIAN_POINT('',(5.2E0,-1.45E0,2.85E0));
#1133=LINE('8089',#1132,#1131);
#1134=DIRECTION('',(2.812564995717E-14,0.E0,-1.E0));
#1135=VECTOR('',#1134,1.2E0);
#1136=CARTESIAN_POINT('',(5.6E0,-1.45E0,2.85E0));
#1137=LINE('7777',#1136,#1135);
#1138=DIRECTION('',(-1.E0,0.E0,0.E0));
#1139=VECTOR('',#1138,4.E-1);
#1140=CARTESIAN_POINT('',(5.6E0,-1.45E0,1.65E0));
#1141=LINE('8084',#1140,#1139);
#1142=DIRECTION('',(1.E0,0.E0,0.E0));
#1143=VECTOR('',#1142,2.E-1);
#1144=CARTESIAN_POINT('',(5.8E0,-1.05E0,1.65E0));
#1145=LINE('8090',#1144,#1143);
#1146=CARTESIAN_POINT('',(5.8E0,-1.05E0,1.5E0));
#1147=DIRECTION('',(-1.E0,0.E0,0.E0));
#1148=DIRECTION('',(0.E0,0.E0,1.E0));
#1149=AXIS2_PLACEMENT_3D('',#1146,#1147,#1148);
#1151=DIRECTION('',(-1.184237892994E-14,1.E0,0.E0));
#1152=VECTOR('',#1151,1.499999999924E-1);
#1153=CARTESIAN_POINT('',(5.8E0,-1.2E0,1.35E0));
#1154=LINE('8092',#1153,#1152);
#1155=DIRECTION('',(1.E0,3.799849324082E-11,0.E0));
#1156=VECTOR('',#1155,2.E-1);
#1157=CARTESIAN_POINT('',(5.8E0,-1.050000000008E0,1.35E0));
#1158=LINE('8091',#1157,#1156);
#1159=DIRECTION('',(0.E0,-1.E0,0.E0));
#1160=VECTOR('',#1159,1.5E-1);
#1161=CARTESIAN_POINT('',(6.E0,-1.05E0,1.35E0));
#1162=LINE('8093',#1161,#1160);
#1163=DIRECTION('',(0.E0,0.E0,1.E0));
#1164=VECTOR('',#1163,1.35E0);
#1165=CARTESIAN_POINT('',(5.8E0,-1.2E0,0.E0));
#1166=LINE('8094',#1165,#1164);
#1167=DIRECTION('',(1.E0,0.E0,0.E0));
#1168=VECTOR('',#1167,2.E-1);
#1169=CARTESIAN_POINT('',(5.8E0,-1.2E0,1.35E0));
#1170=LINE('8095',#1169,#1168);
#1171=DIRECTION('',(0.E0,0.E0,-1.E0));
#1172=VECTOR('',#1171,1.35E0);
#1173=CARTESIAN_POINT('',(6.E0,-1.2E0,1.35E0));
#1174=LINE('8096',#1173,#1172);
#1175=DIRECTION('',(0.E0,-1.E0,0.E0));
#1176=VECTOR('',#1175,1.085619449019E0);
#1177=CARTESIAN_POINT('',(5.8E0,-1.143805509809E-1,0.E0));
#1178=LINE('8098',#1177,#1176);
#1179=DIRECTION('',(1.E0,0.E0,0.E0));
#1180=VECTOR('',#1179,2.E-1);
#1181=CARTESIAN_POINT('',(5.8E0,-1.2E0,0.E0));
#1182=LINE('8099',#1181,#1180);
#1183=DIRECTION('',(0.E0,1.E0,0.E0));
#1184=VECTOR('',#1183,1.085619449019E0);
#1185=CARTESIAN_POINT('',(6.E0,-1.2E0,0.E0));
#1186=LINE('8100',#1185,#1184);
#1187=DIRECTION('',(0.E0,4.994615832032E-14,1.E0));
#1188=VECTOR('',#1187,1.E0);
#1189=CARTESIAN_POINT('',(6.E0,-1.143805509808E-1,0.E0));
#1190=LINE('8101',#1189,#1188);
#1191=DIRECTION('',(0.E0,-4.989064716909E-14,-1.E0));
#1192=VECTOR('',#1191,1.E0);
#1193=CARTESIAN_POINT('',(5.8E0,-1.143805509808E-1,1.E0));
#1194=LINE('7821',#1193,#1192);
#1195=DIRECTION('',(1.E0,8.298917109073E-14,0.E0));
#1196=VECTOR('',#1195,2.E-1);
#1197=CARTESIAN_POINT('',(5.8E0,-1.143805509809E-1,0.E0));
#1198=LINE('8097',#1197,#1196);
#1199=DIRECTION('',(4.862575372824E-6,9.999999999882E-1,0.E0));
#1200=VECTOR('',#1199,8.143805509904E-1);
#1201=CARTESIAN_POINT('',(6.E0,-1.143805509808E-1,1.E0));
#1202=LINE('8102',#1201,#1200);
#1203=DIRECTION('',(-2.916761331702E-6,-9.999999999957E-1,0.E0));
#1204=VECTOR('',#1203,8.143805509843E-1);
#1205=CARTESIAN_POINT('',(5.800002375354E0,7.E-1,1.E0));
#1206=LINE('7822',#1205,#1204);
#1207=DIRECTION('',(1.E0,8.319733790785E-14,0.E0));
#1208=VECTOR('',#1207,2.E-1);
#1209=CARTESIAN_POINT('',(5.8E0,-1.143805509808E-1,1.E0));
#1210=LINE('8103',#1209,#1208);
#1211=DIRECTION('',(1.E0,-4.773921181320E-14,1.554299919500E-14));
#1212=VECTOR('',#1211,2.000015846331E-1);
#1213=CARTESIAN_POINT('',(5.800002375354E0,7.E-1,1.E0));
#1214=LINE('8104',#1213,#1212);
#1215=CARTESIAN_POINT('',(5.853557124104E0,1.053557124105E0,
-1.907830263740E-14));
#1216=CARTESIAN_POINT('',(5.884404953867E0,1.022709294342E0,1.110876985671E-1));
#1217=CARTESIAN_POINT('',(5.937982722695E0,9.528776161730E-1,
3.332755459702E-1));
#1218=CARTESIAN_POINT('',(5.988511358294E0,8.308953927364E-1,
6.667085508921E-1));
#1219=CARTESIAN_POINT('',(6.000003959987E0,7.436280963316E-1,
8.889054844404E-1));
#1220=CARTESIAN_POINT('',(6.000003959987E0,7.E-1,1.E0));
#1222=DIRECTION('',(-1.099996336486E-6,-2.528841333867E-14,9.999999999994E-1));
#1223=VECTOR('',#1222,3.600000000002E0);
#1224=CARTESIAN_POINT('',(6.000003959987E0,7.E-1,1.E0));
#1225=LINE('7870',#1224,#1223);
#1226=CARTESIAN_POINT('',(3.9E0,1.2E0,0.E0));
#1227=DIRECTION('',(0.E0,1.E0,0.E0));
#1228=DIRECTION('',(-1.E0,0.E0,0.E0));
#1229=AXIS2_PLACEMENT_3D('',#1226,#1227,#1228);
#1231=CARTESIAN_POINT('',(4.849999999999E0,1.2E0,0.E0));
#1232=DIRECTION('',(0.E0,1.E0,0.E0));
#1233=DIRECTION('',(-1.E0,0.E0,0.E0));
#1234=AXIS2_PLACEMENT_3D('',#1231,#1232,#1233);
#1236=DIRECTION('',(1.E0,0.E0,0.E0));
#1237=VECTOR('',#1236,5.250000000010E-1);
#1238=CARTESIAN_POINT('',(4.974999999999E0,1.2E0,0.E0));
#1239=LINE('7874',#1238,#1237);
#1240=DIRECTION('',(0.E0,0.E0,1.E0));
#1241=VECTOR('',#1240,4.6E0);
#1242=CARTESIAN_POINT('',(5.5E0,1.2E0,0.E0));
#1243=LINE('7868',#1242,#1241);
#1244=CARTESIAN_POINT('',(-4.249999999999E0,1.2E0,0.E0));
#1245=DIRECTION('',(0.E0,1.E0,0.E0));
#1246=DIRECTION('',(-1.E0,0.E0,0.E0));
#1247=AXIS2_PLACEMENT_3D('',#1244,#1245,#1246);
#1249=CARTESIAN_POINT('',(-3.3E0,1.2E0,0.E0));
#1250=DIRECTION('',(0.E0,1.E0,0.E0));
#1251=DIRECTION('',(-1.E0,0.E0,0.E0));
#1252=AXIS2_PLACEMENT_3D('',#1249,#1250,#1251);
#1254=DIRECTION('',(0.E0,1.E0,0.E0));
#1255=VECTOR('',#1254,2.E-1);
#1256=CARTESIAN_POINT('',(3.775E0,1.E0,0.E0));
#1257=LINE('7881',#1256,#1255);
#1258=DIRECTION('',(-2.673417043297E-13,0.E0,-1.E0));
#1259=VECTOR('',#1258,5.E-1);
#1260=CARTESIAN_POINT('',(3.775E0,1.2E0,0.E0));
#1261=LINE('7880',#1260,#1259);
#1262=CARTESIAN_POINT('',(3.775E0,8.E-1,-5.E-1));
#1263=DIRECTION('',(-1.E0,0.E0,0.E0));
#1264=DIRECTION('',(0.E0,1.E0,0.E0));
#1265=AXIS2_PLACEMENT_3D('',#1262,#1263,#1264);
#1267=CARTESIAN_POINT('',(3.775E0,8.E-1,-5.E-1));
#1268=DIRECTION('',(1.E0,0.E0,0.E0));
#1269=DIRECTION('',(0.E0,0.E0,-1.E0));
#1270=AXIS2_PLACEMENT_3D('',#1267,#1268,#1269);
#1272=DIRECTION('',(-2.153606067987E-13,-9.797958970976E-1,2.000000000770E-1));
#1273=VECTOR('',#1272,4.124145232050E-3);
#1274=CARTESIAN_POINT('',(3.775E0,1.E0,-5.408248290468E-1));
#1275=LINE('7882',#1274,#1273);
#1276=DIRECTION('',(2.175583928785E-14,0.E0,-1.E0));
#1277=VECTOR('',#1276,4.082482904699E-2);
#1278=CARTESIAN_POINT('',(3.775E0,1.E0,-4.999999999998E-1));
#1279=LINE('7887',#1278,#1277);
#1280=CARTESIAN_POINT('',(3.775E0,1.E0,-5.408248290468E-1));
#1281=CARTESIAN_POINT('',(3.775E0,1.E0,-5.354625787389E-1));
#1282=CARTESIAN_POINT('',(3.777379739679E0,1.E0,-5.252924744514E-1));
#1283=CARTESIAN_POINT('',(3.787749661505E0,1.E0,-5.112719064341E-1));
#1284=CARTESIAN_POINT('',(3.797970980258E0,1.E0,-5.035910458661E-1));
#1285=CARTESIAN_POINT('',(3.803953136441E0,1.E0,-4.999999999990E-1));
#1287=DIRECTION('',(1.E0,0.E0,-1.503144319339E-12));
#1288=VECTOR('',#1287,2.895313643898E-2);
#1289=CARTESIAN_POINT('',(-3.203953136439E0,1.E0,-5.E-1));
#1290=LINE('7889',#1289,#1288);
#1291=DIRECTION('',(1.E0,0.E0,2.865944041317E-11));
#1292=VECTOR('',#1291,2.895313644099E-2);
#1293=CARTESIAN_POINT('',(3.775E0,1.E0,-4.999999999998E-1));
#1294=LINE('7891',#1293,#1292);
#1295=CARTESIAN_POINT('',(3.803953136441E0,1.E0,-4.999999999990E-1));
#1296=CARTESIAN_POINT('',(3.800642249740E0,1.E0,-5.019875017693E-1));
#1297=CARTESIAN_POINT('',(3.794614434817E0,9.999403207328E-1,
-5.060961867268E-1));
#1298=CARTESIAN_POINT('',(3.787358728418E0,9.996417543391E-1,
-5.125707614627E-1));
#1299=CARTESIAN_POINT('',(3.781735056681E0,9.990999104344E-1,
-5.193629504122E-1));
#1300=CARTESIAN_POINT('',(3.777791948944E0,9.983146314886E-1,
-5.262257892154E-1));
#1301=CARTESIAN_POINT('',(3.775457738271E0,9.972587271069E-1,
-5.332489850722E-1));
#1302=CARTESIAN_POINT('',(3.775E0,9.964157766594E-1,-5.377631395037E-1));
#1303=CARTESIAN_POINT('',(3.775E0,9.959591794226E-1,-5.400000000001E-1));
#1305=CARTESIAN_POINT('',(-3.175E0,9.959591794225E-1,-5.4E-1));
#1306=CARTESIAN_POINT('',(-3.175E0,9.964141646954E-1,-5.377710364823E-1));
#1307=CARTESIAN_POINT('',(-3.175455029028E0,9.972554722919E-1,
-5.332681100450E-1));
#1308=CARTESIAN_POINT('',(-3.177786265217E0,9.983130039119E-1,
-5.262386707880E-1));
#1309=CARTESIAN_POINT('',(-3.181724576745E0,9.990989862610E-1,
-5.193730079545E-1));
#1310=CARTESIAN_POINT('',(-3.187355923536E0,9.996416739069E-1,
-5.125731652029E-1));
#1311=CARTESIAN_POINT('',(-3.194616271036E0,9.999403388882E-1,
-5.060959243995E-1));
#1312=CARTESIAN_POINT('',(-3.200643289758E0,1.E0,-5.019868774536E-1));
#1313=CARTESIAN_POINT('',(-3.203953136439E0,1.E0,-5.E-1));
#1315=CARTESIAN_POINT('',(-3.175E0,1.E0,-5.408248290471E-1));
#1316=CARTESIAN_POINT('',(-3.175E0,1.E0,-5.384092434238E-1));
#1317=CARTESIAN_POINT('',(-3.175476346527E0,1.E0,-5.336028314747E-1));
#1318=CARTESIAN_POINT('',(-3.177827814590E0,1.E0,-5.263648098258E-1));
#1319=CARTESIAN_POINT('',(-3.181760999440E0,1.E0,-5.194045710616E-1));
#1320=CARTESIAN_POINT('',(-3.187366263390E0,1.E0,-5.125846665460E-1));
#1321=CARTESIAN_POINT('',(-3.194588821965E0,1.E0,-5.061176964435E-1));
#1322=CARTESIAN_POINT('',(-3.200629552655E0,1.E0,-5.019951237390E-1));
#1323=CARTESIAN_POINT('',(-3.203953136439E0,1.E0,-5.E-1));
#1325=CARTESIAN_POINT('',(-3.175E0,8.E-1,-5.E-1));
#1326=DIRECTION('',(1.E0,0.E0,0.E0));
#1327=DIRECTION('',(0.E0,2.022548795111E-12,-1.E0));
#1328=AXIS2_PLACEMENT_3D('',#1325,#1326,#1327);
#1330=DIRECTION('',(-9.334755191048E-13,0.E0,1.E0));
#1331=VECTOR('',#1330,5.E-1);
#1332=CARTESIAN_POINT('',(-3.175E0,1.2E0,-5.E-1));
#1333=LINE('7879',#1332,#1331);
#1334=DIRECTION('',(6.652456363554E-13,0.E0,-1.E0));
#1335=VECTOR('',#1334,5.E-1);
#1336=CARTESIAN_POINT('',(-3.175E0,1.E0,0.E0));
#1337=LINE('7897',#1336,#1335);
#1338=DIRECTION('',(-3.154596696729E-12,0.E0,-1.E0));
#1339=VECTOR('',#1338,4.082482904710E-2);
#1340=CARTESIAN_POINT('',(-3.175E0,1.E0,-5.E-1));
#1341=LINE('7886',#1340,#1339);
#1342=DIRECTION('',(-1.076803033961E-13,-9.797958970812E-1,2.000000001571E-1));
#1343=VECTOR('',#1342,4.124145232175E-3);
#1344=CARTESIAN_POINT('',(-3.175E0,1.E0,-5.408248290471E-1));
#1345=LINE('7908',#1344,#1343);
#1346=CARTESIAN_POINT('',(-3.175E0,8.E-1,-5.E-1));
#1347=DIRECTION('',(-1.E0,0.E0,0.E0));
#1348=DIRECTION('',(0.E0,9.797958971132E-1,-2.000000000002E-1));
#1349=AXIS2_PLACEMENT_3D('',#1346,#1347,#1348);
#1351=DIRECTION('',(-1.E0,0.E0,0.E0));
#1352=VECTOR('',#1351,6.95E0);
#1353=CARTESIAN_POINT('',(3.775E0,1.2E0,-5.E-1));
#1354=LINE('7911',#1353,#1352);
#1355=DIRECTION('',(0.E0,1.E0,0.E0));
#1356=VECTOR('',#1355,6.000000000004E-1);
#1357=CARTESIAN_POINT('',(3.775E0,2.E-1,-9.E-1));
#1358=LINE('7913',#1357,#1356);
#1359=DIRECTION('',(-1.E0,0.E0,0.E0));
#1360=VECTOR('',#1359,6.95E0);
#1361=CARTESIAN_POINT('',(3.775E0,8.000000000004E-1,-9.E-1));
#1362=LINE('7912',#1361,#1360);
#1363=DIRECTION('',(0.E0,-1.E0,0.E0));
#1364=VECTOR('',#1363,4.000000000004E-1);
#1365=CARTESIAN_POINT('',(-3.175E0,8.000000000004E-1,-9.E-1));
#1366=LINE('7910',#1365,#1364);
#1367=CARTESIAN_POINT('',(-2.975E0,4.E-1,-9.E-1));
#1368=DIRECTION('',(0.E0,0.E0,1.E0));
#1369=DIRECTION('',(-1.E0,0.E0,0.E0));
#1370=AXIS2_PLACEMENT_3D('',#1367,#1368,#1369);
#1372=DIRECTION('',(-1.E0,0.E0,0.E0));
#1373=VECTOR('',#1372,6.75E0);
#1374=CARTESIAN_POINT('',(3.775E0,2.E-1,-9.E-1));
#1375=LINE('7915',#1374,#1373);
#1376=DIRECTION('',(0.E0,0.E0,-1.E0));
#1377=VECTOR('',#1376,2.E-1);
#1378=CARTESIAN_POINT('',(3.775E0,2.E-1,-7.E-1));
#1379=LINE('7916',#1378,#1377);
#1380=DIRECTION('',(0.E0,0.E0,1.E0));
#1381=VECTOR('',#1380,2.E-1);
#1382=CARTESIAN_POINT('',(-3.175E0,4.E-1,-9.E-1));
#1383=LINE('7917',#1382,#1381);
#1384=DIRECTION('',(0.E0,0.E0,-1.E0));
#1385=VECTOR('',#1384,2.E-1);
#1386=CARTESIAN_POINT('',(-2.975E0,2.E-1,-7.E-1));
#1387=LINE('7918',#1386,#1385);
#1388=DIRECTION('',(-1.E0,0.E0,0.E0));
#1389=VECTOR('',#1388,6.75E0);
#1390=CARTESIAN_POINT('',(3.775E0,2.E-1,-7.E-1));
#1391=LINE('7919',#1390,#1389);
#1392=CARTESIAN_POINT('',(-2.975E0,4.E-1,-7.E-1));
#1393=DIRECTION('',(0.E0,0.E0,-1.E0));
#1394=DIRECTION('',(0.E0,-1.E0,0.E0));
#1395=AXIS2_PLACEMENT_3D('',#1392,#1393,#1394);
#1397=DIRECTION('',(0.E0,1.E0,0.E0));
#1398=VECTOR('',#1397,4.E-1);
#1399=CARTESIAN_POINT('',(-3.175E0,4.E-1,-7.E-1));
#1400=LINE('7921',#1399,#1398);
#1401=DIRECTION('',(1.E0,0.E0,0.E0));
#1402=VECTOR('',#1401,6.95E0);
#1403=CARTESIAN_POINT('',(-3.175E0,8.E-1,-7.E-1));
#1404=LINE('7893',#1403,#1402);
#1405=DIRECTION('',(0.E0,-1.E0,0.E0));
#1406=VECTOR('',#1405,6.E-1);
#1407=CARTESIAN_POINT('',(3.775E0,8.E-1,-7.E-1));
#1408=LINE('7922',#1407,#1406);
#1409=DIRECTION('',(-6.661338147751E-13,1.E0,0.E0));
#1410=VECTOR('',#1409,2.E-1);
#1411=CARTESIAN_POINT('',(-3.175E0,1.E0,0.E0));
#1412=LINE('7907',#1411,#1410);
#1413=DIRECTION('',(-1.E0,0.E0,0.E0));
#1414=VECTOR('',#1413,7.E-1);
#1415=CARTESIAN_POINT('',(-3.424999999999E0,1.2E0,0.E0));
#1416=LINE('7877',#1415,#1414);
#1417=DIRECTION('',(1.E0,0.E0,0.E0));
#1418=VECTOR('',#1417,6.999999999998E-1);
#1419=CARTESIAN_POINT('',(-4.124999999999E0,1.E0,0.E0));
#1420=LINE('7899',#1419,#1418);
#1421=DIRECTION('',(9.969802761134E-13,1.E0,0.E0));
#1422=VECTOR('',#1421,2.E-1);
#1423=CARTESIAN_POINT('',(-3.424999999999E0,1.E0,0.E0));
#1424=LINE('7923',#1423,#1422);
#1425=DIRECTION('',(0.E0,1.E0,0.E0));
#1426=VECTOR('',#1425,2.E-1);
#1427=CARTESIAN_POINT('',(-4.124999999999E0,1.E0,0.E0));
#1428=LINE('7924',#1427,#1426);
#1429=CARTESIAN_POINT('',(-4.9E0,7.E-1,0.E0));
#1430=DIRECTION('',(0.E0,0.E0,-1.E0));
#1431=DIRECTION('',(-1.E0,-3.136009970225E-12,0.E0));
#1432=AXIS2_PLACEMENT_3D('',#1429,#1430,#1431);
#1434=DIRECTION('',(1.E0,0.E0,0.E0));
#1435=VECTOR('',#1434,5.250000000010E-1);
#1436=CARTESIAN_POINT('',(-4.9E0,1.E0,0.E0));
#1437=LINE('7901',#1436,#1435);
#1438=DIRECTION('',(0.E0,1.E0,0.E0));
#1439=VECTOR('',#1438,2.E-1);
#1440=CARTESIAN_POINT('',(-4.374999999999E0,1.E0,0.E0));
#1441=LINE('7925',#1440,#1439);
#1442=DIRECTION('',(-1.E0,0.E0,0.E0));
#1443=VECTOR('',#1442,5.250000000010E-1);
#1444=CARTESIAN_POINT('',(-4.374999999999E0,1.2E0,0.E0));
#1445=LINE('7875',#1444,#1443);
#1446=CARTESIAN_POINT('',(-4.9E0,7.E-1,0.E0));
#1447=DIRECTION('',(0.E0,0.E0,1.E0));
#1448=DIRECTION('',(0.E0,1.E0,0.E0));
#1449=AXIS2_PLACEMENT_3D('',#1446,#1447,#1448);
#1451=DIRECTION('',(0.E0,-2.634088339875E-7,-1.E0));
#1452=VECTOR('',#1451,4.499996147086E0);
#1453=CARTESIAN_POINT('',(-4.9E0,1.000001185339E0,4.499996147085E0));
#1454=LINE('7933',#1453,#1452);
#1455=DIRECTION('',(2.977394978867E-8,2.851565420040E-9,-1.E0));
#1456=VECTOR('',#1455,1.000000080740E-1);
#1457=CARTESIAN_POINT('',(-5.200000002977E0,6.999999997142E-1,
1.000000080740E-1));
#1458=LINE('7931',#1457,#1456);
#1459=DIRECTION('',(0.E0,-1.E0,0.E0));
#1460=VECTOR('',#1459,1.899999999999E0);
#1461=CARTESIAN_POINT('',(-5.2E0,6.999999999993E-1,0.E0));
#1462=LINE('7930',#1461,#1460);
#1463=DIRECTION('',(3.239239987771E-9,-1.E0,1.537937928002E-8));
#1464=VECTOR('',#1463,1.749999999773E0);
#1465=CARTESIAN_POINT('',(-5.200000002977E0,6.999999997142E-1,
1.000000080740E-1));
#1466=LINE('7934',#1465,#1464);
#1467=DIRECTION('',(-7.071067030147E-1,-4.896646292529E-11,7.071068593584E-1));
#1468=VECTOR('',#1467,1.414213868043E-1);
#1469=CARTESIAN_POINT('',(-5.099999986750E0,-1.050000000052E0,
2.318562980497E-9));
#1470=LINE('7936',#1469,#1468);
#1471=DIRECTION('',(-3.364096926052E-9,7.409323479062E-11,1.E0));
#1472=VECTOR('',#1471,7.999999650121E-1);
#1473=CARTESIAN_POINT('',(-5.199999997309E0,-1.050000000059E0,
1.000000349879E-1));
#1474=LINE('7938',#1473,#1472);
#1475=DIRECTION('',(0.E0,2.012612350488E-12,-1.E0));
#1476=VECTOR('',#1475,9.999999744372E-1);
#1477=CARTESIAN_POINT('',(-5.E0,-1.25E0,1.1E0));
#1478=LINE('7941',#1477,#1476);
#1479=CARTESIAN_POINT('',(-5.E0,-1.05E0,1.000000861245E-1));
#1480=DIRECTION('',(0.E0,0.E0,-1.E0));
#1481=DIRECTION('',(0.E0,-1.E0,0.E0));
#1482=AXIS2_PLACEMENT_3D('',#1479,#1480,#1481);
#1484=CARTESIAN_POINT('',(-5.2E0,-1.05E0,1.E0));
#1485=DIRECTION('',(1.E0,0.E0,0.E0));
#1486=DIRECTION('',(0.E0,0.E0,-1.E0));
#1487=AXIS2_PLACEMENT_3D('',#1484,#1485,#1486);
#1489=DIRECTION('',(0.E0,0.E0,-1.E0));
#1490=VECTOR('',#1489,2.E-1);
#1491=CARTESIAN_POINT('',(-5.2E0,-1.05E0,1.1E0));
#1492=LINE('7939',#1491,#1490);
#1493=DIRECTION('',(1.E0,0.E0,0.E0));
#1494=VECTOR('',#1493,2.E-1);
#1495=CARTESIAN_POINT('',(-5.4E0,-1.05E0,1.1E0));
#1496=LINE('7980',#1495,#1494);
#1497=DIRECTION('',(1.184237892934E-14,-1.E0,0.E0));
#1498=VECTOR('',#1497,1.5E-1);
#1499=CARTESIAN_POINT('',(-5.2E0,-1.05E0,9.E-1));
#1500=LINE('7981',#1499,#1498);
#1501=DIRECTION('',(1.E0,0.E0,0.E0));
#1502=VECTOR('',#1501,2.E-1);
#1503=CARTESIAN_POINT('',(-5.4E0,-1.05E0,9.E-1));
#1504=LINE('7979',#1503,#1502);
#1505=DIRECTION('',(-1.E0,0.E0,0.E0));
#1506=VECTOR('',#1505,2.E-1);
#1507=CARTESIAN_POINT('',(-5.2E0,-1.2E0,0.E0));
#1508=LINE('7929',#1507,#1506);
#1509=DIRECTION('',(1.E0,0.E0,0.E0));
#1510=VECTOR('',#1509,2.E-1);
#1511=CARTESIAN_POINT('',(-5.4E0,-1.2E0,9.E-1));
#1512=LINE('7984',#1511,#1510);
#1513=DIRECTION('',(0.E0,0.E0,-1.E0));
#1514=VECTOR('',#1513,9.E-1);
#1515=CARTESIAN_POINT('',(-5.2E0,-1.2E0,9.E-1));
#1516=LINE('7985',#1515,#1514);
#1517=DIRECTION('',(-1.E0,0.E0,0.E0));
#1518=VECTOR('',#1517,3.E-1);
#1519=CARTESIAN_POINT('',(-4.7E0,-1.25E0,1.1E0));
#1520=LINE('7739',#1519,#1518);
#1521=CARTESIAN_POINT('',(-5.E0,-1.05E0,1.1E0));
#1522=DIRECTION('',(0.E0,0.E0,-1.E0));
#1523=DIRECTION('',(0.E0,-1.E0,0.E0));
#1524=AXIS2_PLACEMENT_3D('',#1521,#1522,#1523);
#1526=CARTESIAN_POINT('',(-5.E0,-1.05E0,1.1E0));
#1527=DIRECTION('',(0.E0,0.E0,1.E0));
#1528=DIRECTION('',(-1.E0,0.E0,0.E0));
#1529=AXIS2_PLACEMENT_3D('',#1526,#1527,#1528);
#1531=DIRECTION('',(1.E0,0.E0,0.E0));
#1532=VECTOR('',#1531,3.E-1);
#1533=CARTESIAN_POINT('',(-5.E0,-1.45E0,1.1E0));
#1534=LINE('7973',#1533,#1532);
#1535=DIRECTION('',(1.776356839400E-14,1.E0,0.E0));
#1536=VECTOR('',#1535,2.E-1);
#1537=CARTESIAN_POINT('',(-4.7E0,-1.45E0,1.1E0));
#1538=LINE('7976',#1537,#1536);
#1539=DIRECTION('',(0.E0,1.567000497614E-14,1.E0));
#1540=VECTOR('',#1539,3.5E0);
#1541=CARTESIAN_POINT('',(-5.4E0,-1.05E0,1.1E0));
#1542=LINE('7995',#1541,#1540);
#1543=DIRECTION('',(0.E0,0.E0,-1.E0));
#1544=VECTOR('',#1543,3.5E0);
#1545=CARTESIAN_POINT('',(-5.E0,-1.45E0,4.6E0));
#1546=LINE('7996',#1545,#1544);
#1547=DIRECTION('',(-1.E0,1.595324267751E-8,1.594458042449E-8));
#1548=VECTOR('',#1547,4.5E-1);
#1549=CARTESIAN_POINT('',(-4.55E0,-1.149999998802E0,-9.010084345284E-13));
#1550=LINE('8047',#1549,#1548);
#1551=DIRECTION('',(0.E0,-7.071067457837E-1,7.071068165894E-1));
#1552=VECTOR('',#1551,1.414213751621E-1);
#1553=CARTESIAN_POINT('',(-5.E0,-1.149999991623E0,7.174160182588E-9));
#1554=LINE('7937',#1553,#1552);
#1555=DIRECTION('',(1.E0,-1.474376176702E-12,-5.680943888148E-8));
#1556=VECTOR('',#1555,4.5E-1);
#1557=CARTESIAN_POINT('',(-5.E0,-1.249999999998E0,1.000000255628E-1));
#1558=LINE('8048',#1557,#1556);
#1559=DIRECTION('',(-1.E0,0.E0,0.E0));
#1560=VECTOR('',#1559,7.E-1);
#1561=CARTESIAN_POINT('',(-4.15E0,0.E0,0.E0));
#1562=LINE('7712',#1561,#1560);
#1563=DIRECTION('',(-1.E0,-2.038369473326E-13,-5.521038256511E-11));
#1564=VECTOR('',#1563,2.499999999860E-1);
#1565=CARTESIAN_POINT('',(-4.85E0,8.E-1,0.E0));
#1566=LINE('8045',#1565,#1564);
#1567=DIRECTION('',(7.154758227118E-9,-1.E0,1.260738229244E-9));
#1568=VECTOR('',#1567,1.850000000052E0);
#1569=CARTESIAN_POINT('',(-5.099999999986E0,7.999999999999E-1,
-1.380274367024E-11));
#1570=LINE('7935',#1569,#1568);
#1571=CARTESIAN_POINT('',(-5.E0,-1.05E0,-4.228563146302E-7));
#1572=DIRECTION('',(0.E0,0.E0,1.E0));
#1573=DIRECTION('',(-1.E0,-5.099988656614E-10,0.E0));
#1574=AXIS2_PLACEMENT_3D('',#1571,#1572,#1573);
#1576=DIRECTION('',(0.E0,-7.071067854202E-1,7.071067769529E-1));
#1577=VECTOR('',#1576,1.414213570832E-1);
#1578=CARTESIAN_POINT('',(-4.55E0,-1.149999998802E0,-9.010084345284E-13));
#1579=LINE('8049',#1578,#1577);
#1580=DIRECTION('',(0.E0,-1.498801083241E-12,1.E0));
#1581=VECTOR('',#1580,9.000000000015E-1);
#1582=CARTESIAN_POINT('',(-4.55E0,-1.249999999999E0,9.999999999852E-2));
#1583=LINE('8050',#1582,#1581);
#1584=DIRECTION('',(0.E0,-1.E0,-1.638230800379E-12));
#1585=VECTOR('',#1584,5.499999988018E-1);
#1586=CARTESIAN_POINT('',(-4.55E0,-6.E-1,0.E0));
#1587=LINE('8053',#1586,#1585);
#1588=DIRECTION('',(-1.E0,0.E0,0.E0));
#1589=VECTOR('',#1588,4.E-1);
#1590=CARTESIAN_POINT('',(-4.15E0,-6.E-1,0.E0));
#1591=LINE('8438',#1590,#1589);
#1592=DIRECTION('',(0.E0,0.E0,1.E0));
#1593=VECTOR('',#1592,1.E0);
#1594=CARTESIAN_POINT('',(-4.55E0,-6.E-1,0.E0));
#1595=LINE('8052',#1594,#1593);
#1596=DIRECTION('',(1.E0,0.E0,0.E0));
#1597=VECTOR('',#1596,4.E-1);
#1598=CARTESIAN_POINT('',(-4.55E0,-6.E-1,1.E0));
#1599=LINE('8439',#1598,#1597);
#1600=DIRECTION('',(0.E0,0.E0,-1.E0));
#1601=VECTOR('',#1600,1.E0);
#1602=CARTESIAN_POINT('',(-4.15E0,-6.E-1,1.E0));
#1603=LINE('8440',#1602,#1601);
#1604=DIRECTION('',(0.E0,-7.071067811861E-1,7.071067811870E-1));
#1605=VECTOR('',#1604,1.414213562373E-1);
#1606=CARTESIAN_POINT('',(-4.15E0,-7.5E-1,1.E0));
#1607=LINE('8419',#1606,#1605);
#1608=DIRECTION('',(0.E0,0.E0,1.E0));
#1609=VECTOR('',#1608,3.E0);
#1610=CARTESIAN_POINT('',(-4.15E0,-1.E0,1.1E0));
#1611=LINE('8420',#1610,#1609);
#1612=DIRECTION('',(0.E0,1.E0,0.E0));
#1613=VECTOR('',#1612,1.E0);
#1614=CARTESIAN_POINT('',(-4.15E0,-1.E0,4.1E0));
#1615=LINE('8421',#1614,#1613);
#1616=DIRECTION('',(0.E0,0.E0,-1.E0));
#1617=VECTOR('',#1616,4.1E0);
#1618=CARTESIAN_POINT('',(-4.15E0,0.E0,4.1E0));
#1619=LINE('8422',#1618,#1617);
#1620=DIRECTION('',(0.E0,-1.E0,0.E0));
#1621=VECTOR('',#1620,6.E-1);
#1622=CARTESIAN_POINT('',(-4.15E0,0.E0,0.E0));
#1623=LINE('8423',#1622,#1621);
#1624=DIRECTION('',(0.E0,-1.E0,4.884981308351E-14));
#1625=VECTOR('',#1624,1.5E-1);
#1626=CARTESIAN_POINT('',(-4.15E0,-6.E-1,1.E0));
#1627=LINE('8068',#1626,#1625);
#1628=DIRECTION('',(-1.E0,0.E0,3.441691376337E-13));
#1629=VECTOR('',#1628,2.200000000001E-1);
#1630=CARTESIAN_POINT('',(-4.15E0,-7.5E-1,1.E0));
#1631=LINE('8067',#1630,#1629);
#1632=DIRECTION('',(0.E0,1.E0,0.E0));
#1633=VECTOR('',#1632,1.500000000001E-1);
#1634=CARTESIAN_POINT('',(-4.15E0,-1.E0,1.1E0));
#1635=LINE('8425',#1634,#1633);
#1636=DIRECTION('',(-1.E0,0.E0,6.476300976980E-14));
#1637=VECTOR('',#1636,1.2E-1);
#1638=CARTESIAN_POINT('',(-4.15E0,-8.499999999999E-1,1.1E0));
#1639=LINE('8426',#1638,#1637);
#1640=DIRECTION('',(-1.E0,2.072416312634E-14,0.E0));
#1641=VECTOR('',#1640,6.E-1);
#1642=CARTESIAN_POINT('',(-3.55E0,-1.E0,1.1E0));
#1643=LINE('8427',#1642,#1641);
#1644=DIRECTION('',(-1.E0,0.E0,2.738550127409E-13));
#1645=VECTOR('',#1644,1.2E-1);
#1646=CARTESIAN_POINT('',(-4.15E0,-1.E0,1.1E0));
#1647=LINE('8428',#1646,#1645);
#1648=DIRECTION('',(1.E0,0.E0,0.E0));
#1649=VECTOR('',#1648,1.04E0);
#1650=CARTESIAN_POINT('',(-4.37E0,-1.1E0,1.E0));
#1651=LINE('8066',#1650,#1649);
#1652=DIRECTION('',(1.E0,1.036208156317E-13,2.683038976177E-13));
#1653=VECTOR('',#1652,1.2E-1);
#1654=CARTESIAN_POINT('',(-3.55E0,-1.E0,1.1E0));
#1655=LINE('8431',#1654,#1653);
#1656=DIRECTION('',(0.E0,-1.E0,0.E0));
#1657=VECTOR('',#1656,1.500000000001E-1);
#1658=CARTESIAN_POINT('',(-3.55E0,-8.499999999999E-1,1.1E0));
#1659=LINE('8413',#1658,#1657);
#1660=DIRECTION('',(0.E0,-1.E0,1.598721155459E-13));
#1661=VECTOR('',#1660,1.500000000001E-1);
#1662=CARTESIAN_POINT('',(-3.43E0,-8.499999999999E-1,1.1E0));
#1663=LINE('8432',#1662,#1661);
#1664=DIRECTION('',(5.773502691898E-1,-5.773502691899E-1,-5.773502691891E-1));
#1665=VECTOR('',#1664,1.732050807569E-1);
#1666=CARTESIAN_POINT('',(-3.43E0,-1.E0,1.1E0));
#1667=LINE('8430',#1666,#1665);
#1668=DIRECTION('',(0.E0,1.E0,-2.176037128265E-13));
#1669=VECTOR('',#1668,3.500000000001E-1);
#1670=CARTESIAN_POINT('',(-3.33E0,-1.1E0,1.E0));
#1671=LINE('8065',#1670,#1669);
#1672=DIRECTION('',(1.E0,0.E0,6.476300976980E-14));
#1673=VECTOR('',#1672,1.2E-1);
#1674=CARTESIAN_POINT('',(-3.55E0,-8.499999999999E-1,1.1E0));
#1675=LINE('8434',#1674,#1673);
#1676=DIRECTION('',(5.773502691900E-1,5.773502691892E-1,-5.773502691896E-1));
#1677=VECTOR('',#1676,1.732050807569E-1);
#1678=CARTESIAN_POINT('',(-3.43E0,-8.499999999999E-1,1.1E0));
#1679=LINE('8433',#1678,#1677);
#1680=DIRECTION('',(-1.E0,0.E0,-3.441691376337E-13));
#1681=VECTOR('',#1680,2.200000000001E-1);
#1682=CARTESIAN_POINT('',(-3.33E0,-7.5E-1,1.E0));
#1683=LINE('8435',#1682,#1681);
#1684=DIRECTION('',(0.E0,7.071067811861E-1,-7.071067811870E-1));
#1685=VECTOR('',#1684,1.414213562373E-1);
#1686=CARTESIAN_POINT('',(-3.55E0,-8.499999999999E-1,1.1E0));
#1687=LINE('8414',#1686,#1685);
#1688=DIRECTION('',(0.E0,1.E0,0.E0));
#1689=VECTOR('',#1688,7.5E-1);
#1690=CARTESIAN_POINT('',(-3.55E0,-7.5E-1,1.E0));
#1691=LINE('8415',#1690,#1689);
#1692=DIRECTION('',(0.E0,0.E0,1.E0));
#1693=VECTOR('',#1692,3.1E0);
#1694=CARTESIAN_POINT('',(-3.55E0,0.E0,1.E0));
#1695=LINE('8416',#1694,#1693);
#1696=DIRECTION('',(0.E0,0.E0,1.E0));
#1697=VECTOR('',#1696,3.E0);
#1698=CARTESIAN_POINT('',(-3.55E0,-1.E0,1.1E0));
#1699=LINE('8412',#1698,#1697);
#1700=DIRECTION('',(-1.E0,0.E0,0.E0));
#1701=VECTOR('',#1700,6.E-1);
#1702=CARTESIAN_POINT('',(-3.55E0,0.E0,4.1E0));
#1703=LINE('7713',#1702,#1701);
#1704=DIRECTION('',(1.E0,0.E0,0.E0));
#1705=VECTOR('',#1704,6.E-1);
#1706=CARTESIAN_POINT('',(-4.15E0,-1.E0,4.1E0));
#1707=LINE('8418',#1706,#1705);
#1708=DIRECTION('',(0.E0,1.E0,0.E0));
#1709=VECTOR('',#1708,1.E0);
#1710=CARTESIAN_POINT('',(-3.55E0,-1.E0,4.1E0));
#1711=LINE('8417',#1710,#1709);
#1712=DIRECTION('',(0.E0,1.E0,-1.613524129121E-13));
#1713=VECTOR('',#1712,1.500000000001E-1);
#1714=CARTESIAN_POINT('',(-4.27E0,-1.E0,1.1E0));
#1715=LINE('8436',#1714,#1713);
#1716=DIRECTION('',(-5.773502691900E-1,5.773502691892E-1,-5.773502691896E-1));
#1717=VECTOR('',#1716,1.732050807569E-1);
#1718=CARTESIAN_POINT('',(-4.27E0,-8.499999999999E-1,1.1E0));
#1719=LINE('8424',#1718,#1717);
#1720=DIRECTION('',(0.E0,-1.E0,2.169692996695E-13));
#1721=VECTOR('',#1720,3.500000000001E-1);
#1722=CARTESIAN_POINT('',(-4.37E0,-7.5E-1,1.E0));
#1723=LINE('8437',#1722,#1721);
#1724=DIRECTION('',(5.773502691898E-1,5.773502691899E-1,5.773502691891E-1));
#1725=VECTOR('',#1724,1.732050807569E-1);
#1726=CARTESIAN_POINT('',(-4.37E0,-1.1E0,1.E0));
#1727=LINE('8429',#1726,#1725);
#1728=DIRECTION('',(0.E0,0.E0,-1.E0));
#1729=VECTOR('',#1728,4.5E0);
#1730=CARTESIAN_POINT('',(-4.85E0,8.E-1,4.5E0));
#1731=LINE('8442',#1730,#1729);
#1732=DIRECTION('',(0.E0,-1.E0,0.E0));
#1733=VECTOR('',#1732,8.E-1);
#1734=CARTESIAN_POINT('',(-4.85E0,8.E-1,0.E0));
#1735=LINE('8443',#1734,#1733);
#1736=DIRECTION('',(0.E0,-1.240674230019E-14,1.E0));
#1737=VECTOR('',#1736,4.5E0);
#1738=CARTESIAN_POINT('',(-4.85E0,0.E0,0.E0));
#1739=LINE('8444',#1738,#1737);
#1740=DIRECTION('',(0.E0,-1.E0,-6.328271240363E-14));
#1741=VECTOR('',#1740,8.000000000001E-1);
#1742=CARTESIAN_POINT('',(-4.85E0,8.E-1,4.5E0));
#1743=LINE('8441',#1742,#1741);
#1744=DIRECTION('',(-5.773502691896E-1,-5.773502691889E-1,5.773502691903E-1));
#1745=VECTOR('',#1744,1.732050807569E-1);
#1746=CARTESIAN_POINT('',(-4.85E0,-5.583034035084E-14,4.5E0));
#1747=LINE('7729',#1746,#1745);
#1748=DIRECTION('',(0.E0,1.E0,-7.697546304068E-14));
#1749=VECTOR('',#1748,8.999999999999E-1);
#1750=CARTESIAN_POINT('',(-4.95E0,-9.999999999993E-2,4.6E0));
#1751=LINE('8445',#1750,#1749);
#1752=DIRECTION('',(3.019806626971E-12,0.E0,-1.E0));
#1753=VECTOR('',#1752,4.600000000014E0);
#1754=CARTESIAN_POINT('',(-5.1E0,7.999999999999E-1,4.6E0));
#1755=LINE('8042',#1754,#1753);
#1756=DIRECTION('',(-7.071067811866E-1,0.E0,7.071067811865E-1));
#1757=VECTOR('',#1756,1.414213562373E-1);
#1758=CARTESIAN_POINT('',(-4.85E0,8.E-1,4.5E0));
#1759=LINE('8043',#1758,#1757);
#1760=DIRECTION('',(-1.E0,-4.537111427304E-13,0.E0));
#1761=VECTOR('',#1760,1.499999999999E-1);
#1762=CARTESIAN_POINT('',(-4.95E0,8.E-1,4.6E0));
#1763=LINE('8044',#1762,#1761);
#1764=DIRECTION('',(-5.450874639644E-8,7.928971426215E-10,-1.E0));
#1765=VECTOR('',#1764,4.399995487224E0);
#1766=CARTESIAN_POINT('',(-5.199999763139E0,6.999999962254E-1,
4.499995495298E0));
#1767=LINE('8039',#1766,#1765);
#1768=DIRECTION('',(5.773502645885E-1,5.773502489678E-1,-5.773502940126E-1));
#1769=VECTOR('',#1768,1.732050873184E-1);
#1770=CARTESIAN_POINT('',(-5.200000002977E0,6.999999997142E-1,
1.000000080740E-1));
#1771=LINE('8040',#1770,#1769);
#1772=DIRECTION('',(2.368502419298E-6,-3.012093557956E-8,-9.999999999972E-1));
#1773=VECTOR('',#1772,1.000045047027E-1);
#1774=CARTESIAN_POINT('',(-5.2E0,6.999999992377E-1,4.6E0));
#1775=LINE('8041',#1774,#1773);
#1776=CARTESIAN_POINT('',(-5.2E0,5.E-1,4.222508278236E0));
#1777=DIRECTION('',(-1.E0,0.E0,0.E0));
#1778=DIRECTION('',(0.E0,-9.090909090908E-1,4.165977904508E-1));
#1779=AXIS2_PLACEMENT_3D('',#1776,#1777,#1778);
#1781=DIRECTION('',(2.345478033190E-7,-9.999999999879E-1,4.918385534554E-6));
#1782=VECTOR('',#1781,6.748666557838E-1);
#1783=CARTESIAN_POINT('',(-5.199999763139E0,6.999999962254E-1,
4.499995495298E0));
#1784=LINE('7946',#1783,#1782);
#1785=CARTESIAN_POINT('',(-5.300000351182E0,1.000000000002E-1,4.6E0));
#1786=CARTESIAN_POINT('',(-5.290158851591E0,9.071228843624E-2,
4.590158500408E0));
#1787=CARTESIAN_POINT('',(-5.269651257785E0,7.272805266005E-2,
4.569651316297E0));
#1788=CARTESIAN_POINT('',(-5.236153307913E0,4.754266482322E-2,
4.536153629895E0));
#1789=CARTESIAN_POINT('',(-5.212326013868E0,3.233636553627E-2,
4.512325223570E0));
#1790=CARTESIAN_POINT('',(-5.199999604851E0,2.513334044980E-2,
4.499998814552E0));
#1792=DIRECTION('',(1.E0,-2.830143526940E-13,1.287858708565E-13));
#1793=VECTOR('',#1792,2.E-1);
#1794=CARTESIAN_POINT('',(-5.4E0,5.499304715310E-14,4.451637062984E0));
#1795=LINE('7960',#1794,#1793);
#1796=DIRECTION('',(0.E0,1.047641861057E-14,1.E0));
#1797=VECTOR('',#1796,1.483629370161E-1);
#1798=CARTESIAN_POINT('',(-5.2E0,0.E0,4.451637062984E0));
#1799=LINE('7961',#1798,#1797);
#1800=DIRECTION('',(1.E0,0.E0,0.E0));
#1801=VECTOR('',#1800,1.04E1);
#1802=CARTESIAN_POINT('',(-4.9E0,1.2E0,4.6E0));
#1803=LINE('7999',#1802,#1801);
#1804=CARTESIAN_POINT('',(5.5E0,7.E-1,4.6E0));
#1805=DIRECTION('',(0.E0,0.E0,-1.E0));
#1806=DIRECTION('',(0.E0,1.E0,0.E0));
#1807=AXIS2_PLACEMENT_3D('',#1804,#1805,#1806);
#1809=DIRECTION('',(0.E0,-1.E0,-3.123427442614E-13));
#1810=VECTOR('',#1809,5.999999999997E-1);
#1811=CARTESIAN_POINT('',(6.E0,6.999999999999E-1,4.6E0));
#1812=LINE('7786',#1811,#1810);
#1813=CARTESIAN_POINT('',(5.5E0,7.E-1,4.599999999916E0));
#1814=DIRECTION('',(0.E0,0.E0,1.E0));
#1815=DIRECTION('',(1.E0,-2.176519242956E-8,0.E0));
#1816=AXIS2_PLACEMENT_3D('',#1813,#1814,#1815);
#1818=CARTESIAN_POINT('',(-4.9E0,7.E-1,4.599999999916E0));
#1819=DIRECTION('',(0.E0,0.E0,1.E0));
#1820=DIRECTION('',(0.E0,1.E0,0.E0));
#1821=AXIS2_PLACEMENT_3D('',#1818,#1819,#1820);
#1823=DIRECTION('',(9.951870558658E-6,-9.999999999443E-1,3.512866310929E-6));
#1824=VECTOR('',#1823,5.999999938471E-1);
#1825=CARTESIAN_POINT('',(-5.300006322305E0,6.999999938139E-1,
4.599997892280E0));
#1826=LINE('8005',#1825,#1824);
#1827=DIRECTION('',(-1.E0,-1.412486203481E-12,5.595543694669E-13));
#1828=VECTOR('',#1827,9.999964881772E-2);
#1829=CARTESIAN_POINT('',(-5.300000351182E0,1.000000000002E-1,4.6E0));
#1830=LINE('7959',#1829,#1828);
#1831=DIRECTION('',(0.E0,1.E0,1.406282497859E-13));
#1832=VECTOR('',#1831,5.999999999998E-1);
#1833=CARTESIAN_POINT('',(-5.4E0,1.000000000001E-1,4.6E0));
#1834=LINE('8006',#1833,#1832);
#1835=CARTESIAN_POINT('',(-4.9E0,7.E-1,4.6E0));
#1836=DIRECTION('',(0.E0,0.E0,-1.E0));
#1837=DIRECTION('',(-1.E0,-2.000621890375E-13,0.E0));
#1838=AXIS2_PLACEMENT_3D('',#1835,#1836,#1837);
#1840=DIRECTION('',(1.E0,-9.447997939551E-13,-9.592326932752E-13));
#1841=VECTOR('',#1840,1.000000000001E-1);
#1842=CARTESIAN_POINT('',(5.9E0,1.000000000003E-1,4.6E0));
#1843=LINE('8008',#1842,#1841);
#1844=CARTESIAN_POINT('',(5.9E0,1.000000000005E-1,4.6E0));
#1845=CARTESIAN_POINT('',(5.868475725202E0,7.024961807320E-2,4.568475725202E0));
#1846=CARTESIAN_POINT('',(5.835026470751E0,4.560130862684E-2,4.535026470751E0));
#1847=CARTESIAN_POINT('',(5.8E0,2.513334044958E-2,4.5E0));
#1849=DIRECTION('',(1.756446629695E-6,9.999999999838E-1,-5.416289716308E-6));
#1850=VECTOR('',#1849,6.748666562708E-1);
#1851=CARTESIAN_POINT('',(5.8E0,2.513334044950E-2,4.499999802384E0));
#1852=LINE('7825',#1851,#1850);
#1853=DIRECTION('',(-7.610129735487E-6,-9.999999999710E-1,2.723066240343E-10));
#1854=VECTOR('',#1853,5.999999948476E-1);
#1855=CARTESIAN_POINT('',(5.900004566078E0,6.999999948305E-1,4.599999999837E0));
#1856=LINE('8001',#1855,#1854);
#1857=DIRECTION('',(8.783773820348E-14,1.E0,0.E0));
#1858=VECTOR('',#1857,7.078106819530E-1);
#1859=CARTESIAN_POINT('',(5.8E0,-7.810681952831E-3,4.E0));
#1860=LINE('7818',#1859,#1858);
#1861=CARTESIAN_POINT('',(5.8E0,5.E-1,4.222508278236E0));
#1862=DIRECTION('',(1.E0,0.E0,0.E0));
#1863=DIRECTION('',(0.E0,-8.633943959995E-1,5.045295996834E-1));
#1864=AXIS2_PLACEMENT_3D('',#1861,#1862,#1863);
#1866=DIRECTION('',(-2.370752092849E-6,6.581670188523E-9,-9.999999999972E-1));
#1867=VECTOR('',#1866,4.999961471119E-1);
#1868=CARTESIAN_POINT('',(5.800001185367E0,6.999999967093E-1,4.499996147111E0));
#1869=LINE('7861',#1868,#1867);
#1870=DIRECTION('',(0.E0,-1.406282497859E-14,-1.E0));
#1871=VECTOR('',#1870,9.E-1);
#1872=CARTESIAN_POINT('',(5.8E0,7.000000000001E-1,4.E0));
#1873=LINE('7857',#1872,#1871);
#1874=DIRECTION('',(1.131120779685E-6,-5.323783741890E-14,-9.999999999994E-1));
#1875=VECTOR('',#1874,2.100000000001E0);
#1876=CARTESIAN_POINT('',(5.8E0,7.000000000001E-1,3.1E0));
#1877=LINE('7862',#1876,#1875);
#1878=CARTESIAN_POINT('',(5.800002375354E0,7.E-1,1.E0));
#1879=CARTESIAN_POINT('',(5.800002375354E0,7.261764263882E-1,
8.889073144010E-1));
#1880=CARTESIAN_POINT('',(5.793106466258E0,7.785365739749E-1,
6.667102939195E-1));
#1881=CARTESIAN_POINT('',(5.762791875141E0,8.517257257243E-1,
3.332833822530E-1));
#1882=CARTESIAN_POINT('',(5.730640560417E0,8.936235082952E-1,
1.110901866699E-1));
#1883=CARTESIAN_POINT('',(5.712132034356E0,9.121320343560E-1,
2.297897705901E-14));
#1885=CARTESIAN_POINT('',(5.5E0,7.E-1,0.E0));
#1886=DIRECTION('',(0.E0,0.E0,1.E0));
#1887=DIRECTION('',(7.071067811862E-1,7.071067811868E-1,0.E0));
#1888=AXIS2_PLACEMENT_3D('',#1885,#1886,#1887);
#1890=CARTESIAN_POINT('',(5.5E0,7.E-1,0.E0));
#1891=DIRECTION('',(0.E0,0.E0,-1.E0));
#1892=DIRECTION('',(0.E0,1.E0,0.E0));
#1893=AXIS2_PLACEMENT_3D('',#1890,#1891,#1892);
#1895=DIRECTION('',(7.071067811865E-1,7.071067811866E-1,-2.102808470864E-13));
#1896=VECTOR('',#1895,2.000052799823E-1);
#1897=CARTESIAN_POINT('',(5.712132034356E0,9.121320343560E-1,
2.297897705901E-14));
#1898=LINE('7867',#1897,#1896);
#1899=DIRECTION('',(0.E0,1.E0,0.E0));
#1900=VECTOR('',#1899,2.E-1);
#1901=CARTESIAN_POINT('',(4.974999999999E0,1.E0,0.E0));
#1902=LINE('7865',#1901,#1900);
#1903=DIRECTION('',(-1.E0,0.E0,0.E0));
#1904=VECTOR('',#1903,6.999999999995E-1);
#1905=CARTESIAN_POINT('',(4.724999999999E0,1.2E0,0.E0));
#1906=LINE('7872',#1905,#1904);
#1907=DIRECTION('',(0.E0,-1.E0,0.E0));
#1908=VECTOR('',#1907,2.E-1);
#1909=CARTESIAN_POINT('',(4.025E0,1.2E0,0.E0));
#1910=LINE('8574',#1909,#1908);
#1911=DIRECTION('',(1.E0,0.E0,0.E0));
#1912=VECTOR('',#1911,6.999999999995E-1);
#1913=CARTESIAN_POINT('',(4.025E0,1.E0,0.E0));
#1914=LINE('7905',#1913,#1912);
#1915=DIRECTION('',(0.E0,1.E0,0.E0));
#1916=VECTOR('',#1915,2.E-1);
#1917=CARTESIAN_POINT('',(4.724999999999E0,1.E0,0.E0));
#1918=LINE('8573',#1917,#1916);
#1919=CARTESIAN_POINT('',(3.9E0,1.E0,0.E0));
#1920=DIRECTION('',(0.E0,-1.E0,0.E0));
#1921=DIRECTION('',(1.E0,0.E0,0.E0));
#1922=AXIS2_PLACEMENT_3D('',#1919,#1920,#1921);
#1924=DIRECTION('',(-2.664535259101E-13,0.E0,-1.E0));
#1925=VECTOR('',#1924,4.999999999998E-1);
#1926=CARTESIAN_POINT('',(3.775E0,1.E0,0.E0));
#1927=LINE('7896',#1926,#1925);
#1928=DIRECTION('',(-1.E0,0.E0,-2.698081566319E-14));
#1929=VECTOR('',#1928,6.95E0);
#1930=CARTESIAN_POINT('',(3.775E0,1.E0,-4.999999999998E-1));
#1931=LINE('7890',#1930,#1929);
#1932=CARTESIAN_POINT('',(-3.3E0,1.E0,0.E0));
#1933=DIRECTION('',(0.E0,-1.E0,0.E0));
#1934=DIRECTION('',(1.E0,0.E0,0.E0));
#1935=AXIS2_PLACEMENT_3D('',#1932,#1933,#1934);
#1937=CARTESIAN_POINT('',(-4.249999999999E0,1.E0,0.E0));
#1938=DIRECTION('',(0.E0,-1.E0,0.E0));
#1939=DIRECTION('',(1.E0,0.E0,0.E0));
#1940=AXIS2_PLACEMENT_3D('',#1937,#1938,#1939);
#1942=DIRECTION('',(0.E0,1.293467420327E-11,-1.E0));
#1943=VECTOR('',#1942,4.499997036199E0);
#1944=CARTESIAN_POINT('',(5.5E0,9.999999999418E-1,4.499997036199E0));
#1945=LINE('7859',#1944,#1943);
#1946=DIRECTION('',(-1.E0,0.E0,0.E0));
#1947=VECTOR('',#1946,5.250000000010E-1);
#1948=CARTESIAN_POINT('',(5.5E0,1.E0,0.E0));
#1949=LINE('7903',#1948,#1947);
#1950=CARTESIAN_POINT('',(4.849999999999E0,1.E0,0.E0));
#1951=DIRECTION('',(0.E0,-1.E0,0.E0));
#1952=DIRECTION('',(1.E0,0.E0,0.E0));
#1953=AXIS2_PLACEMENT_3D('',#1950,#1951,#1952);
#1955=DIRECTION('',(9.999999999999E-1,3.377564974073E-7,0.E0));
#1956=VECTOR('',#1955,1.04E1);
#1957=CARTESIAN_POINT('',(-4.9E0,1.100004917261E0,4.599999999837E0));
#1958=LINE('8003',#1957,#1956);
#1959=DIRECTION('',(4.264128196810E-12,-7.071261062812E-1,-7.070874555637E-1));
#1960=VECTOR('',#1959,1.414294127994E-1);
#1961=CARTESIAN_POINT('',(5.499999999999E0,1.100008429928E0,4.599999999837E0));
#1962=LINE('8012',#1961,#1960);
#1963=DIRECTION('',(-1.E0,1.139804753999E-7,-8.549168851478E-8));
#1964=VECTOR('',#1963,1.04E1);
#1965=CARTESIAN_POINT('',(5.5E0,9.999999999418E-1,4.499997036199E0));
#1966=LINE('7902',#1965,#1964);
#1967=DIRECTION('',(-7.071051124190E-1,1.328476815624E-8,-7.071084499501E-1));
#1968=VECTOR('',#1967,1.414264710499E-1);
#1969=CARTESIAN_POINT('',(5.900004566078E0,6.999999948305E-1,4.599999999837E0));
#1970=LINE('8011',#1969,#1968);
#1971=CARTESIAN_POINT('',(5.5E0,7.E-1,4.499990516410E0));
#1972=DIRECTION('',(0.E0,0.E0,1.E0));
#1973=DIRECTION('',(1.E0,0.E0,0.E0));
#1974=AXIS2_PLACEMENT_3D('',#1971,#1972,#1973);
#1976=DIRECTION('',(-7.071214959133E-1,-1.705110468565E-8,7.070920661536E-1));
#1977=VECTOR('',#1976,1.414276892208E-1);
#1978=CARTESIAN_POINT('',(-5.199999763139E0,6.999999962254E-1,
4.499995495298E0));
#1979=LINE('8013',#1978,#1977);
#1980=DIRECTION('',(-2.204326216515E-12,-7.071063540047E-1,-7.071072083681E-1));
#1981=VECTOR('',#1980,1.414267194116E-1);
#1982=CARTESIAN_POINT('',(-4.9E0,1.100004917261E0,4.599999999837E0));
#1983=LINE('8014',#1982,#1981);
#1984=CARTESIAN_POINT('',(-4.9E0,7.E-1,4.499990516416E0));
#1985=DIRECTION('',(0.E0,0.E0,1.E0));
#1986=DIRECTION('',(-1.006602208993E-13,1.E0,0.E0));
#1987=AXIS2_PLACEMENT_3D('',#1984,#1985,#1986);
#1989=DIRECTION('',(1.E0,-3.264055692399E-13,0.E0));
#1990=VECTOR('',#1989,1.999999999999E-1);
#1991=CARTESIAN_POINT('',(5.5E0,8.E-1,3.1E0));
#1992=LINE('7850',#1991,#1990);
#1993=DIRECTION('',(0.E0,0.E0,1.E0));
#1994=VECTOR('',#1993,9.E-1);
#1995=CARTESIAN_POINT('',(5.7E0,7.999999999999E-1,3.1E0));
#1996=LINE('7858',#1995,#1994);
#1997=DIRECTION('',(-1.E0,3.269606807522E-13,0.E0));
#1998=VECTOR('',#1997,1.999999999999E-1);
#1999=CARTESIAN_POINT('',(5.7E0,7.999999999999E-1,4.E0));
#2000=LINE('7816',#1999,#1998);
#2001=DIRECTION('',(0.E0,0.E0,-1.E0));
#2002=VECTOR('',#2001,9.E-1);
#2003=CARTESIAN_POINT('',(5.5E0,8.E-1,4.E0));
#2004=LINE('8119',#2003,#2002);
#2005=DIRECTION('',(8.881784197E-14,1.E0,0.E0));
#2006=VECTOR('',#2005,7.000000000001E-1);
#2007=CARTESIAN_POINT('',(5.8E0,0.E0,3.1E0));
#2008=LINE('7848',#2007,#2006);
#2009=DIRECTION('',(-7.071067811877E-1,7.071067811854E-1,0.E0));
#2010=VECTOR('',#2009,1.414213562373E-1);
#2011=CARTESIAN_POINT('',(5.8E0,7.000000000001E-1,3.1E0));
#2012=LINE('7849',#2011,#2010);
#2013=DIRECTION('',(-1.E0,0.E0,0.E0));
#2014=VECTOR('',#2013,2.E-1);
#2015=CARTESIAN_POINT('',(5.35E0,8.E-1,3.1E0));
#2016=LINE('7702',#2015,#2014);
#2017=DIRECTION('',(0.E0,-1.E0,0.E0));
#2018=VECTOR('',#2017,8.E-1);
#2019=CARTESIAN_POINT('',(5.15E0,8.E-1,3.1E0));
#2020=LINE('7855',#2019,#2018);
#2021=DIRECTION('',(1.E0,0.E0,0.E0));
#2022=VECTOR('',#2021,6.5E-1);
#2023=CARTESIAN_POINT('',(5.15E0,0.E0,3.1E0));
#2024=LINE('7856',#2023,#2022);
#2025=DIRECTION('',(0.E0,1.E0,0.E0));
#2026=VECTOR('',#2025,6.5E-1);
#2027=CARTESIAN_POINT('',(5.5E0,5.E-2,3.1E0));
#2028=LINE('7851',#2027,#2026);
#2029=DIRECTION('',(0.E0,0.E0,-1.E0));
#2030=VECTOR('',#2029,3.6E0);
#2031=CARTESIAN_POINT('',(5.5E0,7.E-1,3.1E0));
#2032=LINE('8138',#2031,#2030);
#2033=CARTESIAN_POINT('',(5.5E0,6.E-1,-5.E-1));
#2034=DIRECTION('',(-1.E0,0.E0,0.E0));
#2035=DIRECTION('',(0.E0,1.E0,0.E0));
#2036=AXIS2_PLACEMENT_3D('',#2033,#2034,#2035);
#2038=CARTESIAN_POINT('',(5.5E0,1.5E-1,-5.E-1));
#2039=DIRECTION('',(-1.E0,0.E0,0.E0));
#2040=DIRECTION('',(0.E0,0.E0,-1.E0));
#2041=AXIS2_PLACEMENT_3D('',#2038,#2039,#2040);
#2043=DIRECTION('',(0.E0,0.E0,1.E0));
#2044=VECTOR('',#2043,3.6E0);
#2045=CARTESIAN_POINT('',(5.5E0,5.E-2,-4.999999999999E-1));
#2046=LINE('8193',#2045,#2044);
#2047=DIRECTION('',(-1.E0,0.E0,0.E0));
#2048=VECTOR('',#2047,1.5E-1);
#2049=CARTESIAN_POINT('',(5.5E0,7.E-1,-5.E-1));
#2050=LINE('8197',#2049,#2048);
#2051=DIRECTION('',(0.E0,-1.E0,0.E0));
#2052=VECTOR('',#2051,6.5E-1);
#2053=CARTESIAN_POINT('',(5.35E0,7.E-1,3.1E0));
#2054=LINE('7853',#2053,#2052);
#2055=CARTESIAN_POINT('',(5.35E0,1.5E-1,-5.E-1));
#2056=DIRECTION('',(1.E0,0.E0,0.E0));
#2057=DIRECTION('',(0.E0,-1.E0,2.002842336424E-12));
#2058=AXIS2_PLACEMENT_3D('',#2055,#2056,#2057);
#2060=CARTESIAN_POINT('',(5.35E0,6.E-1,-5.E-1));
#2061=DIRECTION('',(1.E0,0.E0,0.E0));
#2062=DIRECTION('',(0.E0,0.E0,-1.E0));
#2063=AXIS2_PLACEMENT_3D('',#2060,#2061,#2062);
#2065=DIRECTION('',(0.E0,0.E0,1.E0));
#2066=VECTOR('',#2065,3.6E0);
#2067=CARTESIAN_POINT('',(5.35E0,7.E-1,-5.E-1));
#2068=LINE('8192',#2067,#2066);
#2069=DIRECTION('',(0.E0,0.E0,1.E0));
#2070=VECTOR('',#2069,3.6E0);
#2071=CARTESIAN_POINT('',(5.35E0,5.E-2,-4.999999999999E-1));
#2072=LINE('8194',#2071,#2070);
#2073=DIRECTION('',(1.E0,0.E0,0.E0));
#2074=VECTOR('',#2073,1.5E-1);
#2075=CARTESIAN_POINT('',(5.35E0,5.E-2,3.1E0));
#2076=LINE('7852',#2075,#2074);
#2077=DIRECTION('',(-1.E0,0.E0,0.E0));
#2078=VECTOR('',#2077,1.5E-1);
#2079=CARTESIAN_POINT('',(5.5E0,1.5E-1,-6.E-1));
#2080=LINE('8200',#2079,#2078);
#2081=DIRECTION('',(1.E0,0.E0,-4.455695072162E-13));
#2082=VECTOR('',#2081,1.5E-1);
#2083=CARTESIAN_POINT('',(5.35E0,5.E-2,-4.999999999999E-1));
#2084=LINE('8201',#2083,#2082);
#2085=DIRECTION('',(-1.E0,0.E0,0.E0));
#2086=VECTOR('',#2085,1.5E-1);
#2087=CARTESIAN_POINT('',(5.5E0,6.E-1,-6.E-1));
#2088=LINE('8198',#2087,#2086);
#2089=DIRECTION('',(0.E0,-1.E0,0.E0));
#2090=VECTOR('',#2089,4.5E-1);
#2091=CARTESIAN_POINT('',(5.35E0,6.E-1,-6.E-1));
#2092=LINE('8190',#2091,#2090);
#2093=DIRECTION('',(0.E0,1.E0,0.E0));
#2094=VECTOR('',#2093,4.5E-1);
#2095=CARTESIAN_POINT('',(5.5E0,1.5E-1,-6.E-1));
#2096=LINE('8199',#2095,#2094);
#2097=CARTESIAN_POINT('',(4.8E0,8.E-1,1.092820323028E0));
#2098=DIRECTION('',(0.E0,1.E0,0.E0));
#2099=DIRECTION('',(1.E0,0.E0,0.E0));
#2100=AXIS2_PLACEMENT_3D('',#2097,#2098,#2099);
#2102=DIRECTION('',(-8.660254037843E-1,0.E0,-5.000000000002E-1));
#2103=VECTOR('',#2102,1.732050807567E-1);
#2104=CARTESIAN_POINT('',(4.9E0,8.E-1,9.196152422705E-1));
#2105=LINE('7693',#2104,#2103);
#2106=CARTESIAN_POINT('',(5.E0,8.E-1,4.E-1));
#2107=DIRECTION('',(0.E0,-1.E0,0.E0));
#2108=DIRECTION('',(-5.E-1,0.E0,8.660254037844E-1));
#2109=AXIS2_PLACEMENT_3D('',#2106,#2107,#2108);
#2111=CARTESIAN_POINT('',(4.75E0,8.E-1,-2.538348415311E-1));
#2112=DIRECTION('',(0.E0,1.E0,0.E0));
#2113=DIRECTION('',(3.571428571132E-1,0.E0,9.340497736272E-1));
#2114=AXIS2_PLACEMENT_3D('',#2111,#2112,#2113);
#2116=CARTESIAN_POINT('',(4.75E0,8.E-1,-2.538348415311E-1));
#2117=DIRECTION('',(0.E0,-1.E0,0.E0));
#2118=DIRECTION('',(1.E0,0.E0,-5.717648576820E-13));
#2119=AXIS2_PLACEMENT_3D('',#2116,#2117,#2118);
#2121=CARTESIAN_POINT('',(5.E0,8.E-1,4.E-1));
#2122=DIRECTION('',(0.E0,1.E0,0.E0));
#2123=DIRECTION('',(-3.571428570409E-1,0.E0,-9.340497736548E-1));
#2124=AXIS2_PLACEMENT_3D('',#2121,#2122,#2123);
#2126=DIRECTION('',(8.660254037844E-1,0.E0,5.000000000001E-1));
#2127=VECTOR('',#2126,1.732050807566E-1);
#2128=CARTESIAN_POINT('',(4.825E0,8.E-1,7.031088913246E-1));
#2129=LINE('7700',#2128,#2127);
#2130=CARTESIAN_POINT('',(4.8E0,8.E-1,1.092820323028E0));
#2131=DIRECTION('',(0.E0,-1.E0,0.E0));
#2132=DIRECTION('',(4.999999999993E-1,0.E0,-8.660254037848E-1));
#2133=AXIS2_PLACEMENT_3D('',#2130,#2131,#2132);
#2135=DIRECTION('',(-1.E0,0.E0,0.E0));
#2136=VECTOR('',#2135,2.E-1);
#2137=CARTESIAN_POINT('',(5.35E0,8.E-1,4.E0));
#2138=LINE('7704',#2137,#2136);
#2139=DIRECTION('',(0.E0,0.E0,1.E0));
#2140=VECTOR('',#2139,4.E-1);
#2141=CARTESIAN_POINT('',(5.15E0,8.E-1,4.E0));
#2142=LINE('7705',#2141,#2140);
#2143=DIRECTION('',(-1.737499033538E-12,1.E0,-9.085787677776E-13));
#2144=VECTOR('',#2143,8.E-1);
#2145=CARTESIAN_POINT('',(4.900000000001E0,0.E0,9.196152422713E-1));
#2146=LINE('8587',#2145,#2144);
#2147=DIRECTION('',(1.676436767184E-13,-1.E0,1.600386489997E-12));
#2148=VECTOR('',#2147,8.E-1);
#2149=CARTESIAN_POINT('',(5.E0,8.E-1,1.092820323029E0));
#2150=LINE('8588',#2149,#2148);
#2151=DIRECTION('',(2.499112028431E-12,1.E0,1.433714258425E-12));
#2152=VECTOR('',#2151,8.E-1);
#2153=CARTESIAN_POINT('',(4.749999999998E0,0.E0,8.330127018910E-1));
#2154=LINE('8586',#2153,#2152);
#2155=DIRECTION('',(-1.319722109372E-11,1.E0,5.046883050364E-12));
#2156=VECTOR('',#2155,8.E-1);
#2157=CARTESIAN_POINT('',(4.821428571435E0,0.E0,-6.702488681051E-2));
#2158=LINE('8585',#2157,#2156);
#2159=DIRECTION('',(0.E0,1.E0,-4.896083538597E-13));
#2160=VECTOR('',#2159,8.E-1);
#2161=CARTESIAN_POINT('',(4.95E0,0.E0,-2.538348415332E-1));
#2162=LINE('8584',#2161,#2160);
#2163=DIRECTION('',(0.E0,0.E0,-1.E0));
#2164=VECTOR('',#2163,2.461651584668E-1);
#2165=CARTESIAN_POINT('',(4.95E0,0.E0,-2.538348415332E-1));
#2166=LINE('7838',#2165,#2164);
#2167=DIRECTION('',(0.E0,1.E0,0.E0));
#2168=VECTOR('',#2167,8.E-1);
#2169=CARTESIAN_POINT('',(4.95E0,0.E0,-5.E-1));
#2170=LINE('8580',#2169,#2168);
#2171=DIRECTION('',(0.E0,0.E0,1.E0));
#2172=VECTOR('',#2171,2.461651584664E-1);
#2173=CARTESIAN_POINT('',(4.95E0,8.E-1,-5.E-1));
#2174=LINE('7696',#2173,#2172);
#2175=DIRECTION('',(1.E0,0.E0,0.E0));
#2176=VECTOR('',#2175,1.5E-1);
#2177=CARTESIAN_POINT('',(4.95E0,0.E0,-5.E-1));
#2178=LINE('8581',#2177,#2176);
#2179=DIRECTION('',(0.E0,1.E0,0.E0));
#2180=VECTOR('',#2179,8.E-1);
#2181=CARTESIAN_POINT('',(5.1E0,0.E0,-5.E-1));
#2182=LINE('8582',#2181,#2180);
#2183=DIRECTION('',(-1.E0,0.E0,0.E0));
#2184=VECTOR('',#2183,1.5E-1);
#2185=CARTESIAN_POINT('',(5.1E0,8.E-1,-5.E-1));
#2186=LINE('8583',#2185,#2184);
#2187=DIRECTION('',(0.E0,0.E0,1.E0));
#2188=VECTOR('',#2187,2.461651584710E-1);
#2189=CARTESIAN_POINT('',(5.1E0,0.E0,-5.E-1));
#2190=LINE('8579',#2189,#2188);
#2191=DIRECTION('',(0.E0,1.E0,-2.794292575103E-12));
#2192=VECTOR('',#2191,8.E-1);
#2193=CARTESIAN_POINT('',(5.1E0,0.E0,-2.538348415290E-1));
#2194=LINE('8578',#2193,#2192);
#2195=DIRECTION('',(0.E0,0.E0,-1.E0));
#2196=VECTOR('',#2195,2.461651584688E-1);
#2197=CARTESIAN_POINT('',(5.1E0,8.E-1,-2.538348415312E-1));
#2198=LINE('7697',#2197,#2196);
#2199=DIRECTION('',(1.071820410203E-10,1.E0,-4.098346662040E-11));
#2200=VECTOR('',#2199,8.E-1);
#2201=CARTESIAN_POINT('',(4.874999999936E0,0.E0,7.308257925874E-2));
#2202=LINE('8577',#2201,#2200);
#2203=DIRECTION('',(7.049916206370E-13,1.E0,5.169475958411E-13));
#2204=VECTOR('',#2203,8.E-1);
#2205=CARTESIAN_POINT('',(4.825E0,0.E0,7.031088913242E-1));
#2206=LINE('8576',#2205,#2204);
#2207=DIRECTION('',(-1.915134717478E-12,1.E0,-1.141170491437E-12));
#2208=VECTOR('',#2207,8.E-1);
#2209=CARTESIAN_POINT('',(4.975000000001E0,0.E0,7.897114317038E-1));
#2210=LINE('7846',#2209,#2208);
#2211=DIRECTION('',(-1.E0,0.E0,0.E0));
#2212=VECTOR('',#2211,1.5E-1);
#2213=CARTESIAN_POINT('',(5.15E0,6.E-1,4.6E0));
#2214=LINE('8620',#2213,#2212);
#2215=DIRECTION('',(1.E0,0.E0,0.E0));
#2216=VECTOR('',#2215,1.5E-1);
#2217=CARTESIAN_POINT('',(5.E0,8.E-1,4.4E0));
#2218=LINE('8621',#2217,#2216);
#2219=DIRECTION('',(-1.E0,0.E0,0.E0));
#2220=VECTOR('',#2219,1.5E-1);
#2221=CARTESIAN_POINT('',(5.15E0,5.000000000005E-2,4.6E0));
#2222=LINE('8617',#2221,#2220);
#2223=DIRECTION('',(0.E0,1.E0,2.583791766401E-13));
#2224=VECTOR('',#2223,5.499999999999E-1);
#2225=CARTESIAN_POINT('',(5.E0,5.000000000005E-2,4.6E0));
#2226=LINE('8618',#2225,#2224);
#2227=DIRECTION('',(0.E0,-1.E0,-2.583791766401E-13));
#2228=VECTOR('',#2227,5.499999999999E-1);
#2229=CARTESIAN_POINT('',(5.15E0,6.E-1,4.6E0));
#2230=LINE('8619',#2229,#2228);
#2231=DIRECTION('',(-1.E0,-4.093022217451E-13,0.E0));
#2232=VECTOR('',#2231,1.5E-1);
#2233=CARTESIAN_POINT('',(5.15E0,-8.333333333315E-2,4.552859547921E0));
#2234=LINE('8616',#2233,#2232);
#2235=DIRECTION('',(-1.E0,0.E0,-1.184237892934E-14));
#2236=VECTOR('',#2235,1.5E-1);
#2237=CARTESIAN_POINT('',(5.15E0,-1.5E-1,4.6E0));
#2238=LINE('8615',#2237,#2236);
#2239=DIRECTION('',(-1.E0,1.990999957494E-13,0.E0));
#2240=VECTOR('',#2239,1.5E-1);
#2241=CARTESIAN_POINT('',(5.15E0,-7.500000000001E-1,4.6E0));
#2242=LINE('8612',#2241,#2240);
#2243=DIRECTION('',(0.E0,1.E0,0.E0));
#2244=VECTOR('',#2243,6.E-1);
#2245=CARTESIAN_POINT('',(5.E0,-7.5E-1,4.6E0));
#2246=LINE('8613',#2245,#2244);
#2247=DIRECTION('',(0.E0,-1.E0,0.E0));
#2248=VECTOR('',#2247,6.000000000001E-1);
#2249=CARTESIAN_POINT('',(5.15E0,-1.5E-1,4.6E0));
#2250=LINE('8614',#2249,#2248);
#2251=DIRECTION('',(-1.E0,6.957397620984E-14,-1.776356839400E-14));
#2252=VECTOR('',#2251,1.5E-1);
#2253=CARTESIAN_POINT('',(5.15E0,-8.166666666666E-1,4.552859547921E0));
#2254=LINE('8611',#2253,#2252);
#2255=DIRECTION('',(-1.E0,0.E0,0.E0));
#2256=VECTOR('',#2255,1.5E-1);
#2257=CARTESIAN_POINT('',(5.15E0,-9.500000000001E-1,4.6E0));
#2258=LINE('8610',#2257,#2256);
#2259=CARTESIAN_POINT('',(4.85E0,-1.15E0,4.6E0));
#2260=DIRECTION('',(0.E0,0.E0,1.E0));
#2261=DIRECTION('',(-1.659117288E-11,-1.E0,0.E0));
#2262=AXIS2_PLACEMENT_3D('',#2259,#2260,#2261);
#2264=DIRECTION('',(0.E0,1.E0,-7.194245199621E-13));
#2265=VECTOR('',#2264,1.999999999986E-1);
#2266=CARTESIAN_POINT('',(5.E0,-1.149999999999E0,4.6E0));
#2267=LINE('8606',#2266,#2265);
#2268=DIRECTION('',(0.E0,-1.E0,7.194245199573E-13));
#2269=VECTOR('',#2268,1.999999999999E-1);
#2270=CARTESIAN_POINT('',(5.15E0,-9.500000000001E-1,4.6E0));
#2271=LINE('8607',#2270,#2269);
#2272=CARTESIAN_POINT('',(4.85E0,-1.15E0,4.6E0));
#2273=DIRECTION('',(0.E0,0.E0,-1.E0));
#2274=DIRECTION('',(1.E0,0.E0,0.E0));
#2275=AXIS2_PLACEMENT_3D('',#2272,#2273,#2274);
#2277=DIRECTION('',(1.E0,0.E0,0.E0));
#2278=VECTOR('',#2277,4.499999999988E-1);
#2279=CARTESIAN_POINT('',(4.4E0,-1.3E0,4.6E0));
#2280=LINE('8609',#2279,#2278);
#2281=DIRECTION('',(1.E0,0.E0,0.E0));
#2282=VECTOR('',#2281,4.5E-1);
#2283=CARTESIAN_POINT('',(4.4E0,-1.45E0,4.6E0));
#2284=LINE('8624',#2283,#2282);
#2285=DIRECTION('',(0.E0,0.E0,-1.E0));
#2286=VECTOR('',#2285,6.E-1);
#2287=CARTESIAN_POINT('',(4.85E0,-1.45E0,4.6E0));
#2288=LINE('8622',#2287,#2286);
#2289=DIRECTION('',(-1.E0,0.E0,0.E0));
#2290=VECTOR('',#2289,4.5E-1);
#2291=CARTESIAN_POINT('',(4.85E0,-1.45E0,4.E0));
#2292=LINE('8625',#2291,#2290);
#2293=DIRECTION('',(0.E0,0.E0,1.E0));
#2294=VECTOR('',#2293,6.E-1);
#2295=CARTESIAN_POINT('',(4.4E0,-1.3E0,4.E0));
#2296=LINE('8627',#2295,#2294);
#2297=DIRECTION('',(0.E0,-1.E0,0.E0));
#2298=VECTOR('',#2297,1.5E-1);
#2299=CARTESIAN_POINT('',(4.4E0,-1.3E0,4.6E0));
#2300=LINE('8628',#2299,#2298);
#2301=DIRECTION('',(0.E0,0.E0,-1.E0));
#2302=VECTOR('',#2301,6.E-1);
#2303=CARTESIAN_POINT('',(4.4E0,-1.45E0,4.6E0));
#2304=LINE('8626',#2303,#2302);
#2305=DIRECTION('',(0.E0,1.E0,0.E0));
#2306=VECTOR('',#2305,1.5E-1);
#2307=CARTESIAN_POINT('',(4.4E0,-1.45E0,4.E0));
#2308=LINE('8629',#2307,#2306);
#2309=DIRECTION('',(1.E0,0.E0,0.E0));
#2310=VECTOR('',#2309,4.499999999987E-1);
#2311=CARTESIAN_POINT('',(4.4E0,-1.3E0,4.E0));
#2312=LINE('8603',#2311,#2310);
#2313=DIRECTION('',(2.072416312634E-13,0.E0,1.E0));
#2314=VECTOR('',#2313,6.E-1);
#2315=CARTESIAN_POINT('',(4.849999999999E0,-1.3E0,4.E0));
#2316=LINE('7735',#2315,#2314);
#2317=DIRECTION('',(-1.E0,0.E0,0.E0));
#2318=VECTOR('',#2317,2.E-1);
#2319=CARTESIAN_POINT('',(6.E0,-7.810681952831E-3,4.E0));
#2320=LINE('7819',#2319,#2318);
#2321=DIRECTION('',(1.578403128637E-13,-8.187966229803E-13,1.E0));
#2322=VECTOR('',#2321,1.125413911802E-2);
#2323=CARTESIAN_POINT('',(5.8E0,-7.810681952831E-3,4.E0));
#2324=LINE('8015',#2323,#2322);
#2325=DIRECTION('',(1.E0,0.E0,-1.199040866595E-13));
#2326=VECTOR('',#2325,2.E-1);
#2327=CARTESIAN_POINT('',(5.8E0,-7.810681952840E-3,4.011254139118E0));
#2328=LINE('8009',#2327,#2326);
#2329=DIRECTION('',(0.E0,6.692028499015E-13,-1.E0));
#2330=VECTOR('',#2329,1.125413911800E-2);
#2331=CARTESIAN_POINT('',(6.E0,-7.810681952838E-3,4.011254139118E0));
#2332=LINE('8016',#2331,#2330);
#2333=DIRECTION('',(0.E0,0.E0,1.E0));
#2334=VECTOR('',#2333,4.6E0);
#2335=CARTESIAN_POINT('',(-4.9E0,1.2E0,0.E0));
#2336=LINE('7997',#2335,#2334);
#2337=DIRECTION('',(0.E0,0.E0,-1.E0));
#2338=VECTOR('',#2337,4.6E0);
#2339=CARTESIAN_POINT('',(-5.4E0,6.999999999999E-1,4.6E0));
#2340=LINE('7998',#2339,#2338);
#2341=DIRECTION('',(4.485443127180E-9,1.E0,-1.839118687547E-7));
#2342=VECTOR('',#2341,2.000000000380E-1);
#2343=CARTESIAN_POINT('',(5.800000002692E0,-1.050000000038E0,
1.000000403707E-1));
#2344=LINE('8105',#2343,#2342);
#2345=DIRECTION('',(7.071072472525E-1,-4.820807104792E-11,7.071063151203E-1));
#2346=VECTOR('',#2345,1.414214964719E-1);
#2347=CARTESIAN_POINT('',(5.699999837619E0,-1.050000000031E0,
7.121662132699E-9));
#2348=LINE('8074',#2347,#2346);
#2349=DIRECTION('',(-3.987333935729E-9,0.E0,1.E0));
#2350=VECTOR('',#2349,8.999999964117E-1);
#2351=CARTESIAN_POINT('',(5.800000003589E0,-8.5E-1,1.000000035883E-1));
#2352=LINE('8107',#2351,#2350);
#2353=DIRECTION('',(7.071067854826E-1,0.E0,7.071067768905E-1));
#2354=VECTOR('',#2353,1.414213621710E-1);
#2355=CARTESIAN_POINT('',(5.699999998785E0,-8.5E-1,7.013833958069E-14));
#2356=LINE('8109',#2355,#2354);
#2357=DIRECTION('',(0.E0,1.E0,0.E0));
#2358=VECTOR('',#2357,6.5E-1);
#2359=CARTESIAN_POINT('',(5.8E0,-8.5E-1,1.E0));
#2360=LINE('8110',#2359,#2358);
#2361=DIRECTION('',(1.E0,0.E0,0.E0));
#2362=VECTOR('',#2361,6.5E-1);
#2363=CARTESIAN_POINT('',(5.15E0,-8.5E-1,1.E0));
#2364=LINE('8111',#2363,#2362);
#2365=DIRECTION('',(0.E0,0.E0,1.E0));
#2366=VECTOR('',#2365,1.2E0);
#2367=CARTESIAN_POINT('',(5.8E0,-2.E-1,1.E0));
#2368=LINE('8112',#2367,#2366);
#2369=DIRECTION('',(-7.071067811865E-1,0.E0,-7.071067811866E-1));
#2370=VECTOR('',#2369,1.414213562373E-1);
#2371=CARTESIAN_POINT('',(5.8E0,-2.E-1,2.2E0));
#2372=LINE('8113',#2371,#2370);
#2373=DIRECTION('',(-1.E0,0.E0,0.E0));
#2374=VECTOR('',#2373,2.E-1);
#2375=CARTESIAN_POINT('',(5.7E0,-2.E-1,2.1E0));
#2376=LINE('7832',#2375,#2374);
#2377=DIRECTION('',(-1.E0,0.E0,0.E0));
#2378=VECTOR('',#2377,1.2E0);
#2379=CARTESIAN_POINT('',(5.35E0,-2.E-1,2.1E0));
#2380=LINE('7831',#2379,#2378);
#2381=DIRECTION('',(1.E0,0.E0,0.E0));
#2382=VECTOR('',#2381,6.5E-1);
#2383=CARTESIAN_POINT('',(5.15E0,-2.E-1,1.E0));
#2384=LINE('8116',#2383,#2382);
#2385=DIRECTION('',(0.E0,0.E0,1.E0));
#2386=VECTOR('',#2385,2.5E-1);
#2387=CARTESIAN_POINT('',(5.5E0,-2.E-1,1.85E0));
#2388=LINE('8136',#2387,#2386);
#2389=DIRECTION('',(0.E0,1.E0,0.E0));
#2390=VECTOR('',#2389,1.5E-1);
#2391=CARTESIAN_POINT('',(5.5E0,-2.E-1,2.1E0));
#2392=LINE('8137',#2391,#2390);
#2393=DIRECTION('',(0.E0,1.E0,0.E0));
#2394=VECTOR('',#2393,4.7E-1);
#2395=CARTESIAN_POINT('',(5.5E0,-5.2E-1,3.1E0));
#2396=LINE('8178',#2395,#2394);
#2397=DIRECTION('',(0.E0,-1.E0,0.E0));
#2398=VECTOR('',#2397,4.7E-1);
#2399=CARTESIAN_POINT('',(5.35E0,-5.E-2,3.1E0));
#2400=LINE('8179',#2399,#2398);
#2401=DIRECTION('',(1.E0,0.E0,0.E0));
#2402=VECTOR('',#2401,1.5E-1);
#2403=CARTESIAN_POINT('',(5.35E0,-5.E-2,3.1E0));
#2404=LINE('8180',#2403,#2402);
#2405=DIRECTION('',(0.E0,0.E0,-1.E0));
#2406=VECTOR('',#2405,1.E0);
#2407=CARTESIAN_POINT('',(5.5E0,-5.E-2,3.1E0));
#2408=LINE('8181',#2407,#2406);
#2409=DIRECTION('',(-1.E0,0.E0,0.E0));
#2410=VECTOR('',#2409,1.5E-1);
#2411=CARTESIAN_POINT('',(5.5E0,-5.E-2,2.1E0));
#2412=LINE('8182',#2411,#2410);
#2413=DIRECTION('',(0.E0,0.E0,1.E0));
#2414=VECTOR('',#2413,1.E0);
#2415=CARTESIAN_POINT('',(5.35E0,-5.E-2,2.1E0));
#2416=LINE('8183',#2415,#2414);
#2417=DIRECTION('',(0.E0,-1.E0,0.E0));
#2418=VECTOR('',#2417,1.5E-1);
#2419=CARTESIAN_POINT('',(5.35E0,-5.E-2,2.1E0));
#2420=LINE('8150',#2419,#2418);
#2421=DIRECTION('',(0.E0,0.E0,-1.E0));
#2422=VECTOR('',#2421,2.5E-1);
#2423=CARTESIAN_POINT('',(5.35E0,-2.E-1,2.1E0));
#2424=LINE('8151',#2423,#2422);
#2425=DIRECTION('',(1.E0,0.E0,0.E0));
#2426=VECTOR('',#2425,1.5E-1);
#2427=CARTESIAN_POINT('',(5.35E0,-2.E-1,1.85E0));
#2428=LINE('8186',#2427,#2426);
#2429=DIRECTION('',(0.E0,-1.E0,0.E0));
#2430=VECTOR('',#2429,3.2E-1);
#2431=CARTESIAN_POINT('',(5.5E0,-2.E-1,1.85E0));
#2432=LINE('8135',#2431,#2430);
#2433=DIRECTION('',(-1.E0,0.E0,0.E0));
#2434=VECTOR('',#2433,1.5E-1);
#2435=CARTESIAN_POINT('',(5.5E0,-5.2E-1,1.85E0));
#2436=LINE('8187',#2435,#2434);
#2437=DIRECTION('',(0.E0,1.E0,0.E0));
#2438=VECTOR('',#2437,3.2E-1);
#2439=CARTESIAN_POINT('',(5.35E0,-5.2E-1,1.85E0));
#2440=LINE('8188',#2439,#2438);
#2441=DIRECTION('',(-1.E0,0.E0,0.E0));
#2442=VECTOR('',#2441,1.5E-1);
#2443=CARTESIAN_POINT('',(5.5E0,-5.2E-1,3.1E0));
#2444=LINE('8184',#2443,#2442);
#2445=DIRECTION('',(0.E0,0.E0,-1.E0));
#2446=VECTOR('',#2445,1.25E0);
#2447=CARTESIAN_POINT('',(5.35E0,-5.2E-1,3.1E0));
#2448=LINE('8185',#2447,#2446);
#2449=DIRECTION('',(0.E0,0.E0,1.E0));
#2450=VECTOR('',#2449,1.25E0);
#2451=CARTESIAN_POINT('',(5.5E0,-5.2E-1,1.85E0));
#2452=LINE('8134',#2451,#2450);
#2453=DIRECTION('',(1.E0,1.477614589415E-7,-1.340910185776E-7));
#2454=VECTOR('',#2453,1.05E0);
#2455=CARTESIAN_POINT('',(4.55E0,-1.149999998802E0,-9.010570067858E-13));
#2456=LINE('8072',#2455,#2454);
#2457=CARTESIAN_POINT('',(5.6E0,-1.05E0,-4.223837869882E-7));
#2458=DIRECTION('',(0.E0,0.E0,1.E0));
#2459=DIRECTION('',(0.E0,-1.E0,0.E0));
#2460=AXIS2_PLACEMENT_3D('',#2457,#2458,#2459);
#2462=DIRECTION('',(8.058314725352E-7,9.999999999997E-1,-3.560795996624E-8));
#2463=VECTOR('',#2462,2.000000000312E-1);
#2464=CARTESIAN_POINT('',(5.699999837619E0,-1.050000000031E0,
7.121662132699E-9));
#2465=LINE('8106',#2464,#2463);
#2466=DIRECTION('',(-1.E0,0.E0,-1.275242540647E-13));
#2467=VECTOR('',#2466,5.499999987853E-1);
#2468=CARTESIAN_POINT('',(5.699999998785E0,-8.5E-1,7.013833958069E-14));
#2469=LINE('8108',#2468,#2467);
#2470=DIRECTION('',(-1.E0,0.E0,0.E0));
#2471=VECTOR('',#2470,1.E0);
#2472=CARTESIAN_POINT('',(5.15E0,-2.E-1,0.E0));
#2473=LINE('8115',#2472,#2471);
#2474=DIRECTION('',(0.E0,-1.E0,0.E0));
#2475=VECTOR('',#2474,4.E-1);
#2476=CARTESIAN_POINT('',(4.15E0,-2.E-1,0.E0));
#2477=LINE('8204',#2476,#2475);
#2478=DIRECTION('',(1.E0,0.E0,0.E0));
#2479=VECTOR('',#2478,4.E-1);
#2480=CARTESIAN_POINT('',(4.15E0,-6.E-1,0.E0));
#2481=LINE('8231',#2480,#2479);
#2482=DIRECTION('',(0.E0,-1.E0,-1.638319113574E-12));
#2483=VECTOR('',#2482,5.499999988018E-1);
#2484=CARTESIAN_POINT('',(4.55E0,-6.E-1,0.E0));
#2485=LINE('8070',#2484,#2483);
#2486=DIRECTION('',(0.E0,-1.E0,0.E0));
#2487=VECTOR('',#2486,6.5E-1);
#2488=CARTESIAN_POINT('',(5.15E0,-2.E-1,0.E0));
#2489=LINE('8234',#2488,#2487);
#2490=DIRECTION('',(0.E0,0.E0,1.E0));
#2491=VECTOR('',#2490,1.E0);
#2492=CARTESIAN_POINT('',(5.15E0,-8.5E-1,0.E0));
#2493=LINE('8235',#2492,#2491);
#2494=DIRECTION('',(0.E0,1.E0,0.E0));
#2495=VECTOR('',#2494,6.5E-1);
#2496=CARTESIAN_POINT('',(5.15E0,-8.5E-1,1.E0));
#2497=LINE('8236',#2496,#2495);
#2498=DIRECTION('',(0.E0,0.E0,-1.E0));
#2499=VECTOR('',#2498,1.E0);
#2500=CARTESIAN_POINT('',(5.15E0,-2.E-1,1.E0));
#2501=LINE('8237',#2500,#2499);
#2502=DIRECTION('',(0.E0,0.E0,1.E0));
#2503=VECTOR('',#2502,1.E0);
#2504=CARTESIAN_POINT('',(4.15E0,-6.E-1,0.E0));
#2505=LINE('8203',#2504,#2503);
#2506=DIRECTION('',(1.E0,0.E0,0.E0));
#2507=VECTOR('',#2506,4.E-1);
#2508=CARTESIAN_POINT('',(4.15E0,-6.E-1,1.E0));
#2509=LINE('8056',#2508,#2507);
#2510=DIRECTION('',(0.E0,0.E0,-1.E0));
#2511=VECTOR('',#2510,1.E0);
#2512=CARTESIAN_POINT('',(4.55E0,-6.E-1,1.E0));
#2513=LINE('8232',#2512,#2511);
#2514=DIRECTION('',(1.E0,0.E0,6.476300976980E-14));
#2515=VECTOR('',#2514,1.2E-1);
#2516=CARTESIAN_POINT('',(4.15E0,-8.499999999999E-1,1.1E0));
#2517=LINE('8223',#2516,#2515);
#2518=DIRECTION('',(5.773502691900E-1,5.773502691892E-1,-5.773502691896E-1));
#2519=VECTOR('',#2518,1.732050807569E-1);
#2520=CARTESIAN_POINT('',(4.27E0,-8.499999999999E-1,1.1E0));
#2521=LINE('8227',#2520,#2519);
#2522=DIRECTION('',(-1.E0,0.E0,-3.461877249512E-13));
#2523=VECTOR('',#2522,2.200000000001E-1);
#2524=CARTESIAN_POINT('',(4.37E0,-7.5E-1,1.E0));
#2525=LINE('8228',#2524,#2523);
#2526=DIRECTION('',(0.E0,1.E0,-1.598721155459E-13));
#2527=VECTOR('',#2526,1.500000000001E-1);
#2528=CARTESIAN_POINT('',(3.43E0,-1.E0,1.1E0));
#2529=LINE('8229',#2528,#2527);
#2530=DIRECTION('',(-5.773502691900E-1,5.773502691892E-1,-5.773502691896E-1));
#2531=VECTOR('',#2530,1.732050807569E-1);
#2532=CARTESIAN_POINT('',(3.43E0,-8.499999999999E-1,1.1E0));
#2533=LINE('8216',#2532,#2531);
#2534=DIRECTION('',(0.E0,-1.E0,2.169692996695E-13));
#2535=VECTOR('',#2534,3.500000000001E-1);
#2536=CARTESIAN_POINT('',(3.33E0,-7.5E-1,1.E0));
#2537=LINE('8230',#2536,#2535);
#2538=DIRECTION('',(5.773502691898E-1,5.773502691899E-1,5.773502691891E-1));
#2539=VECTOR('',#2538,1.732050807569E-1);
#2540=CARTESIAN_POINT('',(3.33E0,-1.1E0,1.E0));
#2541=LINE('8220',#2540,#2539);
#2542=DIRECTION('',(0.E0,7.071067811861E-1,-7.071067811870E-1));
#2543=VECTOR('',#2542,1.414213562373E-1);
#2544=CARTESIAN_POINT('',(3.05E0,-8.499999999999E-1,1.1E0));
#2545=LINE('8239',#2544,#2543);
#2546=DIRECTION('',(0.E0,1.E0,0.E0));
#2547=VECTOR('',#2546,7.5E-1);
#2548=CARTESIAN_POINT('',(3.05E0,-7.5E-1,1.E0));
#2549=LINE('8240',#2548,#2547);
#2550=DIRECTION('',(0.E0,0.E0,1.E0));
#2551=VECTOR('',#2550,3.1E0);
#2552=CARTESIAN_POINT('',(3.05E0,0.E0,1.E0));
#2553=LINE('8241',#2552,#2551);
#2554=DIRECTION('',(0.E0,0.E0,1.E0));
#2555=VECTOR('',#2554,3.E0);
#2556=CARTESIAN_POINT('',(3.05E0,-1.E0,1.1E0));
#2557=LINE('8238',#2556,#2555);
#2558=DIRECTION('',(-1.E0,0.E0,0.E0));
#2559=VECTOR('',#2558,6.E-1);
#2560=CARTESIAN_POINT('',(3.05E0,0.E0,4.1E0));
#2561=LINE('7719',#2560,#2559);
#2562=DIRECTION('',(1.E0,0.E0,0.E0));
#2563=VECTOR('',#2562,6.E-1);
#2564=CARTESIAN_POINT('',(2.45E0,-1.E0,4.1E0));
#2565=LINE('8243',#2564,#2563);
#2566=DIRECTION('',(0.E0,1.E0,0.E0));
#2567=VECTOR('',#2566,1.E0);
#2568=CARTESIAN_POINT('',(3.05E0,-1.E0,4.1E0));
#2569=LINE('8242',#2568,#2567);
#2570=DIRECTION('',(0.E0,-7.071067811861E-1,7.071067811870E-1));
#2571=VECTOR('',#2570,1.414213562373E-1);
#2572=CARTESIAN_POINT('',(2.45E0,-7.5E-1,1.E0));
#2573=LINE('8244',#2572,#2571);
#2574=DIRECTION('',(0.E0,0.E0,1.E0));
#2575=VECTOR('',#2574,3.E0);
#2576=CARTESIAN_POINT('',(2.45E0,-1.E0,1.1E0));
#2577=LINE('8246',#2576,#2575);
#2578=DIRECTION('',(0.E0,1.E0,0.E0));
#2579=VECTOR('',#2578,1.E0);
#2580=CARTESIAN_POINT('',(2.45E0,-1.E0,4.1E0));
#2581=LINE('8247',#2580,#2579);
#2582=DIRECTION('',(0.E0,0.E0,-1.E0));
#2583=VECTOR('',#2582,3.1E0);
#2584=CARTESIAN_POINT('',(2.45E0,0.E0,4.1E0));
#2585=LINE('8248',#2584,#2583);
#2586=DIRECTION('',(0.E0,-1.E0,0.E0));
#2587=VECTOR('',#2586,7.5E-1);
#2588=CARTESIAN_POINT('',(2.45E0,0.E0,1.E0));
#2589=LINE('8249',#2588,#2587);
#2590=DIRECTION('',(-1.E0,0.E0,3.441691376337E-13));
#2591=VECTOR('',#2590,2.200000000001E-1);
#2592=CARTESIAN_POINT('',(2.45E0,-7.5E-1,1.E0));
#2593=LINE('8251',#2592,#2591);
#2594=DIRECTION('',(0.E0,1.E0,0.E0));
#2595=VECTOR('',#2594,1.500000000001E-1);
#2596=CARTESIAN_POINT('',(2.45E0,-1.E0,1.1E0));
#2597=LINE('8245',#2596,#2595);
#2598=DIRECTION('',(-1.E0,0.E0,6.476300976980E-14));
#2599=VECTOR('',#2598,1.2E-1);
#2600=CARTESIAN_POINT('',(2.45E0,-8.499999999999E-1,1.1E0));
#2601=LINE('8250',#2600,#2599);
#2602=DIRECTION('',(-1.E0,2.109423746788E-14,0.E0));
#2603=VECTOR('',#2602,6.E-1);
#2604=CARTESIAN_POINT('',(3.05E0,-1.E0,1.1E0));
#2605=LINE('8255',#2604,#2603);
#2606=DIRECTION('',(-1.E0,0.E0,2.720046410331E-13));
#2607=VECTOR('',#2606,1.2E-1);
#2608=CARTESIAN_POINT('',(2.45E0,-1.E0,1.1E0));
#2609=LINE('8253',#2608,#2607);
#2610=DIRECTION('',(1.E0,0.E0,0.E0));
#2611=VECTOR('',#2610,1.04E0);
#2612=CARTESIAN_POINT('',(2.23E0,-1.1E0,1.E0));
#2613=LINE('8257',#2612,#2611);
#2614=DIRECTION('',(1.E0,1.036208156317E-13,2.683038976177E-13));
#2615=VECTOR('',#2614,1.2E-1);
#2616=CARTESIAN_POINT('',(3.05E0,-1.E0,1.1E0));
#2617=LINE('8254',#2616,#2615);
#2618=DIRECTION('',(0.E0,-1.E0,0.E0));
#2619=VECTOR('',#2618,1.500000000001E-1);
#2620=CARTESIAN_POINT('',(3.05E0,-8.499999999999E-1,1.1E0));
#2621=LINE('8259',#2620,#2619);
#2622=DIRECTION('',(0.E0,-1.E0,1.613524129121E-13));
#2623=VECTOR('',#2622,1.500000000001E-1);
#2624=CARTESIAN_POINT('',(3.17E0,-8.499999999999E-1,1.1E0));
#2625=LINE('8260',#2624,#2623);
#2626=DIRECTION('',(5.773502691898E-1,-5.773502691899E-1,-5.773502691891E-1));
#2627=VECTOR('',#2626,1.732050807569E-1);
#2628=CARTESIAN_POINT('',(3.17E0,-1.E0,1.1E0));
#2629=LINE('8258',#2628,#2627);
#2630=DIRECTION('',(0.E0,1.E0,-2.169692996695E-13));
#2631=VECTOR('',#2630,3.500000000001E-1);
#2632=CARTESIAN_POINT('',(3.27E0,-1.1E0,1.E0));
#2633=LINE('8261',#2632,#2631);
#2634=DIRECTION('',(1.E0,0.E0,6.476300976980E-14));
#2635=VECTOR('',#2634,1.2E-1);
#2636=CARTESIAN_POINT('',(3.05E0,-8.499999999999E-1,1.1E0));
#2637=LINE('8263',#2636,#2635);
#2638=DIRECTION('',(5.773502691900E-1,5.773502691892E-1,-5.773502691896E-1));
#2639=VECTOR('',#2638,1.732050807569E-1);
#2640=CARTESIAN_POINT('',(3.17E0,-8.499999999999E-1,1.1E0));
#2641=LINE('8262',#2640,#2639);
#2642=DIRECTION('',(-1.E0,0.E0,-3.441691376337E-13));
#2643=VECTOR('',#2642,2.200000000001E-1);
#2644=CARTESIAN_POINT('',(3.27E0,-7.5E-1,1.E0));
#2645=LINE('8264',#2644,#2643);
#2646=DIRECTION('',(0.E0,1.E0,-1.613524129121E-13));
#2647=VECTOR('',#2646,1.500000000001E-1);
#2648=CARTESIAN_POINT('',(2.33E0,-1.E0,1.1E0));
#2649=LINE('8265',#2648,#2647);
#2650=DIRECTION('',(-5.773502691900E-1,5.773502691892E-1,-5.773502691896E-1));
#2651=VECTOR('',#2650,1.732050807569E-1);
#2652=CARTESIAN_POINT('',(2.33E0,-8.499999999999E-1,1.1E0));
#2653=LINE('8252',#2652,#2651);
#2654=DIRECTION('',(0.E0,-1.E0,2.169692996695E-13));
#2655=VECTOR('',#2654,3.500000000001E-1);
#2656=CARTESIAN_POINT('',(2.23E0,-7.5E-1,1.E0));
#2657=LINE('8266',#2656,#2655);
#2658=DIRECTION('',(5.773502691898E-1,5.773502691899E-1,5.773502691891E-1));
#2659=VECTOR('',#2658,1.732050807569E-1);
#2660=CARTESIAN_POINT('',(2.23E0,-1.1E0,1.E0));
#2661=LINE('8256',#2660,#2659);
#2662=DIRECTION('',(0.E0,7.071067811861E-1,-7.071067811870E-1));
#2663=VECTOR('',#2662,1.414213562373E-1);
#2664=CARTESIAN_POINT('',(1.95E0,-8.499999999999E-1,1.1E0));
#2665=LINE('8268',#2664,#2663);
#2666=DIRECTION('',(0.E0,1.E0,0.E0));
#2667=VECTOR('',#2666,7.5E-1);
#2668=CARTESIAN_POINT('',(1.95E0,-7.5E-1,1.E0));
#2669=LINE('8269',#2668,#2667);
#2670=DIRECTION('',(0.E0,0.E0,1.E0));
#2671=VECTOR('',#2670,3.1E0);
#2672=CARTESIAN_POINT('',(1.95E0,0.E0,1.E0));
#2673=LINE('8270',#2672,#2671);
#2674=DIRECTION('',(0.E0,0.E0,1.E0));
#2675=VECTOR('',#2674,3.E0);
#2676=CARTESIAN_POINT('',(1.95E0,-1.E0,1.1E0));
#2677=LINE('8267',#2676,#2675);
#2678=DIRECTION('',(-1.E0,0.E0,0.E0));
#2679=VECTOR('',#2678,6.E-1);
#2680=CARTESIAN_POINT('',(1.95E0,0.E0,4.1E0));
#2681=LINE('7718',#2680,#2679);
#2682=DIRECTION('',(1.E0,0.E0,0.E0));
#2683=VECTOR('',#2682,6.E-1);
#2684=CARTESIAN_POINT('',(1.35E0,-1.E0,4.1E0));
#2685=LINE('8272',#2684,#2683);
#2686=DIRECTION('',(0.E0,1.E0,0.E0));
#2687=VECTOR('',#2686,1.E0);
#2688=CARTESIAN_POINT('',(1.95E0,-1.E0,4.1E0));
#2689=LINE('8271',#2688,#2687);
#2690=DIRECTION('',(0.E0,-7.071067811861E-1,7.071067811870E-1));
#2691=VECTOR('',#2690,1.414213562373E-1);
#2692=CARTESIAN_POINT('',(1.35E0,-7.5E-1,1.E0));
#2693=LINE('8273',#2692,#2691);
#2694=DIRECTION('',(0.E0,0.E0,1.E0));
#2695=VECTOR('',#2694,3.E0);
#2696=CARTESIAN_POINT('',(1.35E0,-1.E0,1.1E0));
#2697=LINE('8275',#2696,#2695);
#2698=DIRECTION('',(0.E0,1.E0,0.E0));
#2699=VECTOR('',#2698,1.E0);
#2700=CARTESIAN_POINT('',(1.35E0,-1.E0,4.1E0));
#2701=LINE('8276',#2700,#2699);
#2702=DIRECTION('',(0.E0,0.E0,-1.E0));
#2703=VECTOR('',#2702,3.1E0);
#2704=CARTESIAN_POINT('',(1.35E0,0.E0,4.1E0));
#2705=LINE('8277',#2704,#2703);
#2706=DIRECTION('',(0.E0,-1.E0,0.E0));
#2707=VECTOR('',#2706,7.5E-1);
#2708=CARTESIAN_POINT('',(1.35E0,0.E0,1.E0));
#2709=LINE('8278',#2708,#2707);
#2710=DIRECTION('',(-1.E0,0.E0,3.441691376337E-13));
#2711=VECTOR('',#2710,2.200000000001E-1);
#2712=CARTESIAN_POINT('',(1.35E0,-7.5E-1,1.E0));
#2713=LINE('8280',#2712,#2711);
#2714=DIRECTION('',(0.E0,1.E0,0.E0));
#2715=VECTOR('',#2714,1.500000000001E-1);
#2716=CARTESIAN_POINT('',(1.35E0,-1.E0,1.1E0));
#2717=LINE('8274',#2716,#2715);
#2718=DIRECTION('',(-1.E0,0.E0,6.291263806209E-14));
#2719=VECTOR('',#2718,1.2E-1);
#2720=CARTESIAN_POINT('',(1.35E0,-8.499999999999E-1,1.1E0));
#2721=LINE('8279',#2720,#2719);
#2722=DIRECTION('',(-1.E0,2.109423746788E-14,0.E0));
#2723=VECTOR('',#2722,6.E-1);
#2724=CARTESIAN_POINT('',(1.95E0,-1.E0,1.1E0));
#2725=LINE('8284',#2724,#2723);
#2726=DIRECTION('',(-1.E0,0.E0,2.701542693254E-13));
#2727=VECTOR('',#2726,1.2E-1);
#2728=CARTESIAN_POINT('',(1.35E0,-1.E0,1.1E0));
#2729=LINE('8282',#2728,#2727);
#2730=DIRECTION('',(1.E0,0.E0,0.E0));
#2731=VECTOR('',#2730,1.04E0);
#2732=CARTESIAN_POINT('',(1.13E0,-1.1E0,1.E0));
#2733=LINE('8286',#2732,#2731);
#2734=DIRECTION('',(1.E0,1.036208156317E-13,2.683038976177E-13));
#2735=VECTOR('',#2734,1.2E-1);
#2736=CARTESIAN_POINT('',(1.95E0,-1.E0,1.1E0));
#2737=LINE('8283',#2736,#2735);
#2738=DIRECTION('',(0.E0,-1.E0,0.E0));
#2739=VECTOR('',#2738,1.500000000001E-1);
#2740=CARTESIAN_POINT('',(1.95E0,-8.499999999999E-1,1.1E0));
#2741=LINE('8288',#2740,#2739);
#2742=DIRECTION('',(0.E0,-1.E0,1.613524129121E-13));
#2743=VECTOR('',#2742,1.500000000001E-1);
#2744=CARTESIAN_POINT('',(2.07E0,-8.499999999999E-1,1.1E0));
#2745=LINE('8289',#2744,#2743);
#2746=DIRECTION('',(5.773502691898E-1,-5.773502691899E-1,-5.773502691891E-1));
#2747=VECTOR('',#2746,1.732050807569E-1);
#2748=CARTESIAN_POINT('',(2.07E0,-1.E0,1.1E0));
#2749=LINE('8287',#2748,#2747);
#2750=DIRECTION('',(0.E0,1.E0,-2.176037128265E-13));
#2751=VECTOR('',#2750,3.500000000001E-1);
#2752=CARTESIAN_POINT('',(2.17E0,-1.1E0,1.E0));
#2753=LINE('8290',#2752,#2751);
#2754=DIRECTION('',(1.E0,0.E0,6.476300976980E-14));
#2755=VECTOR('',#2754,1.2E-1);
#2756=CARTESIAN_POINT('',(1.95E0,-8.499999999999E-1,1.1E0));
#2757=LINE('8292',#2756,#2755);
#2758=DIRECTION('',(5.773502691900E-1,5.773502691892E-1,-5.773502691896E-1));
#2759=VECTOR('',#2758,1.732050807569E-1);
#2760=CARTESIAN_POINT('',(2.07E0,-8.499999999999E-1,1.1E0));
#2761=LINE('8291',#2760,#2759);
#2762=DIRECTION('',(-1.E0,0.E0,-3.441691376337E-13));
#2763=VECTOR('',#2762,2.200000000001E-1);
#2764=CARTESIAN_POINT('',(2.17E0,-7.5E-1,1.E0));
#2765=LINE('8293',#2764,#2763);
#2766=DIRECTION('',(0.E0,1.E0,-1.613524129121E-13));
#2767=VECTOR('',#2766,1.500000000001E-1);
#2768=CARTESIAN_POINT('',(1.23E0,-1.E0,1.1E0));
#2769=LINE('8294',#2768,#2767);
#2770=DIRECTION('',(-5.773502691900E-1,5.773502691892E-1,-5.773502691896E-1));
#2771=VECTOR('',#2770,1.732050807569E-1);
#2772=CARTESIAN_POINT('',(1.23E0,-8.499999999999E-1,1.1E0));
#2773=LINE('8281',#2772,#2771);
#2774=DIRECTION('',(0.E0,-1.E0,2.176037128265E-13));
#2775=VECTOR('',#2774,3.500000000001E-1);
#2776=CARTESIAN_POINT('',(1.13E0,-7.5E-1,1.E0));
#2777=LINE('8295',#2776,#2775);
#2778=DIRECTION('',(5.773502691898E-1,5.773502691899E-1,5.773502691891E-1));
#2779=VECTOR('',#2778,1.732050807569E-1);
#2780=CARTESIAN_POINT('',(1.13E0,-1.1E0,1.E0));
#2781=LINE('8285',#2780,#2779);
#2782=DIRECTION('',(0.E0,7.071067811861E-1,-7.071067811870E-1));
#2783=VECTOR('',#2782,1.414213562373E-1);
#2784=CARTESIAN_POINT('',(8.5E-1,-8.499999999999E-1,1.1E0));
#2785=LINE('8297',#2784,#2783);
#2786=DIRECTION('',(0.E0,1.E0,0.E0));
#2787=VECTOR('',#2786,7.5E-1);
#2788=CARTESIAN_POINT('',(8.5E-1,-7.5E-1,1.E0));
#2789=LINE('8298',#2788,#2787);
#2790=DIRECTION('',(0.E0,0.E0,1.E0));
#2791=VECTOR('',#2790,3.1E0);
#2792=CARTESIAN_POINT('',(8.5E-1,0.E0,1.E0));
#2793=LINE('8299',#2792,#2791);
#2794=DIRECTION('',(0.E0,0.E0,1.E0));
#2795=VECTOR('',#2794,3.E0);
#2796=CARTESIAN_POINT('',(8.5E-1,-1.E0,1.1E0));
#2797=LINE('8296',#2796,#2795);
#2798=DIRECTION('',(-1.E0,0.E0,0.E0));
#2799=VECTOR('',#2798,6.E-1);
#2800=CARTESIAN_POINT('',(8.5E-1,0.E0,4.1E0));
#2801=LINE('7717',#2800,#2799);
#2802=DIRECTION('',(1.E0,0.E0,0.E0));
#2803=VECTOR('',#2802,6.E-1);
#2804=CARTESIAN_POINT('',(2.5E-1,-1.E0,4.1E0));
#2805=LINE('8301',#2804,#2803);
#2806=DIRECTION('',(0.E0,1.E0,0.E0));
#2807=VECTOR('',#2806,1.E0);
#2808=CARTESIAN_POINT('',(8.5E-1,-1.E0,4.1E0));
#2809=LINE('8300',#2808,#2807);
#2810=DIRECTION('',(0.E0,-7.071067811861E-1,7.071067811870E-1));
#2811=VECTOR('',#2810,1.414213562373E-1);
#2812=CARTESIAN_POINT('',(2.5E-1,-7.5E-1,1.E0));
#2813=LINE('8302',#2812,#2811);
#2814=DIRECTION('',(0.E0,0.E0,1.E0));
#2815=VECTOR('',#2814,3.E0);
#2816=CARTESIAN_POINT('',(2.5E-1,-1.E0,1.1E0));
#2817=LINE('8304',#2816,#2815);
#2818=DIRECTION('',(0.E0,1.E0,0.E0));
#2819=VECTOR('',#2818,1.E0);
#2820=CARTESIAN_POINT('',(2.5E-1,-1.E0,4.1E0));
#2821=LINE('8305',#2820,#2819);
#2822=DIRECTION('',(0.E0,0.E0,-1.E0));
#2823=VECTOR('',#2822,3.1E0);
#2824=CARTESIAN_POINT('',(2.5E-1,0.E0,4.1E0));
#2825=LINE('8306',#2824,#2823);
#2826=DIRECTION('',(0.E0,-1.E0,0.E0));
#2827=VECTOR('',#2826,7.5E-1);
#2828=CARTESIAN_POINT('',(2.5E-1,0.E0,1.E0));
#2829=LINE('8307',#2828,#2827);
#2830=DIRECTION('',(-1.E0,0.E0,2.018587317500E-14));
#2831=VECTOR('',#2830,2.2E-1);
#2832=CARTESIAN_POINT('',(2.5E-1,-7.5E-1,1.E0));
#2833=LINE('8309',#2832,#2831);
#2834=DIRECTION('',(0.E0,1.E0,0.E0));
#2835=VECTOR('',#2834,1.500000000001E-1);
#2836=CARTESIAN_POINT('',(2.5E-1,-1.E0,1.1E0));
#2837=LINE('8303',#2836,#2835);
#2838=DIRECTION('',(-1.E0,0.E0,6.291263806205E-13));
#2839=VECTOR('',#2838,1.200000000001E-1);
#2840=CARTESIAN_POINT('',(2.5E-1,-8.499999999999E-1,1.1E0));
#2841=LINE('8308',#2840,#2839);
#2842=DIRECTION('',(-1.E0,2.072416312634E-14,0.E0));
#2843=VECTOR('',#2842,6.E-1);
#2844=CARTESIAN_POINT('',(8.5E-1,-1.E0,1.1E0));
#2845=LINE('8313',#2844,#2843);
#2846=DIRECTION('',(-1.E0,0.E0,8.363680118838E-13));
#2847=VECTOR('',#2846,1.200000000001E-1);
#2848=CARTESIAN_POINT('',(2.5E-1,-1.E0,1.1E0));
#2849=LINE('8311',#2848,#2847);
#2850=DIRECTION('',(1.E0,0.E0,7.600757630125E-14));
#2851=VECTOR('',#2850,1.04E0);
#2852=CARTESIAN_POINT('',(3.E-2,-1.1E0,1.E0));
#2853=LINE('8315',#2852,#2851);
#2854=DIRECTION('',(1.E0,1.036208156316E-13,9.011310216535E-13));
#2855=VECTOR('',#2854,1.200000000001E-1);
#2856=CARTESIAN_POINT('',(8.5E-1,-1.E0,1.1E0));
#2857=LINE('8312',#2856,#2855);
#2858=DIRECTION('',(0.E0,-1.E0,0.E0));
#2859=VECTOR('',#2858,1.500000000001E-1);
#2860=CARTESIAN_POINT('',(8.5E-1,-8.499999999999E-1,1.1E0));
#2861=LINE('8317',#2860,#2859);
#2862=DIRECTION('',(0.E0,-1.E0,1.628327102783E-13));
#2863=VECTOR('',#2862,1.500000000001E-1);
#2864=CARTESIAN_POINT('',(9.700000000001E-1,-8.499999999999E-1,1.1E0));
#2865=LINE('8318',#2864,#2863);
#2866=DIRECTION('',(5.773502691894E-1,-5.773502691899E-1,-5.773502691895E-1));
#2867=VECTOR('',#2866,1.732050807569E-1);
#2868=CARTESIAN_POINT('',(9.700000000001E-1,-1.E0,1.1E0));
#2869=LINE('8316',#2868,#2867);
#2870=DIRECTION('',(0.E0,1.E0,-2.182381259834E-13));
#2871=VECTOR('',#2870,3.500000000001E-1);
#2872=CARTESIAN_POINT('',(1.07E0,-1.1E0,1.E0));
#2873=LINE('8319',#2872,#2871);
#2874=DIRECTION('',(1.E0,0.E0,6.957397620979E-13));
#2875=VECTOR('',#2874,1.200000000001E-1);
#2876=CARTESIAN_POINT('',(8.5E-1,-8.499999999999E-1,1.1E0));
#2877=LINE('8321',#2876,#2875);
#2878=DIRECTION('',(5.773502691896E-1,5.773502691892E-1,-5.773502691900E-1));
#2879=VECTOR('',#2878,1.732050807569E-1);
#2880=CARTESIAN_POINT('',(9.700000000001E-1,-8.499999999999E-1,1.1E0));
#2881=LINE('8320',#2880,#2879);
#2882=DIRECTION('',(-1.E0,0.E0,-3.784851220312E-13));
#2883=VECTOR('',#2882,2.200000000001E-1);
#2884=CARTESIAN_POINT('',(1.07E0,-7.5E-1,1.E0));
#2885=LINE('8322',#2884,#2883);
#2886=DIRECTION('',(0.E0,1.E0,-1.628327102783E-13));
#2887=VECTOR('',#2886,1.500000000001E-1);
#2888=CARTESIAN_POINT('',(1.299999999999E-1,-1.E0,1.1E0));
#2889=LINE('8323',#2888,#2887);
#2890=DIRECTION('',(-5.773502691892E-1,5.773502691892E-1,-5.773502691904E-1));
#2891=VECTOR('',#2890,1.732050807569E-1);
#2892=CARTESIAN_POINT('',(1.299999999999E-1,-8.499999999999E-1,1.1E0));
#2893=LINE('8310',#2892,#2891);
#2894=DIRECTION('',(0.E0,-1.E0,2.176037128265E-13));
#2895=VECTOR('',#2894,3.500000000001E-1);
#2896=CARTESIAN_POINT('',(3.E-2,-7.5E-1,1.E0));
#2897=LINE('8324',#2896,#2895);
#2898=DIRECTION('',(5.773502691890E-1,5.773502691899E-1,5.773502691899E-1));
#2899=VECTOR('',#2898,1.732050807569E-1);
#2900=CARTESIAN_POINT('',(3.E-2,-1.1E0,1.E0));
#2901=LINE('8314',#2900,#2899);
#2902=DIRECTION('',(0.E0,7.071067811861E-1,-7.071067811870E-1));
#2903=VECTOR('',#2902,1.414213562373E-1);
#2904=CARTESIAN_POINT('',(-2.5E-1,-8.499999999999E-1,1.1E0));
#2905=LINE('8326',#2904,#2903);
#2906=DIRECTION('',(0.E0,1.E0,0.E0));
#2907=VECTOR('',#2906,7.5E-1);
#2908=CARTESIAN_POINT('',(-2.5E-1,-7.5E-1,1.E0));
#2909=LINE('8327',#2908,#2907);
#2910=DIRECTION('',(0.E0,0.E0,1.E0));
#2911=VECTOR('',#2910,3.1E0);
#2912=CARTESIAN_POINT('',(-2.5E-1,0.E0,1.E0));
#2913=LINE('8328',#2912,#2911);
#2914=DIRECTION('',(0.E0,0.E0,1.E0));
#2915=VECTOR('',#2914,3.E0);
#2916=CARTESIAN_POINT('',(-2.5E-1,-1.E0,1.1E0));
#2917=LINE('8325',#2916,#2915);
#2918=DIRECTION('',(-1.E0,0.E0,0.E0));
#2919=VECTOR('',#2918,6.E-1);
#2920=CARTESIAN_POINT('',(-2.5E-1,0.E0,4.1E0));
#2921=LINE('7716',#2920,#2919);
#2922=DIRECTION('',(1.E0,0.E0,0.E0));
#2923=VECTOR('',#2922,6.E-1);
#2924=CARTESIAN_POINT('',(-8.5E-1,-1.E0,4.1E0));
#2925=LINE('8330',#2924,#2923);
#2926=DIRECTION('',(0.E0,1.E0,0.E0));
#2927=VECTOR('',#2926,1.E0);
#2928=CARTESIAN_POINT('',(-2.5E-1,-1.E0,4.1E0));
#2929=LINE('8329',#2928,#2927);
#2930=DIRECTION('',(0.E0,-7.071067811861E-1,7.071067811870E-1));
#2931=VECTOR('',#2930,1.414213562373E-1);
#2932=CARTESIAN_POINT('',(-8.5E-1,-7.5E-1,1.E0));
#2933=LINE('8331',#2932,#2931);
#2934=DIRECTION('',(0.E0,0.E0,1.E0));
#2935=VECTOR('',#2934,3.E0);
#2936=CARTESIAN_POINT('',(-8.5E-1,-1.E0,1.1E0));
#2937=LINE('8333',#2936,#2935);
#2938=DIRECTION('',(0.E0,1.E0,0.E0));
#2939=VECTOR('',#2938,1.E0);
#2940=CARTESIAN_POINT('',(-8.5E-1,-1.E0,4.1E0));
#2941=LINE('8334',#2940,#2939);
#2942=DIRECTION('',(0.E0,0.E0,-1.E0));
#2943=VECTOR('',#2942,3.1E0);
#2944=CARTESIAN_POINT('',(-8.5E-1,0.E0,4.1E0));
#2945=LINE('8335',#2944,#2943);
#2946=DIRECTION('',(0.E0,-1.E0,0.E0));
#2947=VECTOR('',#2946,7.5E-1);
#2948=CARTESIAN_POINT('',(-8.5E-1,0.E0,1.E0));
#2949=LINE('8336',#2948,#2947);
#2950=DIRECTION('',(-1.E0,0.E0,3.784851220312E-13));
#2951=VECTOR('',#2950,2.200000000001E-1);
#2952=CARTESIAN_POINT('',(-8.5E-1,-7.5E-1,1.E0));
#2953=LINE('8338',#2952,#2951);
#2954=DIRECTION('',(0.E0,1.E0,0.E0));
#2955=VECTOR('',#2954,1.500000000001E-1);
#2956=CARTESIAN_POINT('',(-8.5E-1,-1.E0,1.1E0));
#2957=LINE('8332',#2956,#2955);
#2958=DIRECTION('',(-1.E0,0.E0,6.957397620979E-13));
#2959=VECTOR('',#2958,1.200000000001E-1);
#2960=CARTESIAN_POINT('',(-8.5E-1,-8.499999999999E-1,1.1E0));
#2961=LINE('8337',#2960,#2959);
#2962=DIRECTION('',(-1.E0,2.109423746788E-14,0.E0));
#2963=VECTOR('',#2962,6.E-1);
#2964=CARTESIAN_POINT('',(-2.5E-1,-1.E0,1.1E0));
#2965=LINE('8342',#2964,#2963);
#2966=DIRECTION('',(-1.E0,0.E0,9.048317650689E-13));
#2967=VECTOR('',#2966,1.200000000001E-1);
#2968=CARTESIAN_POINT('',(-8.5E-1,-1.E0,1.1E0));
#2969=LINE('8340',#2968,#2967);
#2970=DIRECTION('',(1.E0,0.E0,-7.579407187344E-14));
#2971=VECTOR('',#2970,1.04E0);
#2972=CARTESIAN_POINT('',(-1.07E0,-1.1E0,1.E0));
#2973=LINE('8344',#2972,#2971);
#2974=DIRECTION('',(1.E0,1.036208156316E-13,8.345176401761E-13));
#2975=VECTOR('',#2974,1.200000000001E-1);
#2976=CARTESIAN_POINT('',(-2.5E-1,-1.E0,1.1E0));
#2977=LINE('8341',#2976,#2975);
#2978=DIRECTION('',(0.E0,-1.E0,0.E0));
#2979=VECTOR('',#2978,1.500000000001E-1);
#2980=CARTESIAN_POINT('',(-2.5E-1,-8.499999999999E-1,1.1E0));
#2981=LINE('8346',#2980,#2979);
#2982=DIRECTION('',(0.E0,-1.E0,1.628327102783E-13));
#2983=VECTOR('',#2982,1.500000000001E-1);
#2984=CARTESIAN_POINT('',(-1.299999999999E-1,-8.499999999999E-1,1.1E0));
#2985=LINE('8347',#2984,#2983);
#2986=DIRECTION('',(5.773502691890E-1,-5.773502691899E-1,-5.773502691899E-1));
#2987=VECTOR('',#2986,1.732050807569E-1);
#2988=CARTESIAN_POINT('',(-1.299999999999E-1,-1.E0,1.1E0));
#2989=LINE('8345',#2988,#2987);
#2990=DIRECTION('',(0.E0,1.E0,-2.157004733557E-13));
#2991=VECTOR('',#2990,3.500000000001E-1);
#2992=CARTESIAN_POINT('',(-3.E-2,-1.1E0,1.E0));
#2993=LINE('8348',#2992,#2991);
#2994=DIRECTION('',(1.E0,0.E0,6.291263806205E-13));
#2995=VECTOR('',#2994,1.200000000001E-1);
#2996=CARTESIAN_POINT('',(-2.5E-1,-8.499999999999E-1,1.1E0));
#2997=LINE('8350',#2996,#2995);
#2998=DIRECTION('',(5.773502691892E-1,5.773502691892E-1,-5.773502691904E-1));
#2999=VECTOR('',#2998,1.732050807569E-1);
#3000=CARTESIAN_POINT('',(-1.299999999999E-1,-8.499999999999E-1,1.1E0));
#3001=LINE('8349',#3000,#2999);
#3002=DIRECTION('',(-1.E0,0.E0,-2.119516683375E-14));
#3003=VECTOR('',#3002,2.2E-1);
#3004=CARTESIAN_POINT('',(-2.999999999999E-2,-7.5E-1,1.E0));
#3005=LINE('8351',#3004,#3003);
#3006=DIRECTION('',(0.E0,1.E0,-1.628327102783E-13));
#3007=VECTOR('',#3006,1.500000000001E-1);
#3008=CARTESIAN_POINT('',(-9.700000000001E-1,-1.E0,1.1E0));
#3009=LINE('8352',#3008,#3007);
#3010=DIRECTION('',(-5.773502691896E-1,5.773502691892E-1,-5.773502691900E-1));
#3011=VECTOR('',#3010,1.732050807569E-1);
#3012=CARTESIAN_POINT('',(-9.700000000001E-1,-8.499999999999E-1,1.1E0));
#3013=LINE('8339',#3012,#3011);
#3014=DIRECTION('',(0.E0,-1.E0,2.163348865126E-13));
#3015=VECTOR('',#3014,3.500000000001E-1);
#3016=CARTESIAN_POINT('',(-1.07E0,-7.5E-1,1.E0));
#3017=LINE('8353',#3016,#3015);
#3018=DIRECTION('',(5.773502691894E-1,5.773502691899E-1,5.773502691895E-1));
#3019=VECTOR('',#3018,1.732050807569E-1);
#3020=CARTESIAN_POINT('',(-1.07E0,-1.1E0,1.E0));
#3021=LINE('8343',#3020,#3019);
#3022=DIRECTION('',(0.E0,7.071067811861E-1,-7.071067811870E-1));
#3023=VECTOR('',#3022,1.414213562373E-1);
#3024=CARTESIAN_POINT('',(-1.35E0,-8.499999999999E-1,1.1E0));
#3025=LINE('8355',#3024,#3023);
#3026=DIRECTION('',(0.E0,1.E0,0.E0));
#3027=VECTOR('',#3026,7.5E-1);
#3028=CARTESIAN_POINT('',(-1.35E0,-7.5E-1,1.E0));
#3029=LINE('8356',#3028,#3027);
#3030=DIRECTION('',(0.E0,0.E0,1.E0));
#3031=VECTOR('',#3030,3.1E0);
#3032=CARTESIAN_POINT('',(-1.35E0,0.E0,1.E0));
#3033=LINE('8357',#3032,#3031);
#3034=DIRECTION('',(0.E0,0.E0,1.E0));
#3035=VECTOR('',#3034,3.E0);
#3036=CARTESIAN_POINT('',(-1.35E0,-1.E0,1.1E0));
#3037=LINE('8354',#3036,#3035);
#3038=DIRECTION('',(-1.E0,0.E0,0.E0));
#3039=VECTOR('',#3038,6.E-1);
#3040=CARTESIAN_POINT('',(-1.35E0,0.E0,4.1E0));
#3041=LINE('7715',#3040,#3039);
#3042=DIRECTION('',(1.E0,0.E0,0.E0));
#3043=VECTOR('',#3042,6.E-1);
#3044=CARTESIAN_POINT('',(-1.95E0,-1.E0,4.1E0));
#3045=LINE('8359',#3044,#3043);
#3046=DIRECTION('',(0.E0,1.E0,0.E0));
#3047=VECTOR('',#3046,1.E0);
#3048=CARTESIAN_POINT('',(-1.35E0,-1.E0,4.1E0));
#3049=LINE('8358',#3048,#3047);
#3050=DIRECTION('',(0.E0,-7.071067811861E-1,7.071067811870E-1));
#3051=VECTOR('',#3050,1.414213562373E-1);
#3052=CARTESIAN_POINT('',(-1.95E0,-7.5E-1,1.E0));
#3053=LINE('8360',#3052,#3051);
#3054=DIRECTION('',(0.E0,0.E0,1.E0));
#3055=VECTOR('',#3054,3.E0);
#3056=CARTESIAN_POINT('',(-1.95E0,-1.E0,1.1E0));
#3057=LINE('8362',#3056,#3055);
#3058=DIRECTION('',(0.E0,1.E0,0.E0));
#3059=VECTOR('',#3058,1.E0);
#3060=CARTESIAN_POINT('',(-1.95E0,-1.E0,4.1E0));
#3061=LINE('8363',#3060,#3059);
#3062=DIRECTION('',(0.E0,0.E0,-1.E0));
#3063=VECTOR('',#3062,3.1E0);
#3064=CARTESIAN_POINT('',(-1.95E0,0.E0,4.1E0));
#3065=LINE('8364',#3064,#3063);
#3066=DIRECTION('',(0.E0,-1.E0,0.E0));
#3067=VECTOR('',#3066,7.5E-1);
#3068=CARTESIAN_POINT('',(-1.95E0,0.E0,1.E0));
#3069=LINE('8365',#3068,#3067);
#3070=DIRECTION('',(-1.E0,0.E0,3.441691376337E-13));
#3071=VECTOR('',#3070,2.200000000001E-1);
#3072=CARTESIAN_POINT('',(-1.95E0,-7.5E-1,1.E0));
#3073=LINE('8367',#3072,#3071);
#3074=DIRECTION('',(0.E0,1.E0,0.E0));
#3075=VECTOR('',#3074,1.500000000001E-1);
#3076=CARTESIAN_POINT('',(-1.95E0,-1.E0,1.1E0));
#3077=LINE('8361',#3076,#3075);
#3078=DIRECTION('',(-1.E0,0.E0,6.476300976980E-14));
#3079=VECTOR('',#3078,1.2E-1);
#3080=CARTESIAN_POINT('',(-1.95E0,-8.499999999999E-1,1.1E0));
#3081=LINE('8366',#3080,#3079);
#3082=DIRECTION('',(-1.E0,2.072416312634E-14,0.E0));
#3083=VECTOR('',#3082,6.E-1);
#3084=CARTESIAN_POINT('',(-1.35E0,-1.E0,1.1E0));
#3085=LINE('8371',#3084,#3083);
#3086=DIRECTION('',(-1.E0,0.E0,2.720046410331E-13));
#3087=VECTOR('',#3086,1.2E-1);
#3088=CARTESIAN_POINT('',(-1.95E0,-1.E0,1.1E0));
#3089=LINE('8369',#3088,#3087);
#3090=DIRECTION('',(1.E0,0.E0,0.E0));
#3091=VECTOR('',#3090,1.04E0);
#3092=CARTESIAN_POINT('',(-2.17E0,-1.1E0,1.E0));
#3093=LINE('8373',#3092,#3091);
#3094=DIRECTION('',(1.E0,1.036208156317E-13,2.664535259100E-13));
#3095=VECTOR('',#3094,1.2E-1);
#3096=CARTESIAN_POINT('',(-1.35E0,-1.E0,1.1E0));
#3097=LINE('8370',#3096,#3095);
#3098=DIRECTION('',(0.E0,-1.E0,0.E0));
#3099=VECTOR('',#3098,1.500000000001E-1);
#3100=CARTESIAN_POINT('',(-1.35E0,-8.499999999999E-1,1.1E0));
#3101=LINE('8375',#3100,#3099);
#3102=DIRECTION('',(0.E0,-1.E0,1.598721155459E-13));
#3103=VECTOR('',#3102,1.500000000001E-1);
#3104=CARTESIAN_POINT('',(-1.23E0,-8.499999999999E-1,1.1E0));
#3105=LINE('8376',#3104,#3103);
#3106=DIRECTION('',(5.773502691898E-1,-5.773502691899E-1,-5.773502691891E-1));
#3107=VECTOR('',#3106,1.732050807569E-1);
#3108=CARTESIAN_POINT('',(-1.23E0,-1.E0,1.1E0));
#3109=LINE('8374',#3108,#3107);
#3110=DIRECTION('',(0.E0,1.E0,-2.169692996695E-13));
#3111=VECTOR('',#3110,3.500000000001E-1);
#3112=CARTESIAN_POINT('',(-1.13E0,-1.1E0,1.E0));
#3113=LINE('8377',#3112,#3111);
#3114=DIRECTION('',(1.E0,0.E0,6.291263806209E-14));
#3115=VECTOR('',#3114,1.2E-1);
#3116=CARTESIAN_POINT('',(-1.35E0,-8.499999999999E-1,1.1E0));
#3117=LINE('8379',#3116,#3115);
#3118=DIRECTION('',(5.773502691900E-1,5.773502691892E-1,-5.773502691896E-1));
#3119=VECTOR('',#3118,1.732050807569E-1);
#3120=CARTESIAN_POINT('',(-1.23E0,-8.499999999999E-1,1.1E0));
#3121=LINE('8378',#3120,#3119);
#3122=DIRECTION('',(-1.E0,0.E0,-3.441691376337E-13));
#3123=VECTOR('',#3122,2.200000000001E-1);
#3124=CARTESIAN_POINT('',(-1.13E0,-7.5E-1,1.E0));
#3125=LINE('8380',#3124,#3123);
#3126=DIRECTION('',(0.E0,1.E0,-1.613524129121E-13));
#3127=VECTOR('',#3126,1.500000000001E-1);
#3128=CARTESIAN_POINT('',(-2.07E0,-1.E0,1.1E0));
#3129=LINE('8381',#3128,#3127);
#3130=DIRECTION('',(-5.773502691900E-1,5.773502691892E-1,-5.773502691896E-1));
#3131=VECTOR('',#3130,1.732050807569E-1);
#3132=CARTESIAN_POINT('',(-2.07E0,-8.499999999999E-1,1.1E0));
#3133=LINE('8368',#3132,#3131);
#3134=DIRECTION('',(0.E0,-1.E0,2.169692996695E-13));
#3135=VECTOR('',#3134,3.500000000001E-1);
#3136=CARTESIAN_POINT('',(-2.17E0,-7.5E-1,1.E0));
#3137=LINE('8382',#3136,#3135);
#3138=DIRECTION('',(5.773502691898E-1,5.773502691899E-1,5.773502691891E-1));
#3139=VECTOR('',#3138,1.732050807569E-1);
#3140=CARTESIAN_POINT('',(-2.17E0,-1.1E0,1.E0));
#3141=LINE('8372',#3140,#3139);
#3142=DIRECTION('',(0.E0,7.071067811861E-1,-7.071067811870E-1));
#3143=VECTOR('',#3142,1.414213562373E-1);
#3144=CARTESIAN_POINT('',(-2.45E0,-8.499999999999E-1,1.1E0));
#3145=LINE('8384',#3144,#3143);
#3146=DIRECTION('',(0.E0,1.E0,0.E0));
#3147=VECTOR('',#3146,7.5E-1);
#3148=CARTESIAN_POINT('',(-2.45E0,-7.5E-1,1.E0));
#3149=LINE('8385',#3148,#3147);
#3150=DIRECTION('',(0.E0,0.E0,1.E0));
#3151=VECTOR('',#3150,3.1E0);
#3152=CARTESIAN_POINT('',(-2.45E0,0.E0,1.E0));
#3153=LINE('8386',#3152,#3151);
#3154=DIRECTION('',(0.E0,0.E0,1.E0));
#3155=VECTOR('',#3154,3.E0);
#3156=CARTESIAN_POINT('',(-2.45E0,-1.E0,1.1E0));
#3157=LINE('8383',#3156,#3155);
#3158=DIRECTION('',(-1.E0,0.E0,0.E0));
#3159=VECTOR('',#3158,6.E-1);
#3160=CARTESIAN_POINT('',(-2.45E0,0.E0,4.1E0));
#3161=LINE('7714',#3160,#3159);
#3162=DIRECTION('',(1.E0,0.E0,0.E0));
#3163=VECTOR('',#3162,6.E-1);
#3164=CARTESIAN_POINT('',(-3.05E0,-1.E0,4.1E0));
#3165=LINE('8388',#3164,#3163);
#3166=DIRECTION('',(0.E0,1.E0,0.E0));
#3167=VECTOR('',#3166,1.E0);
#3168=CARTESIAN_POINT('',(-2.45E0,-1.E0,4.1E0));
#3169=LINE('8387',#3168,#3167);
#3170=DIRECTION('',(0.E0,-7.071067811861E-1,7.071067811870E-1));
#3171=VECTOR('',#3170,1.414213562373E-1);
#3172=CARTESIAN_POINT('',(-3.05E0,-7.5E-1,1.E0));
#3173=LINE('8389',#3172,#3171);
#3174=DIRECTION('',(0.E0,0.E0,1.E0));
#3175=VECTOR('',#3174,3.E0);
#3176=CARTESIAN_POINT('',(-3.05E0,-1.E0,1.1E0));
#3177=LINE('8391',#3176,#3175);
#3178=DIRECTION('',(0.E0,1.E0,0.E0));
#3179=VECTOR('',#3178,1.E0);
#3180=CARTESIAN_POINT('',(-3.05E0,-1.E0,4.1E0));
#3181=LINE('8392',#3180,#3179);
#3182=DIRECTION('',(0.E0,0.E0,-1.E0));
#3183=VECTOR('',#3182,3.1E0);
#3184=CARTESIAN_POINT('',(-3.05E0,0.E0,4.1E0));
#3185=LINE('8393',#3184,#3183);
#3186=DIRECTION('',(0.E0,-1.E0,0.E0));
#3187=VECTOR('',#3186,7.5E-1);
#3188=CARTESIAN_POINT('',(-3.05E0,0.E0,1.E0));
#3189=LINE('8394',#3188,#3187);
#3190=DIRECTION('',(-1.E0,0.E0,3.441691376337E-13));
#3191=VECTOR('',#3190,2.200000000001E-1);
#3192=CARTESIAN_POINT('',(-3.05E0,-7.5E-1,1.E0));
#3193=LINE('8396',#3192,#3191);
#3194=DIRECTION('',(0.E0,1.E0,0.E0));
#3195=VECTOR('',#3194,1.500000000001E-1);
#3196=CARTESIAN_POINT('',(-3.05E0,-1.E0,1.1E0));
#3197=LINE('8390',#3196,#3195);
#3198=DIRECTION('',(-1.E0,0.E0,6.476300976980E-14));
#3199=VECTOR('',#3198,1.2E-1);
#3200=CARTESIAN_POINT('',(-3.05E0,-8.499999999999E-1,1.1E0));
#3201=LINE('8395',#3200,#3199);
#3202=DIRECTION('',(-1.E0,2.072416312634E-14,0.E0));
#3203=VECTOR('',#3202,6.E-1);
#3204=CARTESIAN_POINT('',(-2.45E0,-1.E0,1.1E0));
#3205=LINE('8400',#3204,#3203);
#3206=DIRECTION('',(-1.E0,0.E0,2.701542693254E-13));
#3207=VECTOR('',#3206,1.2E-1);
#3208=CARTESIAN_POINT('',(-3.05E0,-1.E0,1.1E0));
#3209=LINE('8398',#3208,#3207);
#3210=DIRECTION('',(1.E0,0.E0,0.E0));
#3211=VECTOR('',#3210,1.04E0);
#3212=CARTESIAN_POINT('',(-3.27E0,-1.1E0,1.E0));
#3213=LINE('8402',#3212,#3211);
#3214=DIRECTION('',(1.E0,1.036208156317E-13,2.664535259100E-13));
#3215=VECTOR('',#3214,1.2E-1);
#3216=CARTESIAN_POINT('',(-2.45E0,-1.E0,1.1E0));
#3217=LINE('8399',#3216,#3215);
#3218=DIRECTION('',(0.E0,-1.E0,0.E0));
#3219=VECTOR('',#3218,1.500000000001E-1);
#3220=CARTESIAN_POINT('',(-2.45E0,-8.499999999999E-1,1.1E0));
#3221=LINE('8404',#3220,#3219);
#3222=DIRECTION('',(0.E0,-1.E0,1.598721155459E-13));
#3223=VECTOR('',#3222,1.500000000001E-1);
#3224=CARTESIAN_POINT('',(-2.33E0,-8.499999999999E-1,1.1E0));
#3225=LINE('8405',#3224,#3223);
#3226=DIRECTION('',(5.773502691898E-1,-5.773502691899E-1,-5.773502691891E-1));
#3227=VECTOR('',#3226,1.732050807569E-1);
#3228=CARTESIAN_POINT('',(-2.33E0,-1.E0,1.1E0));
#3229=LINE('8403',#3228,#3227);
#3230=DIRECTION('',(0.E0,1.E0,-2.176037128265E-13));
#3231=VECTOR('',#3230,3.500000000001E-1);
#3232=CARTESIAN_POINT('',(-2.23E0,-1.1E0,1.E0));
#3233=LINE('8406',#3232,#3231);
#3234=DIRECTION('',(1.E0,0.E0,6.291263806209E-14));
#3235=VECTOR('',#3234,1.2E-1);
#3236=CARTESIAN_POINT('',(-2.45E0,-8.499999999999E-1,1.1E0));
#3237=LINE('8408',#3236,#3235);
#3238=DIRECTION('',(5.773502691900E-1,5.773502691892E-1,-5.773502691896E-1));
#3239=VECTOR('',#3238,1.732050807569E-1);
#3240=CARTESIAN_POINT('',(-2.33E0,-8.499999999999E-1,1.1E0));
#3241=LINE('8407',#3240,#3239);
#3242=DIRECTION('',(-1.E0,0.E0,-3.441691376337E-13));
#3243=VECTOR('',#3242,2.200000000001E-1);
#3244=CARTESIAN_POINT('',(-2.23E0,-7.5E-1,1.E0));
#3245=LINE('8409',#3244,#3243);
#3246=DIRECTION('',(0.E0,1.E0,-1.628327102783E-13));
#3247=VECTOR('',#3246,1.500000000001E-1);
#3248=CARTESIAN_POINT('',(-3.17E0,-1.E0,1.1E0));
#3249=LINE('8410',#3248,#3247);
#3250=DIRECTION('',(-5.773502691900E-1,5.773502691892E-1,-5.773502691896E-1));
#3251=VECTOR('',#3250,1.732050807569E-1);
#3252=CARTESIAN_POINT('',(-3.17E0,-8.499999999999E-1,1.1E0));
#3253=LINE('8397',#3252,#3251);
#3254=DIRECTION('',(0.E0,-1.E0,2.176037128265E-13));
#3255=VECTOR('',#3254,3.500000000001E-1);
#3256=CARTESIAN_POINT('',(-3.27E0,-7.5E-1,1.E0));
#3257=LINE('8411',#3256,#3255);
#3258=DIRECTION('',(5.773502691898E-1,5.773502691899E-1,5.773502691891E-1));
#3259=VECTOR('',#3258,1.732050807569E-1);
#3260=CARTESIAN_POINT('',(-3.27E0,-1.1E0,1.E0));
#3261=LINE('8401',#3260,#3259);
#3262=DIRECTION('',(1.E0,3.228898629952E-14,7.438494264989E-13));
#3263=VECTOR('',#3262,2.E-1);
#3264=CARTESIAN_POINT('',(5.8E0,5.638082593388E-14,2.648362937015E0));
#3265=LINE('7722',#3264,#3263);
#3266=DIRECTION('',(1.E0,0.E0,0.E0));
#3267=VECTOR('',#3266,2.E-1);
#3268=CARTESIAN_POINT('',(5.8E0,-6.E-1,2.55E0));
#3269=LINE('7811',#3268,#3267);
#3270=DIRECTION('',(-1.E0,0.E0,0.E0));
#3271=VECTOR('',#3270,2.E-1);
#3272=CARTESIAN_POINT('',(6.E0,-3.5E-1,2.3E0));
#3273=LINE('7812',#3272,#3271);
#3274=DIRECTION('',(0.E0,0.E0,-1.E0));
#3275=VECTOR('',#3274,5.E-2);
#3276=CARTESIAN_POINT('',(5.8E0,-6.E-1,2.55E0));
#3277=LINE('7794',#3276,#3275);
#3278=DIRECTION('',(0.E0,0.E0,1.E0));
#3279=VECTOR('',#3278,5.E-2);
#3280=CARTESIAN_POINT('',(6.E0,-6.E-1,2.5E0));
#3281=LINE('7804',#3280,#3279);
#3282=CARTESIAN_POINT('',(5.8E0,-3.5E-1,2.55E0));
#3283=DIRECTION('',(1.E0,0.E0,0.E0));
#3284=DIRECTION('',(0.E0,-1.E0,0.E0));
#3285=AXIS2_PLACEMENT_3D('',#3282,#3283,#3284);
#3287=DIRECTION('',(0.E0,-1.E0,0.E0));
#3288=VECTOR('',#3287,4.999999999999E-2);
#3289=CARTESIAN_POINT('',(5.8E0,-3.5E-1,2.3E0));
#3290=LINE('7796',#3289,#3288);
#3291=CARTESIAN_POINT('',(5.8E0,-4.E-1,2.5E0));
#3292=DIRECTION('',(-1.E0,0.E0,0.E0));
#3293=DIRECTION('',(0.E0,0.E0,-1.E0));
#3294=AXIS2_PLACEMENT_3D('',#3291,#3292,#3293);
#3296=DIRECTION('',(0.E0,-1.E0,0.E0));
#3297=VECTOR('',#3296,5.E-2);
#3298=CARTESIAN_POINT('',(6.E0,-3.5E-1,2.3E0));
#3299=LINE('7793',#3298,#3297);
#3300=DIRECTION('',(1.E0,-3.386180225107E-14,0.E0));
#3301=VECTOR('',#3300,2.E-1);
#3302=CARTESIAN_POINT('',(5.8E0,-4.E-1,2.3E0));
#3303=LINE('7809',#3302,#3301);
#3304=DIRECTION('',(-1.E0,0.E0,0.E0));
#3305=VECTOR('',#3304,2.E-1);
#3306=CARTESIAN_POINT('',(6.E0,-6.E-1,2.5E0));
#3307=LINE('7810',#3306,#3305);
#3308=DIRECTION('',(0.E0,0.E0,-1.E0));
#3309=VECTOR('',#3308,3.1E0);
#3310=CARTESIAN_POINT('',(-4.5E0,-1.25E0,4.4E0));
#3311=LINE('7741',#3310,#3309);
#3312=DIRECTION('',(0.E0,-1.E0,0.E0));
#3313=VECTOR('',#3312,2.E-1);
#3314=CARTESIAN_POINT('',(-4.5E0,-1.25E0,1.3E0));
#3315=LINE('7977',#3314,#3313);
#3316=DIRECTION('',(0.E0,0.E0,1.E0));
#3317=VECTOR('',#3316,3.1E0);
#3318=CARTESIAN_POINT('',(-4.5E0,-1.45E0,1.3E0));
#3319=LINE('8028',#3318,#3317);
#3320=DIRECTION('',(0.E0,-1.E0,-1.332267629550E-14));
#3321=VECTOR('',#3320,2.E-1);
#3322=CARTESIAN_POINT('',(-4.5E0,-1.25E0,4.4E0));
#3323=LINE('8029',#3322,#3321);
#3324=DIRECTION('',(0.E0,1.E0,-4.440898704256E-14));
#3325=VECTOR('',#3324,9.999985125184E-2);
#3326=CARTESIAN_POINT('',(-4.7E0,-1.45E0,4.6E0));
#3327=LINE('8030',#3326,#3325);
#3328=CARTESIAN_POINT('',(-4.7E0,-1.350000148748E0,4.6E0));
#3329=CARTESIAN_POINT('',(-4.687093447973E0,-1.350000148748E0,4.6E0));
#3330=CARTESIAN_POINT('',(-4.661405451122E0,-1.347642548005E0,
4.597642617042E0));
#3331=CARTESIAN_POINT('',(-4.619829823205E0,-1.334758951773E0,
4.584758933268E0));
#3332=CARTESIAN_POINT('',(-4.585437833963E0,-1.315646078695E0,
4.565646083677E0));
#3333=CARTESIAN_POINT('',(-4.551916533504E0,-1.286808275727E0,
4.536808274304E0));
#3334=CARTESIAN_POINT('',(-4.534402616726E0,-1.263176769737E0,
4.513176769737E0));
#3335=CARTESIAN_POINT('',(-4.526794919243E0,-1.249999851168E0,
4.499999851168E0));
#3337=DIRECTION('',(9.999999999913E-1,7.862977706527E-8,4.167370218718E-6));
#3338=VECTOR('',#3337,4.732050807610E-1);
#3339=CARTESIAN_POINT('',(-5.E0,-1.249999888376E0,4.499997879147E0));
#3340=LINE('7743',#3339,#3338);
#3341=DIRECTION('',(-9.999999999600E-1,-8.433298989180E-6,-2.977528514001E-6));
#3342=VECTOR('',#3341,3.000000000118E-1);
#3343=CARTESIAN_POINT('',(-4.7E0,-1.350000148748E0,4.6E0));
#3344=LINE('8032',#3343,#3342);
#3345=CARTESIAN_POINT('',(-5.E0,-1.05E0,4.499996428038E0));
#3346=DIRECTION('',(0.E0,0.E0,1.E0));
#3347=DIRECTION('',(-1.E0,0.E0,0.E0));
#3348=AXIS2_PLACEMENT_3D('',#3345,#3346,#3347);
#3350=DIRECTION('',(1.570060916461E-12,-7.071123062720E-1,7.071012560580E-1));
#3351=VECTOR('',#3350,1.414241973652E-1);
#3352=CARTESIAN_POINT('',(-5.E0,-1.249999888376E0,4.499997879147E0));
#3353=LINE('8033',#3352,#3351);
#3354=DIRECTION('',(0.E0,1.116213727042E-6,-9.999999999994E-1));
#3355=VECTOR('',#3354,1.000021208526E-1);
#3356=CARTESIAN_POINT('',(-5.E0,-1.25E0,4.6E0));
#3357=LINE('7945',#3356,#3355);
#3358=DIRECTION('',(1.120398948192E-6,-1.056463835379E-4,-9.999999944188E-1));
#3359=VECTOR('',#3358,1.000021220385E-1);
#3360=CARTESIAN_POINT('',(-5.199999999791E0,-1.050005282431E0,4.6E0));
#3361=LINE('7944',#3360,#3359);
#3362=DIRECTION('',(-8.314658484590E-8,-9.999999999931E-1,-3.720197853438E-6));
#3363=VECTOR('',#3362,4.500158472971E-1);
#3364=CARTESIAN_POINT('',(-5.199999850331E0,-6.E-1,4.499999552668E0));
#3365=LINE('7956',#3364,#3363);
#3366=CARTESIAN_POINT('',(-5.199999887748E0,-1.050015847294E0,
4.499997878520E0));
#3367=CARTESIAN_POINT('',(-5.211165667337E0,-1.050000749351E0,
4.511163658108E0));
#3368=CARTESIAN_POINT('',(-5.233460573561E0,-1.049993385842E0,
4.533461255138E0));
#3369=CARTESIAN_POINT('',(-5.266792873342E0,-1.050026949885E0,
4.566793501666E0));
#3370=CARTESIAN_POINT('',(-5.288945275953E0,-1.049936673566E0,
4.588943355478E0));
#3371=CARTESIAN_POINT('',(-5.300001920309E0,-1.049910884913E0,
4.599999999834E0));
#3373=DIRECTION('',(4.268368513587E-6,9.999999999909E-1,1.993032840549E-10));
#3374=VECTOR('',#3373,4.499108849173E-1);
#3375=CARTESIAN_POINT('',(-5.300001920309E0,-1.049910884913E0,
4.599999999834E0));
#3376=LINE('8035',#3375,#3374);
#3377=DIRECTION('',(-7.071057287895E-1,0.E0,7.071078335820E-1));
#3378=VECTOR('',#3377,1.414217782732E-1);
#3379=CARTESIAN_POINT('',(-5.199999850331E0,-6.E-1,4.499999552668E0));
#3380=LINE('8036',#3379,#3378);
#3381=DIRECTION('',(1.E0,0.E0,7.625011738940E-10));
#3382=VECTOR('',#3381,9.999999992375E-2);
#3383=CARTESIAN_POINT('',(-5.299999999924E0,-6.E-1,4.599999999924E0));
#3384=LINE('8037',#3383,#3382);
#3385=DIRECTION('',(1.496681642567E-6,0.E0,-9.999999999989E-1));
#3386=VECTOR('',#3385,1.000004473324E-1);
#3387=CARTESIAN_POINT('',(-5.2E0,-6.E-1,4.6E0));
#3388=LINE('8038',#3387,#3386);
#3389=DIRECTION('',(0.E0,1.E0,0.E0));
#3390=VECTOR('',#3389,1.5E-1);
#3391=CARTESIAN_POINT('',(-4.15E0,-1.4E0,1.7E0));
#3392=LINE('8570',#3391,#3390);
#3393=DIRECTION('',(0.E0,0.E0,1.E0));
#3394=VECTOR('',#3393,2.9E0);
#3395=CARTESIAN_POINT('',(-4.15E0,-1.25E0,1.7E0));
#3396=LINE('8571',#3395,#3394);
#3397=DIRECTION('',(-1.776356839400E-14,-1.E0,0.E0));
#3398=VECTOR('',#3397,1.5E-1);
#3399=CARTESIAN_POINT('',(-4.15E0,-1.25E0,4.6E0));
#3400=LINE('8572',#3399,#3398);
#3401=DIRECTION('',(0.E0,0.E0,-1.E0));
#3402=VECTOR('',#3401,2.9E0);
#3403=CARTESIAN_POINT('',(-4.15E0,-1.4E0,4.6E0));
#3404=LINE('8477',#3403,#3402);
#3405=DIRECTION('',(-1.776356839400E-14,1.E0,0.E0));
#3406=VECTOR('',#3405,1.5E-1);
#3407=CARTESIAN_POINT('',(-4.05E0,-1.4E0,1.6E0));
#3408=LINE('8566',#3407,#3406);
#3409=DIRECTION('',(-7.071067811865E-1,0.E0,-7.071067811865E-1));
#3410=VECTOR('',#3409,1.414213562373E-1);
#3411=CARTESIAN_POINT('',(4.15E0,-1.4E0,1.7E0));
#3412=LINE('8461',#3411,#3410);
#3413=DIRECTION('',(-1.E0,0.E0,0.E0));
#3414=VECTOR('',#3413,5.E-1);
#3415=CARTESIAN_POINT('',(4.05E0,-1.4E0,1.6E0));
#3416=LINE('8452',#3415,#3414);
#3417=DIRECTION('',(0.E0,0.E0,-1.E0));
#3418=VECTOR('',#3417,3.E-1);
#3419=CARTESIAN_POINT('',(3.55E0,-1.4E0,1.6E0));
#3420=LINE('8453',#3419,#3418);
#3421=DIRECTION('',(-7.071067811865E-1,0.E0,-7.071067811865E-1));
#3422=VECTOR('',#3421,1.414213562373E-1);
#3423=CARTESIAN_POINT('',(3.55E0,-1.4E0,1.3E0));
#3424=LINE('8462',#3423,#3422);
#3425=DIRECTION('',(-1.E0,0.E0,0.E0));
#3426=VECTOR('',#3425,3.E-1);
#3427=CARTESIAN_POINT('',(3.45E0,-1.4E0,1.2E0));
#3428=LINE('8459',#3427,#3426);
#3429=DIRECTION('',(-7.071067811865E-1,0.E0,7.071067811865E-1));
#3430=VECTOR('',#3429,1.414213562373E-1);
#3431=CARTESIAN_POINT('',(3.15E0,-1.4E0,1.2E0));
#3432=LINE('8463',#3431,#3430);
#3433=DIRECTION('',(-7.071067811865E-1,0.E0,-7.071067811866E-1));
#3434=VECTOR('',#3433,1.414213562373E-1);
#3435=CARTESIAN_POINT('',(2.45E0,-1.4E0,1.3E0));
#3436=LINE('8464',#3435,#3434);
#3437=DIRECTION('',(-7.071067811865E-1,0.E0,7.071067811865E-1));
#3438=VECTOR('',#3437,1.414213562373E-1);
#3439=CARTESIAN_POINT('',(2.05E0,-1.4E0,1.2E0));
#3440=LINE('8465',#3439,#3438);
#3441=DIRECTION('',(-7.071067811865E-1,0.E0,-7.071067811865E-1));
#3442=VECTOR('',#3441,1.414213562373E-1);
#3443=CARTESIAN_POINT('',(1.35E0,-1.4E0,1.3E0));
#3444=LINE('8466',#3443,#3442);
#3445=DIRECTION('',(-7.071067811856E-1,0.E0,7.071067811875E-1));
#3446=VECTOR('',#3445,1.414213562373E-1);
#3447=CARTESIAN_POINT('',(9.499999999999E-1,-1.4E0,1.2E0));
#3448=LINE('8467',#3447,#3446);
#3449=DIRECTION('',(-7.071067811856E-1,0.E0,-7.071067811875E-1));
#3450=VECTOR('',#3449,1.414213562373E-1);
#3451=CARTESIAN_POINT('',(2.499999999999E-1,-1.4E0,1.3E0));
#3452=LINE('8468',#3451,#3450);
#3453=DIRECTION('',(-7.071067811856E-1,0.E0,7.071067811875E-1));
#3454=VECTOR('',#3453,1.414213562373E-1);
#3455=CARTESIAN_POINT('',(-1.500000000001E-1,-1.4E0,1.2E0));
#3456=LINE('8469',#3455,#3454);
#3457=DIRECTION('',(-7.071067811856E-1,0.E0,-7.071067811875E-1));
#3458=VECTOR('',#3457,1.414213562373E-1);
#3459=CARTESIAN_POINT('',(-8.500000000001E-1,-1.4E0,1.3E0));
#3460=LINE('8470',#3459,#3458);
#3461=DIRECTION('',(-7.071067811866E-1,0.E0,7.071067811865E-1));
#3462=VECTOR('',#3461,1.414213562373E-1);
#3463=CARTESIAN_POINT('',(-1.25E0,-1.4E0,1.2E0));
#3464=LINE('8471',#3463,#3462);
#3465=DIRECTION('',(-7.071067811866E-1,0.E0,-7.071067811865E-1));
#3466=VECTOR('',#3465,1.414213562373E-1);
#3467=CARTESIAN_POINT('',(-1.95E0,-1.4E0,1.3E0));
#3468=LINE('8472',#3467,#3466);
#3469=DIRECTION('',(-7.071067811865E-1,0.E0,7.071067811866E-1));
#3470=VECTOR('',#3469,1.414213562373E-1);
#3471=CARTESIAN_POINT('',(-2.35E0,-1.4E0,1.2E0));
#3472=LINE('8473',#3471,#3470);
#3473=DIRECTION('',(-7.071067811865E-1,0.E0,-7.071067811865E-1));
#3474=VECTOR('',#3473,1.414213562373E-1);
#3475=CARTESIAN_POINT('',(-3.05E0,-1.4E0,1.3E0));
#3476=LINE('8474',#3475,#3474);
#3477=DIRECTION('',(-7.071067811865E-1,0.E0,7.071067811866E-1));
#3478=VECTOR('',#3477,1.414213562373E-1);
#3479=CARTESIAN_POINT('',(-3.45E0,-1.4E0,1.2E0));
#3480=LINE('8475',#3479,#3478);
#3481=DIRECTION('',(-7.071067811865E-1,0.E0,7.071067811865E-1));
#3482=VECTOR('',#3481,1.414213562373E-1);
#3483=CARTESIAN_POINT('',(-4.05E0,-1.4E0,1.6E0));
#3484=LINE('8476',#3483,#3482);
#3485=DIRECTION('',(1.E0,0.E0,0.E0));
#3486=VECTOR('',#3485,8.3E0);
#3487=CARTESIAN_POINT('',(-4.15E0,-1.4E0,4.6E0));
#3488=LINE('8478',#3487,#3486);
#3489=DIRECTION('',(0.E0,0.E0,-1.E0));
#3490=VECTOR('',#3489,2.9E0);
#3491=CARTESIAN_POINT('',(4.15E0,-1.4E0,4.6E0));
#3492=LINE('8447',#3491,#3490);
#3493=DIRECTION('',(0.E0,1.E0,0.E0));
#3494=VECTOR('',#3493,1.5E-1);
#3495=CARTESIAN_POINT('',(4.15E0,-1.4E0,1.7E0));
#3496=LINE('8446',#3495,#3494);
#3497=DIRECTION('',(0.E0,1.E0,0.E0));
#3498=VECTOR('',#3497,1.5E-1);
#3499=CARTESIAN_POINT('',(4.05E0,-1.4E0,1.6E0));
#3500=LINE('8450',#3499,#3498);
#3501=DIRECTION('',(-1.E0,0.E0,0.E0));
#3502=VECTOR('',#3501,5.E-1);
#3503=CARTESIAN_POINT('',(4.05E0,-1.25E0,1.6E0));
#3504=LINE('8451',#3503,#3502);
#3505=DIRECTION('',(0.E0,1.E0,0.E0));
#3506=VECTOR('',#3505,1.5E-1);
#3507=CARTESIAN_POINT('',(3.55E0,-1.4E0,1.6E0));
#3508=LINE('8454',#3507,#3506);
#3509=DIRECTION('',(0.E0,0.E0,-1.E0));
#3510=VECTOR('',#3509,3.E-1);
#3511=CARTESIAN_POINT('',(3.55E0,-1.25E0,1.6E0));
#3512=LINE('8455',#3511,#3510);
#3513=DIRECTION('',(0.E0,1.E0,0.E0));
#3514=VECTOR('',#3513,1.5E-1);
#3515=CARTESIAN_POINT('',(3.55E0,-1.4E0,1.3E0));
#3516=LINE('8456',#3515,#3514);
#3517=DIRECTION('',(0.E0,1.E0,0.E0));
#3518=VECTOR('',#3517,1.5E-1);
#3519=CARTESIAN_POINT('',(3.45E0,-1.4E0,1.2E0));
#3520=LINE('8457',#3519,#3518);
#3521=DIRECTION('',(-1.E0,0.E0,0.E0));
#3522=VECTOR('',#3521,3.E-1);
#3523=CARTESIAN_POINT('',(3.45E0,-1.25E0,1.2E0));
#3524=LINE('8458',#3523,#3522);
#3525=DIRECTION('',(0.E0,1.E0,0.E0));
#3526=VECTOR('',#3525,1.5E-1);
#3527=CARTESIAN_POINT('',(3.15E0,-1.4E0,1.2E0));
#3528=LINE('8460',#3527,#3526);
#3529=DIRECTION('',(0.E0,1.E0,0.E0));
#3530=VECTOR('',#3529,1.5E-1);
#3531=CARTESIAN_POINT('',(3.05E0,-1.4E0,1.3E0));
#3532=LINE('8479',#3531,#3530);
#3533=DIRECTION('',(0.E0,0.E0,1.E0));
#3534=VECTOR('',#3533,3.E-1);
#3535=CARTESIAN_POINT('',(3.05E0,-1.25E0,1.3E0));
#3536=LINE('8480',#3535,#3534);
#3537=DIRECTION('',(0.E0,0.E0,-1.E0));
#3538=VECTOR('',#3537,3.E-1);
#3539=CARTESIAN_POINT('',(3.05E0,-1.4E0,1.6E0));
#3540=LINE('8481',#3539,#3538);
#3541=DIRECTION('',(1.E0,0.E0,0.E0));
#3542=VECTOR('',#3541,6.E-1);
#3543=CARTESIAN_POINT('',(2.45E0,-1.4E0,1.6E0));
#3544=LINE('8482',#3543,#3542);
#3545=DIRECTION('',(0.E0,1.E0,0.E0));
#3546=VECTOR('',#3545,1.5E-1);
#3547=CARTESIAN_POINT('',(3.05E0,-1.4E0,1.6E0));
#3548=LINE('8483',#3547,#3546);
#3549=DIRECTION('',(-1.E0,0.E0,0.E0));
#3550=VECTOR('',#3549,6.E-1);
#3551=CARTESIAN_POINT('',(3.05E0,-1.25E0,1.6E0));
#3552=LINE('8484',#3551,#3550);
#3553=DIRECTION('',(0.E0,0.E0,1.E0));
#3554=VECTOR('',#3553,3.E-1);
#3555=CARTESIAN_POINT('',(2.45E0,-1.4E0,1.3E0));
#3556=LINE('8485',#3555,#3554);
#3557=DIRECTION('',(0.E0,1.E0,0.E0));
#3558=VECTOR('',#3557,1.5E-1);
#3559=CARTESIAN_POINT('',(2.45E0,-1.4E0,1.6E0));
#3560=LINE('8486',#3559,#3558);
#3561=DIRECTION('',(0.E0,0.E0,-1.E0));
#3562=VECTOR('',#3561,3.E-1);
#3563=CARTESIAN_POINT('',(2.45E0,-1.25E0,1.6E0));
#3564=LINE('8487',#3563,#3562);
#3565=DIRECTION('',(0.E0,1.E0,0.E0));
#3566=VECTOR('',#3565,1.5E-1);
#3567=CARTESIAN_POINT('',(2.45E0,-1.4E0,1.3E0));
#3568=LINE('8489',#3567,#3566);
#3569=DIRECTION('',(0.E0,1.E0,0.E0));
#3570=VECTOR('',#3569,1.5E-1);
#3571=CARTESIAN_POINT('',(2.35E0,-1.4E0,1.2E0));
#3572=LINE('8488',#3571,#3570);
#3573=DIRECTION('',(-1.E0,0.E0,0.E0));
#3574=VECTOR('',#3573,3.E-1);
#3575=CARTESIAN_POINT('',(2.35E0,-1.25E0,1.2E0));
#3576=LINE('8490',#3575,#3574);
#3577=DIRECTION('',(1.E0,0.E0,0.E0));
#3578=VECTOR('',#3577,3.E-1);
#3579=CARTESIAN_POINT('',(2.05E0,-1.4E0,1.2E0));
#3580=LINE('8491',#3579,#3578);
#3581=DIRECTION('',(0.E0,1.E0,0.E0));
#3582=VECTOR('',#3581,1.5E-1);
#3583=CARTESIAN_POINT('',(2.05E0,-1.4E0,1.2E0));
#3584=LINE('8492',#3583,#3582);
#3585=DIRECTION('',(0.E0,1.E0,0.E0));
#3586=VECTOR('',#3585,1.5E-1);
#3587=CARTESIAN_POINT('',(1.95E0,-1.4E0,1.3E0));
#3588=LINE('8493',#3587,#3586);
#3589=DIRECTION('',(0.E0,0.E0,1.E0));
#3590=VECTOR('',#3589,3.E-1);
#3591=CARTESIAN_POINT('',(1.95E0,-1.25E0,1.3E0));
#3592=LINE('8494',#3591,#3590);
#3593=DIRECTION('',(0.E0,0.E0,-1.E0));
#3594=VECTOR('',#3593,3.E-1);
#3595=CARTESIAN_POINT('',(1.95E0,-1.4E0,1.6E0));
#3596=LINE('8495',#3595,#3594);
#3597=DIRECTION('',(1.E0,0.E0,0.E0));
#3598=VECTOR('',#3597,6.E-1);
#3599=CARTESIAN_POINT('',(1.35E0,-1.4E0,1.6E0));
#3600=LINE('8496',#3599,#3598);
#3601=DIRECTION('',(0.E0,1.E0,0.E0));
#3602=VECTOR('',#3601,1.5E-1);
#3603=CARTESIAN_POINT('',(1.95E0,-1.4E0,1.6E0));
#3604=LINE('8497',#3603,#3602);
#3605=DIRECTION('',(-1.E0,0.E0,0.E0));
#3606=VECTOR('',#3605,6.E-1);
#3607=CARTESIAN_POINT('',(1.95E0,-1.25E0,1.6E0));
#3608=LINE('8498',#3607,#3606);
#3609=DIRECTION('',(0.E0,0.E0,1.E0));
#3610=VECTOR('',#3609,3.E-1);
#3611=CARTESIAN_POINT('',(1.35E0,-1.4E0,1.3E0));
#3612=LINE('8499',#3611,#3610);
#3613=DIRECTION('',(0.E0,1.E0,0.E0));
#3614=VECTOR('',#3613,1.5E-1);
#3615=CARTESIAN_POINT('',(1.35E0,-1.4E0,1.6E0));
#3616=LINE('8500',#3615,#3614);
#3617=DIRECTION('',(0.E0,0.E0,-1.E0));
#3618=VECTOR('',#3617,3.E-1);
#3619=CARTESIAN_POINT('',(1.35E0,-1.25E0,1.6E0));
#3620=LINE('8501',#3619,#3618);
#3621=DIRECTION('',(0.E0,1.E0,0.E0));
#3622=VECTOR('',#3621,1.5E-1);
#3623=CARTESIAN_POINT('',(1.35E0,-1.4E0,1.3E0));
#3624=LINE('8503',#3623,#3622);
#3625=DIRECTION('',(0.E0,1.E0,0.E0));
#3626=VECTOR('',#3625,1.5E-1);
#3627=CARTESIAN_POINT('',(1.25E0,-1.4E0,1.2E0));
#3628=LINE('8502',#3627,#3626);
#3629=DIRECTION('',(-1.E0,0.E0,-2.294460917558E-13));
#3630=VECTOR('',#3629,3.000000000001E-1);
#3631=CARTESIAN_POINT('',(1.25E0,-1.25E0,1.2E0));
#3632=LINE('8504',#3631,#3630);
#3633=DIRECTION('',(1.E0,0.E0,2.279657943896E-13));
#3634=VECTOR('',#3633,3.000000000001E-1);
#3635=CARTESIAN_POINT('',(9.499999999999E-1,-1.4E0,1.2E0));
#3636=LINE('8505',#3635,#3634);
#3637=DIRECTION('',(0.E0,1.E0,0.E0));
#3638=VECTOR('',#3637,1.5E-1);
#3639=CARTESIAN_POINT('',(9.499999999999E-1,-1.4E0,1.2E0));
#3640=LINE('8506',#3639,#3638);
#3641=DIRECTION('',(0.E0,1.E0,0.E0));
#3642=VECTOR('',#3641,1.5E-1);
#3643=CARTESIAN_POINT('',(8.500000000001E-1,-1.4E0,1.3E0));
#3644=LINE('8507',#3643,#3642);
#3645=DIRECTION('',(-2.264854970236E-13,0.E0,1.E0));
#3646=VECTOR('',#3645,2.999999999999E-1);
#3647=CARTESIAN_POINT('',(8.500000000001E-1,-1.25E0,1.3E0));
#3648=LINE('8508',#3647,#3646);
#3649=DIRECTION('',(2.279657943898E-13,0.E0,-1.E0));
#3650=VECTOR('',#3649,2.999999999999E-1);
#3651=CARTESIAN_POINT('',(8.5E-1,-1.4E0,1.6E0));
#3652=LINE('8509',#3651,#3650);
#3653=DIRECTION('',(1.E0,0.E0,0.E0));
#3654=VECTOR('',#3653,6.E-1);
#3655=CARTESIAN_POINT('',(2.5E-1,-1.4E0,1.6E0));
#3656=LINE('8510',#3655,#3654);
#3657=DIRECTION('',(0.E0,1.E0,0.E0));
#3658=VECTOR('',#3657,1.5E-1);
#3659=CARTESIAN_POINT('',(8.5E-1,-1.4E0,1.6E0));
#3660=LINE('8511',#3659,#3658);
#3661=DIRECTION('',(-1.E0,0.E0,0.E0));
#3662=VECTOR('',#3661,6.E-1);
#3663=CARTESIAN_POINT('',(8.5E-1,-1.25E0,1.6E0));
#3664=LINE('8512',#3663,#3662);
#3665=DIRECTION('',(2.274106828774E-13,0.E0,1.E0));
#3666=VECTOR('',#3665,2.999999999999E-1);
#3667=CARTESIAN_POINT('',(2.499999999999E-1,-1.4E0,1.3E0));
#3668=LINE('8513',#3667,#3666);
#3669=DIRECTION('',(0.E0,1.E0,0.E0));
#3670=VECTOR('',#3669,1.5E-1);
#3671=CARTESIAN_POINT('',(2.5E-1,-1.4E0,1.6E0));
#3672=LINE('8514',#3671,#3670);
#3673=DIRECTION('',(-2.263004598528E-13,0.E0,-1.E0));
#3674=VECTOR('',#3673,2.999999999999E-1);
#3675=CARTESIAN_POINT('',(2.5E-1,-1.25E0,1.6E0));
#3676=LINE('8515',#3675,#3674);
#3677=DIRECTION('',(0.E0,1.E0,0.E0));
#3678=VECTOR('',#3677,1.5E-1);
#3679=CARTESIAN_POINT('',(2.499999999999E-1,-1.4E0,1.3E0));
#3680=LINE('8517',#3679,#3678);
#3681=DIRECTION('',(0.E0,1.E0,0.E0));
#3682=VECTOR('',#3681,1.5E-1);
#3683=CARTESIAN_POINT('',(1.500000000001E-1,-1.4E0,1.2E0));
#3684=LINE('8516',#3683,#3682);
#3685=DIRECTION('',(-1.E0,0.E0,0.E0));
#3686=VECTOR('',#3685,3.000000000001E-1);
#3687=CARTESIAN_POINT('',(1.500000000001E-1,-1.25E0,1.2E0));
#3688=LINE('8518',#3687,#3686);
#3689=DIRECTION('',(1.E0,0.E0,0.E0));
#3690=VECTOR('',#3689,3.000000000001E-1);
#3691=CARTESIAN_POINT('',(-1.500000000001E-1,-1.4E0,1.2E0));
#3692=LINE('8519',#3691,#3690);
#3693=DIRECTION('',(0.E0,1.E0,0.E0));
#3694=VECTOR('',#3693,1.5E-1);
#3695=CARTESIAN_POINT('',(-1.500000000001E-1,-1.4E0,1.2E0));
#3696=LINE('8520',#3695,#3694);
#3697=DIRECTION('',(0.E0,1.E0,0.E0));
#3698=VECTOR('',#3697,1.5E-1);
#3699=CARTESIAN_POINT('',(-2.499999999999E-1,-1.4E0,1.3E0));
#3700=LINE('8521',#3699,#3698);
#3701=DIRECTION('',(-2.283358687313E-13,0.E0,1.E0));
#3702=VECTOR('',#3701,2.999999999999E-1);
#3703=CARTESIAN_POINT('',(-2.499999999999E-1,-1.25E0,1.3E0));
#3704=LINE('8522',#3703,#3702);
#3705=DIRECTION('',(2.292610545851E-13,0.E0,-1.E0));
#3706=VECTOR('',#3705,2.999999999999E-1);
#3707=CARTESIAN_POINT('',(-2.5E-1,-1.4E0,1.6E0));
#3708=LINE('8523',#3707,#3706);
#3709=DIRECTION('',(1.E0,0.E0,0.E0));
#3710=VECTOR('',#3709,6.E-1);
#3711=CARTESIAN_POINT('',(-8.5E-1,-1.4E0,1.6E0));
#3712=LINE('8524',#3711,#3710);
#3713=DIRECTION('',(0.E0,1.E0,0.E0));
#3714=VECTOR('',#3713,1.5E-1);
#3715=CARTESIAN_POINT('',(-2.5E-1,-1.4E0,1.6E0));
#3716=LINE('8525',#3715,#3714);
#3717=DIRECTION('',(-1.E0,0.E0,0.E0));
#3718=VECTOR('',#3717,6.E-1);
#3719=CARTESIAN_POINT('',(-2.5E-1,-1.25E0,1.6E0));
#3720=LINE('8526',#3719,#3718);
#3721=DIRECTION('',(2.268555713651E-13,0.E0,1.E0));
#3722=VECTOR('',#3721,2.999999999999E-1);
#3723=CARTESIAN_POINT('',(-8.500000000001E-1,-1.4E0,1.3E0));
#3724=LINE('8527',#3723,#3722);
#3725=DIRECTION('',(0.E0,1.E0,0.E0));
#3726=VECTOR('',#3725,1.5E-1);
#3727=CARTESIAN_POINT('',(-8.5E-1,-1.4E0,1.6E0));
#3728=LINE('8528',#3727,#3726);
#3729=DIRECTION('',(-2.287059430728E-13,0.E0,-1.E0));
#3730=VECTOR('',#3729,2.999999999999E-1);
#3731=CARTESIAN_POINT('',(-8.5E-1,-1.25E0,1.6E0));
#3732=LINE('8529',#3731,#3730);
#3733=DIRECTION('',(0.E0,1.E0,0.E0));
#3734=VECTOR('',#3733,1.5E-1);
#3735=CARTESIAN_POINT('',(-8.500000000001E-1,-1.4E0,1.3E0));
#3736=LINE('8531',#3735,#3734);
#3737=DIRECTION('',(0.E0,1.E0,0.E0));
#3738=VECTOR('',#3737,1.5E-1);
#3739=CARTESIAN_POINT('',(-9.499999999999E-1,-1.4E0,1.2E0));
#3740=LINE('8530',#3739,#3738);
#3741=DIRECTION('',(-1.E0,0.E0,2.264854970235E-13));
#3742=VECTOR('',#3741,3.000000000001E-1);
#3743=CARTESIAN_POINT('',(-9.499999999999E-1,-1.25E0,1.2E0));
#3744=LINE('8532',#3743,#3742);
#3745=DIRECTION('',(1.E0,0.E0,-2.279657943896E-13));
#3746=VECTOR('',#3745,3.000000000001E-1);
#3747=CARTESIAN_POINT('',(-1.25E0,-1.4E0,1.2E0));
#3748=LINE('8533',#3747,#3746);
#3749=DIRECTION('',(0.E0,1.E0,0.E0));
#3750=VECTOR('',#3749,1.5E-1);
#3751=CARTESIAN_POINT('',(-1.25E0,-1.4E0,1.2E0));
#3752=LINE('8534',#3751,#3750);
#3753=DIRECTION('',(0.E0,1.E0,0.E0));
#3754=VECTOR('',#3753,1.5E-1);
#3755=CARTESIAN_POINT('',(-1.35E0,-1.4E0,1.3E0));
#3756=LINE('8535',#3755,#3754);
#3757=DIRECTION('',(0.E0,0.E0,1.E0));
#3758=VECTOR('',#3757,3.E-1);
#3759=CARTESIAN_POINT('',(-1.35E0,-1.25E0,1.3E0));
#3760=LINE('8536',#3759,#3758);
#3761=DIRECTION('',(0.E0,0.E0,-1.E0));
#3762=VECTOR('',#3761,3.E-1);
#3763=CARTESIAN_POINT('',(-1.35E0,-1.4E0,1.6E0));
#3764=LINE('8537',#3763,#3762);
#3765=DIRECTION('',(1.E0,0.E0,0.E0));
#3766=VECTOR('',#3765,6.E-1);
#3767=CARTESIAN_POINT('',(-1.95E0,-1.4E0,1.6E0));
#3768=LINE('8538',#3767,#3766);
#3769=DIRECTION('',(0.E0,1.E0,0.E0));
#3770=VECTOR('',#3769,1.5E-1);
#3771=CARTESIAN_POINT('',(-1.35E0,-1.4E0,1.6E0));
#3772=LINE('8539',#3771,#3770);
#3773=DIRECTION('',(-1.E0,0.E0,0.E0));
#3774=VECTOR('',#3773,6.E-1);
#3775=CARTESIAN_POINT('',(-1.35E0,-1.25E0,1.6E0));
#3776=LINE('8540',#3775,#3774);
#3777=DIRECTION('',(0.E0,0.E0,1.E0));
#3778=VECTOR('',#3777,3.E-1);
#3779=CARTESIAN_POINT('',(-1.95E0,-1.4E0,1.3E0));
#3780=LINE('8541',#3779,#3778);
#3781=DIRECTION('',(0.E0,1.E0,0.E0));
#3782=VECTOR('',#3781,1.5E-1);
#3783=CARTESIAN_POINT('',(-1.95E0,-1.4E0,1.6E0));
#3784=LINE('8542',#3783,#3782);
#3785=DIRECTION('',(0.E0,0.E0,-1.E0));
#3786=VECTOR('',#3785,3.E-1);
#3787=CARTESIAN_POINT('',(-1.95E0,-1.25E0,1.6E0));
#3788=LINE('8543',#3787,#3786);
#3789=DIRECTION('',(0.E0,1.E0,0.E0));
#3790=VECTOR('',#3789,1.5E-1);
#3791=CARTESIAN_POINT('',(-1.95E0,-1.4E0,1.3E0));
#3792=LINE('8545',#3791,#3790);
#3793=DIRECTION('',(0.E0,1.E0,0.E0));
#3794=VECTOR('',#3793,1.5E-1);
#3795=CARTESIAN_POINT('',(-2.05E0,-1.4E0,1.2E0));
#3796=LINE('8544',#3795,#3794);
#3797=DIRECTION('',(-1.E0,0.E0,0.E0));
#3798=VECTOR('',#3797,3.E-1);
#3799=CARTESIAN_POINT('',(-2.05E0,-1.25E0,1.2E0));
#3800=LINE('8546',#3799,#3798);
#3801=DIRECTION('',(1.E0,0.E0,0.E0));
#3802=VECTOR('',#3801,3.E-1);
#3803=CARTESIAN_POINT('',(-2.35E0,-1.4E0,1.2E0));
#3804=LINE('8547',#3803,#3802);
#3805=DIRECTION('',(0.E0,1.E0,0.E0));
#3806=VECTOR('',#3805,1.5E-1);
#3807=CARTESIAN_POINT('',(-2.35E0,-1.4E0,1.2E0));
#3808=LINE('8548',#3807,#3806);
#3809=DIRECTION('',(0.E0,1.E0,0.E0));
#3810=VECTOR('',#3809,1.5E-1);
#3811=CARTESIAN_POINT('',(-2.45E0,-1.4E0,1.3E0));
#3812=LINE('8549',#3811,#3810);
#3813=DIRECTION('',(0.E0,0.E0,1.E0));
#3814=VECTOR('',#3813,3.E-1);
#3815=CARTESIAN_POINT('',(-2.45E0,-1.25E0,1.3E0));
#3816=LINE('8550',#3815,#3814);
#3817=DIRECTION('',(0.E0,0.E0,-1.E0));
#3818=VECTOR('',#3817,3.E-1);
#3819=CARTESIAN_POINT('',(-2.45E0,-1.4E0,1.6E0));
#3820=LINE('8551',#3819,#3818);
#3821=DIRECTION('',(1.E0,0.E0,0.E0));
#3822=VECTOR('',#3821,6.E-1);
#3823=CARTESIAN_POINT('',(-3.05E0,-1.4E0,1.6E0));
#3824=LINE('8552',#3823,#3822);
#3825=DIRECTION('',(0.E0,1.E0,0.E0));
#3826=VECTOR('',#3825,1.5E-1);
#3827=CARTESIAN_POINT('',(-2.45E0,-1.4E0,1.6E0));
#3828=LINE('8553',#3827,#3826);
#3829=DIRECTION('',(-1.E0,0.E0,0.E0));
#3830=VECTOR('',#3829,6.E-1);
#3831=CARTESIAN_POINT('',(-2.45E0,-1.25E0,1.6E0));
#3832=LINE('8554',#3831,#3830);
#3833=DIRECTION('',(0.E0,0.E0,1.E0));
#3834=VECTOR('',#3833,3.E-1);
#3835=CARTESIAN_POINT('',(-3.05E0,-1.4E0,1.3E0));
#3836=LINE('8555',#3835,#3834);
#3837=DIRECTION('',(0.E0,1.E0,0.E0));
#3838=VECTOR('',#3837,1.5E-1);
#3839=CARTESIAN_POINT('',(-3.05E0,-1.4E0,1.6E0));
#3840=LINE('8556',#3839,#3838);
#3841=DIRECTION('',(0.E0,0.E0,-1.E0));
#3842=VECTOR('',#3841,3.E-1);
#3843=CARTESIAN_POINT('',(-3.05E0,-1.25E0,1.6E0));
#3844=LINE('8557',#3843,#3842);
#3845=DIRECTION('',(0.E0,1.E0,0.E0));
#3846=VECTOR('',#3845,1.5E-1);
#3847=CARTESIAN_POINT('',(-3.05E0,-1.4E0,1.3E0));
#3848=LINE('8559',#3847,#3846);
#3849=DIRECTION('',(0.E0,1.E0,0.E0));
#3850=VECTOR('',#3849,1.5E-1);
#3851=CARTESIAN_POINT('',(-3.15E0,-1.4E0,1.2E0));
#3852=LINE('8558',#3851,#3850);
#3853=DIRECTION('',(-1.E0,0.E0,0.E0));
#3854=VECTOR('',#3853,3.E-1);
#3855=CARTESIAN_POINT('',(-3.15E0,-1.25E0,1.2E0));
#3856=LINE('8560',#3855,#3854);
#3857=DIRECTION('',(1.E0,0.E0,0.E0));
#3858=VECTOR('',#3857,3.E-1);
#3859=CARTESIAN_POINT('',(-3.45E0,-1.4E0,1.2E0));
#3860=LINE('8561',#3859,#3858);
#3861=DIRECTION('',(0.E0,1.E0,0.E0));
#3862=VECTOR('',#3861,1.5E-1);
#3863=CARTESIAN_POINT('',(-3.45E0,-1.4E0,1.2E0));
#3864=LINE('8562',#3863,#3862);
#3865=DIRECTION('',(0.E0,1.E0,0.E0));
#3866=VECTOR('',#3865,1.5E-1);
#3867=CARTESIAN_POINT('',(-3.55E0,-1.4E0,1.3E0));
#3868=LINE('8563',#3867,#3866);
#3869=DIRECTION('',(0.E0,0.E0,1.E0));
#3870=VECTOR('',#3869,3.E-1);
#3871=CARTESIAN_POINT('',(-3.55E0,-1.25E0,1.3E0));
#3872=LINE('8564',#3871,#3870);
#3873=DIRECTION('',(0.E0,0.E0,-1.E0));
#3874=VECTOR('',#3873,3.E-1);
#3875=CARTESIAN_POINT('',(-3.55E0,-1.4E0,1.6E0));
#3876=LINE('8565',#3875,#3874);
#3877=DIRECTION('',(1.E0,0.E0,0.E0));
#3878=VECTOR('',#3877,5.E-1);
#3879=CARTESIAN_POINT('',(-4.05E0,-1.4E0,1.6E0));
#3880=LINE('8567',#3879,#3878);
#3881=DIRECTION('',(0.E0,1.E0,0.E0));
#3882=VECTOR('',#3881,1.5E-1);
#3883=CARTESIAN_POINT('',(-3.55E0,-1.4E0,1.6E0));
#3884=LINE('8568',#3883,#3882);
#3885=DIRECTION('',(-1.E0,0.E0,0.E0));
#3886=VECTOR('',#3885,5.E-1);
#3887=CARTESIAN_POINT('',(-3.55E0,-1.25E0,1.6E0));
#3888=LINE('8569',#3887,#3886);
#3889=DIRECTION('',(0.E0,1.E0,0.E0));
#3890=VECTOR('',#3889,1.5E-1);
#3891=CARTESIAN_POINT('',(4.15E0,-1.4E0,4.6E0));
#3892=LINE('8448',#3891,#3890);
#3893=DIRECTION('',(0.E0,0.E0,-1.E0));
#3894=VECTOR('',#3893,2.9E0);
#3895=CARTESIAN_POINT('',(4.15E0,-1.25E0,4.6E0));
#3896=LINE('8449',#3895,#3894);
#3897=DIRECTION('',(0.E0,2.800117981936E-13,1.E0));
#3898=VECTOR('',#3897,9.836293701524E-2);
#3899=CARTESIAN_POINT('',(-5.2E0,0.E0,2.55E0));
#3900=LINE('7964',#3899,#3898);
#3901=DIRECTION('',(-1.E0,0.E0,3.552713678800E-14));
#3902=VECTOR('',#3901,2.E-1);
#3903=CARTESIAN_POINT('',(-5.2E0,1.E-1,2.5E0));
#3904=LINE('8024',#3903,#3902);
#3905=DIRECTION('',(1.E0,9.279614114159E-14,6.106226635438E-13));
#3906=VECTOR('',#3905,2.E-1);
#3907=CARTESIAN_POINT('',(-5.4E0,0.E0,2.648362937015E0));
#3908=LINE('7963',#3907,#3906);
#3909=CARTESIAN_POINT('',(-5.2E0,5.E-1,2.877491721764E0));
#3910=DIRECTION('',(-1.E0,0.E0,0.E0));
#3911=DIRECTION('',(0.E0,-7.272727272723E-1,-6.863485850251E-1));
#3912=AXIS2_PLACEMENT_3D('',#3909,#3910,#3911);
#3914=CARTESIAN_POINT('',(-5.2E0,-2.5E-1,2.55E0));
#3915=DIRECTION('',(-1.E0,0.E0,0.E0));
#3916=DIRECTION('',(0.E0,1.E0,0.E0));
#3917=AXIS2_PLACEMENT_3D('',#3914,#3915,#3916);
#3919=CARTESIAN_POINT('',(-5.2E0,-1.E-1,2.5E0));
#3920=DIRECTION('',(1.E0,0.E0,0.E0));
#3921=DIRECTION('',(0.E0,0.E0,-1.E0));
#3922=AXIS2_PLACEMENT_3D('',#3919,#3920,#3921);
#3924=DIRECTION('',(1.E0,0.E0,0.E0));
#3925=VECTOR('',#3924,2.E-1);
#3926=CARTESIAN_POINT('',(-5.4E0,-2.5E-1,2.3E0));
#3927=LINE('8021',#3926,#3925);
#3928=DIRECTION('',(-1.E0,0.E0,0.E0));
#3929=VECTOR('',#3928,2.E-1);
#3930=CARTESIAN_POINT('',(-5.2E0,0.E0,2.55E0));
#3931=LINE('8022',#3930,#3929);
#3932=DIRECTION('',(0.E0,-1.E0,0.E0));
#3933=VECTOR('',#3932,1.5E-1);
#3934=CARTESIAN_POINT('',(-5.2E0,-1.E-1,2.3E0));
#3935=LINE('7950',#3934,#3933);
#3936=DIRECTION('',(0.E0,1.E0,0.E0));
#3937=VECTOR('',#3936,1.5E-1);
#3938=CARTESIAN_POINT('',(-5.4E0,-2.5E-1,2.3E0));
#3939=LINE('8019',#3938,#3937);
#3940=DIRECTION('',(-1.E0,0.E0,0.E0));
#3941=VECTOR('',#3940,2.E-1);
#3942=CARTESIAN_POINT('',(-5.2E0,-1.E-1,2.3E0));
#3943=LINE('8023',#3942,#3941);
#3944=CARTESIAN_POINT('',(5.15E0,-9.500000000001E-1,4.6E0));
#3945=CARTESIAN_POINT('',(5.15E0,-8.166666666666E-1,4.552859547921E0));
#3946=VERTEX_POINT('',#3944);
#3947=VERTEX_POINT('',#3945);
#3948=CARTESIAN_POINT('',(5.15E0,-7.500000000001E-1,4.6E0));
#3949=VERTEX_POINT('',#3948);
#3950=CARTESIAN_POINT('',(5.15E0,-1.5E-1,4.6E0));
#3951=CARTESIAN_POINT('',(5.15E0,-8.333333333304E-2,4.552859547921E0));
#3952=VERTEX_POINT('',#3950);
#3953=VERTEX_POINT('',#3951);
#3954=CARTESIAN_POINT('',(5.15E0,5.000000000005E-2,4.6E0));
#3955=VERTEX_POINT('',#3954);
#3956=CARTESIAN_POINT('',(5.15E0,6.E-1,4.6E0));
#3957=CARTESIAN_POINT('',(5.15E0,8.E-1,4.4E0));
#3958=VERTEX_POINT('',#3956);
#3959=VERTEX_POINT('',#3957);
#3960=CARTESIAN_POINT('',(5.15E0,-1.15E0,4.E0));
#3961=CARTESIAN_POINT('',(5.15E0,8.E-1,4.E0));
#3962=VERTEX_POINT('',#3960);
#3963=VERTEX_POINT('',#3961);
#3964=CARTESIAN_POINT('',(5.35E0,-1.25E0,4.E0));
#3965=CARTESIAN_POINT('',(5.35E0,8.E-1,4.E0));
#3966=VERTEX_POINT('',#3964);
#3967=VERTEX_POINT('',#3965);
#3968=CARTESIAN_POINT('',(5.132842712475E0,-1.25E0,4.E0));
#3969=VERTEX_POINT('',#3968);
#3970=CARTESIAN_POINT('',(5.E0,8.E-1,1.092820323029E0));
#3971=CARTESIAN_POINT('',(5.E0,8.E-1,4.4E0));
#3972=VERTEX_POINT('',#3970);
#3973=VERTEX_POINT('',#3971);
#3974=CARTESIAN_POINT('',(4.899999999999E0,8.E-1,9.196152422700E-1));
#3975=VERTEX_POINT('',#3974);
#3976=CARTESIAN_POINT('',(4.75E0,8.E-1,8.330127018921E-1));
#3977=VERTEX_POINT('',#3976);
#3978=CARTESIAN_POINT('',(4.821428571423E0,8.E-1,-6.702488680566E-2));
#3979=VERTEX_POINT('',#3978);
#3980=CARTESIAN_POINT('',(4.95E0,8.E-1,-2.538348415357E-1));
#3981=VERTEX_POINT('',#3980);
#3982=CARTESIAN_POINT('',(4.95E0,8.E-1,-5.E-1));
#3983=VERTEX_POINT('',#3982);
#3984=CARTESIAN_POINT('',(5.1E0,8.E-1,-2.538348415312E-1));
#3985=CARTESIAN_POINT('',(5.1E0,8.E-1,-5.E-1));
#3986=VERTEX_POINT('',#3984);
#3987=VERTEX_POINT('',#3985);
#3988=CARTESIAN_POINT('',(4.875000000036E0,8.E-1,7.308257922081E-2));
#3989=VERTEX_POINT('',#3988);
#3990=CARTESIAN_POINT('',(4.825E0,8.E-1,7.031088913248E-1));
#3991=VERTEX_POINT('',#3990);
#3992=CARTESIAN_POINT('',(4.975E0,8.E-1,7.897114317029E-1));
#3993=VERTEX_POINT('',#3992);
#3994=CARTESIAN_POINT('',(5.15E0,8.E-1,1.092820323023E0));
#3995=VERTEX_POINT('',#3994);
#3996=CARTESIAN_POINT('',(5.35E0,8.E-1,3.1E0));
#3997=CARTESIAN_POINT('',(5.15E0,8.E-1,3.1E0));
#3998=VERTEX_POINT('',#3996);
#3999=VERTEX_POINT('',#3997);
#4000=CARTESIAN_POINT('',(5.E0,0.E0,2.1E0));
#4001=CARTESIAN_POINT('',(5.E0,-7.052691763931E-14,4.5E0));
#4002=VERTEX_POINT('',#4000);
#4003=VERTEX_POINT('',#4001);
#4004=CARTESIAN_POINT('',(5.E0,6.E-1,4.6E0));
#4005=VERTEX_POINT('',#4004);
#4006=CARTESIAN_POINT('',(5.E0,5.000000000005E-2,4.6E0));
#4007=CARTESIAN_POINT('',(5.E0,-8.333333333321E-2,4.552859547921E0));
#4008=VERTEX_POINT('',#4006);
#4009=VERTEX_POINT('',#4007);
#4010=CARTESIAN_POINT('',(5.E0,-1.5E-1,4.6E0));
#4011=VERTEX_POINT('',#4010);
#4012=CARTESIAN_POINT('',(5.E0,-7.500000000001E-1,4.6E0));
#4013=CARTESIAN_POINT('',(5.E0,-8.166666666667E-1,4.552859547921E0));
#4014=VERTEX_POINT('',#4012);
#4015=VERTEX_POINT('',#4013);
#4016=CARTESIAN_POINT('',(5.E0,-9.500000000001E-1,4.6E0));
#4017=VERTEX_POINT('',#4016);
#4018=CARTESIAN_POINT('',(-4.15E0,0.E0,0.E0));
#4019=CARTESIAN_POINT('',(-4.85E0,0.E0,0.E0));
#4020=VERTEX_POINT('',#4018);
#4021=VERTEX_POINT('',#4019);
#4022=CARTESIAN_POINT('',(-3.55E0,0.E0,4.1E0));
#4023=CARTESIAN_POINT('',(-4.15E0,0.E0,4.1E0));
#4024=VERTEX_POINT('',#4022);
#4025=VERTEX_POINT('',#4023);
#4026=CARTESIAN_POINT('',(-2.45E0,0.E0,4.1E0));
#4027=CARTESIAN_POINT('',(-3.05E0,0.E0,4.1E0));
#4028=VERTEX_POINT('',#4026);
#4029=VERTEX_POINT('',#4027);
#4030=CARTESIAN_POINT('',(-1.35E0,0.E0,4.1E0));
#4031=CARTESIAN_POINT('',(-1.95E0,0.E0,4.1E0));
#4032=VERTEX_POINT('',#4030);
#4033=VERTEX_POINT('',#4031);
#4034=CARTESIAN_POINT('',(-2.5E-1,0.E0,4.1E0));
#4035=CARTESIAN_POINT('',(-8.5E-1,0.E0,4.1E0));
#4036=VERTEX_POINT('',#4034);
#4037=VERTEX_POINT('',#4035);
#4038=CARTESIAN_POINT('',(8.5E-1,0.E0,4.1E0));
#4039=CARTESIAN_POINT('',(2.5E-1,0.E0,4.1E0));
#4040=VERTEX_POINT('',#4038);
#4041=VERTEX_POINT('',#4039);
#4042=CARTESIAN_POINT('',(1.95E0,0.E0,4.1E0));
#4043=CARTESIAN_POINT('',(1.35E0,0.E0,4.1E0));
#4044=VERTEX_POINT('',#4042);
#4045=VERTEX_POINT('',#4043);
#4046=CARTESIAN_POINT('',(3.05E0,0.E0,4.1E0));
#4047=CARTESIAN_POINT('',(2.45E0,0.E0,4.1E0));
#4048=VERTEX_POINT('',#4046);
#4049=VERTEX_POINT('',#4047);
#4050=CARTESIAN_POINT('',(4.15E0,0.E0,4.1E0));
#4051=CARTESIAN_POINT('',(3.55E0,0.E0,4.1E0));
#4052=VERTEX_POINT('',#4050);
#4053=VERTEX_POINT('',#4051);
#4054=CARTESIAN_POINT('',(4.15E0,0.E0,2.1E0));
#4055=VERTEX_POINT('',#4054);
#4056=CARTESIAN_POINT('',(5.8E0,5.638082593388E-14,2.648362937015E0));
#4057=CARTESIAN_POINT('',(6.E0,6.283862319378E-14,2.648362937015E0));
#4058=VERTEX_POINT('',#4056);
#4059=VERTEX_POINT('',#4057);
#4060=CARTESIAN_POINT('',(5.8E0,0.E0,3.1E0));
#4061=VERTEX_POINT('',#4060);
#4062=CARTESIAN_POINT('',(5.15E0,0.E0,2.1E0));
#4063=CARTESIAN_POINT('',(5.15E0,0.E0,3.1E0));
#4064=VERTEX_POINT('',#4062);
#4065=VERTEX_POINT('',#4063);
#4066=CARTESIAN_POINT('',(5.7E0,0.E0,2.1E0));
#4067=CARTESIAN_POINT('',(5.8E0,0.E0,2.2E0));
#4068=VERTEX_POINT('',#4066);
#4069=VERTEX_POINT('',#4067);
#4070=CARTESIAN_POINT('',(5.8E0,0.E0,2.326794919243E0));
#4071=VERTEX_POINT('',#4070);
#4072=CARTESIAN_POINT('',(-4.85E0,-5.583034035084E-14,4.5E0));
#4073=VERTEX_POINT('',#4072);
#4074=CARTESIAN_POINT('',(-4.95E0,-9.999999999993E-2,4.6E0));
#4075=CARTESIAN_POINT('',(4.9E0,-9.999999999993E-2,4.6E0));
#4076=VERTEX_POINT('',#4074);
#4077=VERTEX_POINT('',#4075);
#4078=VERTEX_POINT('',#735);
#4079=VERTEX_POINT('',#738);
#4080=CARTESIAN_POINT('',(4.9E0,-1.25E0,4.6E0));
#4081=VERTEX_POINT('',#4080);
#4082=CARTESIAN_POINT('',(5.E0,-1.149999999999E0,4.6E0));
#4083=VERTEX_POINT('',#4082);
#4084=CARTESIAN_POINT('',(4.849999999999E0,-1.3E0,4.E0));
#4085=CARTESIAN_POINT('',(4.849999999999E0,-1.3E0,4.6E0));
#4086=VERTEX_POINT('',#4084);
#4087=VERTEX_POINT('',#4085);
#4088=CARTESIAN_POINT('',(5.E0,-1.25E0,1.85E0));
#4089=CARTESIAN_POINT('',(5.2E0,-1.25E0,1.65E0));
#4090=VERTEX_POINT('',#4088);
#4091=VERTEX_POINT('',#4089);
#4092=CARTESIAN_POINT('',(5.6E0,-1.25E0,1.65E0));
#4093=VERTEX_POINT('',#4092);
#4094=CARTESIAN_POINT('',(4.55E0,-1.249999999999E0,1.000000017913E-1));
#4095=CARTESIAN_POINT('',(5.6E0,-1.249999999999E0,1.000000457503E-1));
#4096=VERTEX_POINT('',#4094);
#4097=VERTEX_POINT('',#4095);
#4098=CARTESIAN_POINT('',(-4.7E0,-1.25E0,1.1E0));
#4099=CARTESIAN_POINT('',(-5.E0,-1.25E0,1.1E0));
#4100=VERTEX_POINT('',#4098);
#4101=VERTEX_POINT('',#4099);
#4102=CARTESIAN_POINT('',(-4.5E0,-1.25E0,1.3E0));
#4103=VERTEX_POINT('',#4102);
#4104=CARTESIAN_POINT('',(-4.5E0,-1.25E0,4.4E0));
#4105=VERTEX_POINT('',#4104);
#4106=CARTESIAN_POINT('',(-4.526794919243E0,-1.25E0,4.5E0));
#4107=VERTEX_POINT('',#4106);
#4108=CARTESIAN_POINT('',(-5.E0,-1.249999888376E0,4.499997879147E0));
#4109=VERTEX_POINT('',#4108);
#4110=CARTESIAN_POINT('',(-4.15E0,-1.25E0,4.6E0));
#4111=CARTESIAN_POINT('',(-5.E0,-1.25E0,4.6E0));
#4112=VERTEX_POINT('',#4110);
#4113=VERTEX_POINT('',#4111);
#4114=CARTESIAN_POINT('',(-4.15E0,-1.25E0,1.7E0));
#4115=CARTESIAN_POINT('',(-4.05E0,-1.25E0,1.6E0));
#4116=VERTEX_POINT('',#4114);
#4117=VERTEX_POINT('',#4115);
#4118=CARTESIAN_POINT('',(-3.55E0,-1.25E0,1.3E0));
#4119=CARTESIAN_POINT('',(-3.45E0,-1.25E0,1.2E0));
#4120=VERTEX_POINT('',#4118);
#4121=VERTEX_POINT('',#4119);
#4122=CARTESIAN_POINT('',(-3.15E0,-1.25E0,1.2E0));
#4123=CARTESIAN_POINT('',(-3.05E0,-1.25E0,1.3E0));
#4124=VERTEX_POINT('',#4122);
#4125=VERTEX_POINT('',#4123);
#4126=CARTESIAN_POINT('',(-2.45E0,-1.25E0,1.3E0));
#4127=CARTESIAN_POINT('',(-2.35E0,-1.25E0,1.2E0));
#4128=VERTEX_POINT('',#4126);
#4129=VERTEX_POINT('',#4127);
#4130=CARTESIAN_POINT('',(-2.05E0,-1.25E0,1.2E0));
#4131=CARTESIAN_POINT('',(-1.95E0,-1.25E0,1.3E0));
#4132=VERTEX_POINT('',#4130);
#4133=VERTEX_POINT('',#4131);
#4134=CARTESIAN_POINT('',(-1.35E0,-1.25E0,1.3E0));
#4135=CARTESIAN_POINT('',(-1.25E0,-1.25E0,1.2E0));
#4136=VERTEX_POINT('',#4134);
#4137=VERTEX_POINT('',#4135);
#4138=CARTESIAN_POINT('',(-9.499999999999E-1,-1.25E0,1.2E0));
#4139=CARTESIAN_POINT('',(-8.500000000001E-1,-1.25E0,1.3E0));
#4140=VERTEX_POINT('',#4138);
#4141=VERTEX_POINT('',#4139);
#4142=CARTESIAN_POINT('',(-2.499999999999E-1,-1.25E0,1.3E0));
#4143=CARTESIAN_POINT('',(-1.500000000001E-1,-1.25E0,1.2E0));
#4144=VERTEX_POINT('',#4142);
#4145=VERTEX_POINT('',#4143);
#4146=CARTESIAN_POINT('',(1.500000000001E-1,-1.25E0,1.2E0));
#4147=CARTESIAN_POINT('',(2.499999999999E-1,-1.25E0,1.3E0));
#4148=VERTEX_POINT('',#4146);
#4149=VERTEX_POINT('',#4147);
#4150=CARTESIAN_POINT('',(8.500000000001E-1,-1.25E0,1.3E0));
#4151=CARTESIAN_POINT('',(9.499999999999E-1,-1.25E0,1.2E0));
#4152=VERTEX_POINT('',#4150);
#4153=VERTEX_POINT('',#4151);
#4154=CARTESIAN_POINT('',(1.25E0,-1.25E0,1.2E0));
#4155=CARTESIAN_POINT('',(1.35E0,-1.25E0,1.3E0));
#4156=VERTEX_POINT('',#4154);
#4157=VERTEX_POINT('',#4155);
#4158=CARTESIAN_POINT('',(1.95E0,-1.25E0,1.3E0));
#4159=CARTESIAN_POINT('',(2.05E0,-1.25E0,1.2E0));
#4160=VERTEX_POINT('',#4158);
#4161=VERTEX_POINT('',#4159);
#4162=CARTESIAN_POINT('',(2.35E0,-1.25E0,1.2E0));
#4163=CARTESIAN_POINT('',(2.45E0,-1.25E0,1.3E0));
#4164=VERTEX_POINT('',#4162);
#4165=VERTEX_POINT('',#4163);
#4166=CARTESIAN_POINT('',(3.05E0,-1.25E0,1.3E0));
#4167=CARTESIAN_POINT('',(3.15E0,-1.25E0,1.2E0));
#4168=VERTEX_POINT('',#4166);
#4169=VERTEX_POINT('',#4167);
#4170=CARTESIAN_POINT('',(3.45E0,-1.25E0,1.2E0));
#4171=CARTESIAN_POINT('',(3.55E0,-1.25E0,1.3E0));
#4172=VERTEX_POINT('',#4170);
#4173=VERTEX_POINT('',#4171);
#4174=CARTESIAN_POINT('',(4.05E0,-1.25E0,1.6E0));
#4175=CARTESIAN_POINT('',(4.15E0,-1.25E0,1.7E0));
#4176=VERTEX_POINT('',#4174);
#4177=VERTEX_POINT('',#4175);
#4178=CARTESIAN_POINT('',(4.15E0,-1.25E0,4.6E0));
#4179=VERTEX_POINT('',#4178);
#4180=CARTESIAN_POINT('',(4.961803398875E0,-1.25E0,4.E0));
#4181=VERTEX_POINT('',#4180);
#4182=CARTESIAN_POINT('',(5.538196601125E0,-1.25E0,3.2E0));
#4183=CARTESIAN_POINT('',(5.5E0,-1.25E0,3.2E0));
#4184=VERTEX_POINT('',#4182);
#4185=VERTEX_POINT('',#4183);
#4186=CARTESIAN_POINT('',(5.538196601125E0,-1.25E0,3.6E0));
#4187=VERTEX_POINT('',#4186);
#4188=CARTESIAN_POINT('',(5.5E0,-1.25E0,3.6E0));
#4189=VERTEX_POINT('',#4188);
#4190=CARTESIAN_POINT('',(5.2E0,-1.25E0,2.85E0));
#4191=CARTESIAN_POINT('',(5.6E0,-1.25E0,2.85E0));
#4192=VERTEX_POINT('',#4190);
#4193=VERTEX_POINT('',#4191);
#4194=CARTESIAN_POINT('',(5.E0,-1.25E0,2.65E0));
#4195=VERTEX_POINT('',#4194);
#4196=CARTESIAN_POINT('',(5.E0,-1.45E0,1.85E0));
#4197=VERTEX_POINT('',#4196);
#4198=CARTESIAN_POINT('',(5.2E0,-1.45E0,1.65E0));
#4199=VERTEX_POINT('',#4198);
#4200=CARTESIAN_POINT('',(5.2E0,-1.45E0,2.85E0));
#4201=VERTEX_POINT('',#4200);
#4202=CARTESIAN_POINT('',(5.E0,-1.45E0,2.65E0));
#4203=VERTEX_POINT('',#4202);
#4204=CARTESIAN_POINT('',(6.E0,-1.05E0,2.85E0));
#4205=CARTESIAN_POINT('',(5.6E0,-1.45E0,2.85E0));
#4206=VERTEX_POINT('',#4204);
#4207=VERTEX_POINT('',#4205);
#4208=CARTESIAN_POINT('',(6.E0,-1.05E0,1.65E0));
#4209=VERTEX_POINT('',#4208);
#4210=CARTESIAN_POINT('',(5.6E0,-1.45E0,1.65E0));
#4211=VERTEX_POINT('',#4210);
#4212=CARTESIAN_POINT('',(6.E0,0.E0,2.55E0));
#4213=CARTESIAN_POINT('',(6.E0,-2.5E-1,2.3E0));
#4214=VERTEX_POINT('',#4212);
#4215=VERTEX_POINT('',#4213);
#4216=CARTESIAN_POINT('',(6.E0,-1.E-1,2.3E0));
#4217=CARTESIAN_POINT('',(6.E0,1.E-1,2.5E0));
#4218=VERTEX_POINT('',#4216);
#4219=VERTEX_POINT('',#4217);
#4220=CARTESIAN_POINT('',(6.E0,-3.5E-1,2.3E0));
#4221=CARTESIAN_POINT('',(6.E0,-6.E-1,2.55E0));
#4222=VERTEX_POINT('',#4220);
#4223=VERTEX_POINT('',#4221);
#4224=CARTESIAN_POINT('',(6.E0,-6.E-1,2.5E0));
#4225=CARTESIAN_POINT('',(6.E0,-4.E-1,2.3E0));
#4226=VERTEX_POINT('',#4224);
#4227=VERTEX_POINT('',#4225);
#4228=CARTESIAN_POINT('',(6.E0,-7.810681952831E-3,4.E0));
#4229=CARTESIAN_POINT('',(6.E0,-6.E-1,4.E0));
#4230=VERTEX_POINT('',#4228);
#4231=VERTEX_POINT('',#4229);
#4232=CARTESIAN_POINT('',(6.E0,-7.810681952831E-3,4.011254139118E0));
#4233=CARTESIAN_POINT('',(6.E0,1.000000000003E-1,4.6E0));
#4234=VERTEX_POINT('',#4232);
#4235=VERTEX_POINT('',#4233);
#4236=CARTESIAN_POINT('',(6.E0,6.999999999999E-1,4.6E0));
#4237=VERTEX_POINT('',#4236);
#4238=CARTESIAN_POINT('',(6.E0,-1.05E0,1.35E0));
#4239=VERTEX_POINT('',#4238);
#4240=CARTESIAN_POINT('',(6.E0,-1.05E0,3.15E0));
#4241=VERTEX_POINT('',#4240);
#4242=CARTESIAN_POINT('',(6.E0,-6.E-1,4.6E0));
#4243=CARTESIAN_POINT('',(6.E0,-1.1E0,4.6E0));
#4244=VERTEX_POINT('',#4242);
#4245=VERTEX_POINT('',#4243);
#4246=CARTESIAN_POINT('',(5.8E0,-2.5E-1,2.3E0));
#4247=VERTEX_POINT('',#4246);
#4248=CARTESIAN_POINT('',(5.8E0,0.E0,2.55E0));
#4249=VERTEX_POINT('',#4248);
#4250=CARTESIAN_POINT('',(5.8E0,-6.E-1,2.55E0));
#4251=CARTESIAN_POINT('',(5.8E0,-6.E-1,2.5E0));
#4252=VERTEX_POINT('',#4250);
#4253=VERTEX_POINT('',#4251);
#4254=CARTESIAN_POINT('',(5.8E0,-3.5E-1,2.3E0));
#4255=VERTEX_POINT('',#4254);
#4256=CARTESIAN_POINT('',(5.8E0,-4.E-1,2.3E0));
#4257=VERTEX_POINT('',#4256);
#4258=CARTESIAN_POINT('',(5.8E0,-1.E-1,2.3E0));
#4259=VERTEX_POINT('',#4258);
#4260=CARTESIAN_POINT('',(5.8E0,-1.05E0,3.15E0));
#4261=CARTESIAN_POINT('',(5.8E0,-1.05E0,2.85E0));
#4262=VERTEX_POINT('',#4260);
#4263=VERTEX_POINT('',#4261);
#4264=CARTESIAN_POINT('',(5.8E0,-1.05E0,1.65E0));
#4265=CARTESIAN_POINT('',(5.8E0,-1.05E0,1.35E0));
#4266=VERTEX_POINT('',#4264);
#4267=VERTEX_POINT('',#4265);
#4268=CARTESIAN_POINT('',(5.9E0,-6.E-1,4.6E0));
#4269=VERTEX_POINT('',#4268);
#4270=CARTESIAN_POINT('',(5.8E0,-6.E-1,4.5E0));
#4271=VERTEX_POINT('',#4270);
#4272=CARTESIAN_POINT('',(5.8E0,-6.E-1,4.E0));
#4273=VERTEX_POINT('',#4272);
#4274=CARTESIAN_POINT('',(5.8E0,-1.05E0,4.E0));
#4275=VERTEX_POINT('',#4274);
#4276=CARTESIAN_POINT('',(5.6E0,-1.25E0,4.E0));
#4277=VERTEX_POINT('',#4276);
#4278=CARTESIAN_POINT('',(5.5E0,-1.25E0,4.E0));
#4279=VERTEX_POINT('',#4278);
#4280=CARTESIAN_POINT('',(5.7E0,7.999999999999E-1,4.E0));
#4281=CARTESIAN_POINT('',(5.5E0,8.E-1,4.E0));
#4282=VERTEX_POINT('',#4280);
#4283=VERTEX_POINT('',#4281);
#4284=CARTESIAN_POINT('',(5.8E0,7.000000000001E-1,4.E0));
#4285=VERTEX_POINT('',#4284);
#4286=CARTESIAN_POINT('',(5.8E0,-7.810681952831E-3,4.E0));
#4287=VERTEX_POINT('',#4286);
#4288=CARTESIAN_POINT('',(5.8E0,-1.143805509808E-1,1.E0));
#4289=CARTESIAN_POINT('',(5.8E0,-1.143805509809E-1,0.E0));
#4290=VERTEX_POINT('',#4288);
#4291=VERTEX_POINT('',#4289);
#4292=CARTESIAN_POINT('',(5.800002375354E0,7.E-1,1.E0));
#4293=VERTEX_POINT('',#4292);
#4294=CARTESIAN_POINT('',(5.8E0,1.E-1,2.5E0));
#4295=VERTEX_POINT('',#4294);
#4296=CARTESIAN_POINT('',(5.8E0,2.513334044950E-2,4.499999802384E0));
#4297=CARTESIAN_POINT('',(5.800001185367E0,6.999999967093E-1,4.499996147111E0));
#4298=VERTEX_POINT('',#4296);
#4299=VERTEX_POINT('',#4297);
#4300=CARTESIAN_POINT('',(5.8E0,-7.810681952856E-3,4.011254139118E0));
#4301=VERTEX_POINT('',#4300);
#4302=CARTESIAN_POINT('',(5.8E0,-2.E-1,2.2E0));
#4303=VERTEX_POINT('',#4302);
#4304=CARTESIAN_POINT('',(4.15E0,-2.E-1,2.1E0));
#4305=VERTEX_POINT('',#4304);
#4306=CARTESIAN_POINT('',(5.35E0,-2.E-1,2.1E0));
#4307=VERTEX_POINT('',#4306);
#4308=CARTESIAN_POINT('',(5.7E0,-2.E-1,2.1E0));
#4309=CARTESIAN_POINT('',(5.5E0,-2.E-1,2.1E0));
#4310=VERTEX_POINT('',#4308);
#4311=VERTEX_POINT('',#4309);
#4312=CARTESIAN_POINT('',(5.15E0,0.E0,1.092820323028E0));
#4313=CARTESIAN_POINT('',(4.975000000002E0,0.E0,7.897114317039E-1));
#4314=VERTEX_POINT('',#4312);
#4315=VERTEX_POINT('',#4313);
#4316=CARTESIAN_POINT('',(4.825E0,0.E0,7.031088913245E-1));
#4317=CARTESIAN_POINT('',(4.874999999936E0,0.E0,7.308257925874E-2));
#4318=VERTEX_POINT('',#4316);
#4319=VERTEX_POINT('',#4317);
#4320=CARTESIAN_POINT('',(5.1E0,0.E0,-2.538348415284E-1));
#4321=VERTEX_POINT('',#4320);
#4322=CARTESIAN_POINT('',(4.95E0,0.E0,-2.538348415332E-1));
#4323=CARTESIAN_POINT('',(4.95E0,0.E0,-5.E-1));
#4324=VERTEX_POINT('',#4322);
#4325=VERTEX_POINT('',#4323);
#4326=CARTESIAN_POINT('',(4.821428571435E0,0.E0,-6.702488681051E-2));
#4327=VERTEX_POINT('',#4326);
#4328=CARTESIAN_POINT('',(4.749999999997E0,0.E0,8.330127018907E-1));
#4329=VERTEX_POINT('',#4328);
#4330=CARTESIAN_POINT('',(4.900000000001E0,0.E0,9.196152422713E-1));
#4331=VERTEX_POINT('',#4330);
#4332=CARTESIAN_POINT('',(5.E0,0.E0,1.092820323030E0));
#4333=VERTEX_POINT('',#4332);
#4334=CARTESIAN_POINT('',(5.8E0,7.000000000001E-1,3.1E0));
#4335=VERTEX_POINT('',#4334);
#4336=CARTESIAN_POINT('',(5.7E0,7.999999999999E-1,3.1E0));
#4337=VERTEX_POINT('',#4336);
#4338=CARTESIAN_POINT('',(5.5E0,8.E-1,3.1E0));
#4339=VERTEX_POINT('',#4338);
#4340=CARTESIAN_POINT('',(5.5E0,5.E-2,3.1E0));
#4341=CARTESIAN_POINT('',(5.5E0,7.E-1,3.1E0));
#4342=VERTEX_POINT('',#4340);
#4343=VERTEX_POINT('',#4341);
#4344=CARTESIAN_POINT('',(5.35E0,5.E-2,3.1E0));
#4345=VERTEX_POINT('',#4344);
#4346=CARTESIAN_POINT('',(5.35E0,7.E-1,3.1E0));
#4347=VERTEX_POINT('',#4346);
#4348=CARTESIAN_POINT('',(5.5E0,9.999999999418E-1,4.499997036199E0));
#4349=CARTESIAN_POINT('',(5.5E0,1.E0,0.E0));
#4350=VERTEX_POINT('',#4348);
#4351=VERTEX_POINT('',#4349);
#4352=VERTEX_POINT('',#1883);
#4353=CARTESIAN_POINT('',(5.853553390593E0,1.053553390593E0,0.E0));
#4354=CARTESIAN_POINT('',(5.5E0,1.2E0,0.E0));
#4355=VERTEX_POINT('',#4353);
#4356=VERTEX_POINT('',#4354);
#4357=CARTESIAN_POINT('',(4.974999999999E0,1.E0,0.E0));
#4358=CARTESIAN_POINT('',(4.974999999999E0,1.2E0,0.E0));
#4359=VERTEX_POINT('',#4357);
#4360=VERTEX_POINT('',#4358);
#4361=CARTESIAN_POINT('',(5.5E0,1.2E0,4.6E0));
#4362=VERTEX_POINT('',#4361);
#4363=VERTEX_POINT('',#1220);
#4364=CARTESIAN_POINT('',(3.775E0,1.2E0,0.E0));
#4365=CARTESIAN_POINT('',(4.025E0,1.2E0,0.E0));
#4366=VERTEX_POINT('',#4364);
#4367=VERTEX_POINT('',#4365);
#4368=CARTESIAN_POINT('',(4.724999999999E0,1.2E0,0.E0));
#4369=VERTEX_POINT('',#4368);
#4370=CARTESIAN_POINT('',(-4.374999999999E0,1.2E0,0.E0));
#4371=CARTESIAN_POINT('',(-4.9E0,1.2E0,0.E0));
#4372=VERTEX_POINT('',#4370);
#4373=VERTEX_POINT('',#4371);
#4374=CARTESIAN_POINT('',(-4.124999999999E0,1.2E0,0.E0));
#4375=VERTEX_POINT('',#4374);
#4376=CARTESIAN_POINT('',(-3.424999999999E0,1.2E0,0.E0));
#4377=VERTEX_POINT('',#4376);
#4378=CARTESIAN_POINT('',(-3.175000000001E0,1.2E0,0.E0));
#4379=VERTEX_POINT('',#4378);
#4380=CARTESIAN_POINT('',(-3.175E0,1.2E0,-5.E-1));
#4381=VERTEX_POINT('',#4380);
#4382=CARTESIAN_POINT('',(3.775E0,1.2E0,-5.E-1));
#4383=VERTEX_POINT('',#4382);
#4384=CARTESIAN_POINT('',(3.775E0,1.E0,0.E0));
#4385=VERTEX_POINT('',#4384);
#4386=CARTESIAN_POINT('',(3.775E0,1.E0,-5.408248290468E-1));
#4387=CARTESIAN_POINT('',(3.775E0,9.959591794226E-1,-5.400000000001E-1));
#4388=VERTEX_POINT('',#4386);
#4389=VERTEX_POINT('',#4387);
#4390=CARTESIAN_POINT('',(3.775E0,8.000000000008E-1,-9.E-1));
#4391=VERTEX_POINT('',#4390);
#4392=CARTESIAN_POINT('',(3.775E0,8.E-1,-7.E-1));
#4393=VERTEX_POINT('',#4392);
#4394=VERTEX_POINT('',#1285);
#4395=CARTESIAN_POINT('',(-3.175E0,1.E0,-5.E-1));
#4396=CARTESIAN_POINT('',(-3.175E0,1.E0,-5.408248290471E-1));
#4397=VERTEX_POINT('',#4395);
#4398=VERTEX_POINT('',#4396);
#4399=CARTESIAN_POINT('',(3.775E0,1.E0,-4.999999999998E-1));
#4400=VERTEX_POINT('',#4399);
#4401=VERTEX_POINT('',#1323);
#4402=CARTESIAN_POINT('',(-3.175E0,8.E-1,-7.E-1));
#4403=VERTEX_POINT('',#4402);
#4404=VERTEX_POINT('',#1305);
#4405=CARTESIAN_POINT('',(4.025E0,1.E0,0.E0));
#4406=VERTEX_POINT('',#4405);
#4407=CARTESIAN_POINT('',(-3.175E0,1.E0,0.E0));
#4408=VERTEX_POINT('',#4407);
#4409=CARTESIAN_POINT('',(-3.424999999999E0,1.E0,0.E0));
#4410=VERTEX_POINT('',#4409);
#4411=CARTESIAN_POINT('',(-4.124999999999E0,1.E0,0.E0));
#4412=VERTEX_POINT('',#4411);
#4413=CARTESIAN_POINT('',(-4.374999999999E0,1.E0,0.E0));
#4414=VERTEX_POINT('',#4413);
#4415=CARTESIAN_POINT('',(-4.9E0,1.E0,0.E0));
#4416=VERTEX_POINT('',#4415);
#4417=CARTESIAN_POINT('',(-4.9E0,1.000001185339E0,4.499996147085E0));
#4418=VERTEX_POINT('',#4417);
#4419=CARTESIAN_POINT('',(4.724999999999E0,1.E0,0.E0));
#4420=VERTEX_POINT('',#4419);
#4421=CARTESIAN_POINT('',(-3.175E0,8.000000000008E-1,-9.E-1));
#4422=VERTEX_POINT('',#4421);
#4423=CARTESIAN_POINT('',(-3.175E0,4.E-1,-9.E-1));
#4424=VERTEX_POINT('',#4423);
#4425=CARTESIAN_POINT('',(3.775E0,2.E-1,-9.E-1));
#4426=VERTEX_POINT('',#4425);
#4427=CARTESIAN_POINT('',(-2.975E0,2.E-1,-9.E-1));
#4428=VERTEX_POINT('',#4427);
#4429=CARTESIAN_POINT('',(3.775E0,2.E-1,-7.E-1));
#4430=VERTEX_POINT('',#4429);
#4431=CARTESIAN_POINT('',(-3.175E0,4.E-1,-7.E-1));
#4432=VERTEX_POINT('',#4431);
#4433=CARTESIAN_POINT('',(-2.975E0,2.E-1,-7.E-1));
#4434=VERTEX_POINT('',#4433);
#4435=CARTESIAN_POINT('',(-5.2E0,6.999999999991E-1,0.E0));
#4436=VERTEX_POINT('',#4435);
#4437=CARTESIAN_POINT('',(-5.4E0,6.999999999999E-1,0.E0));
#4438=VERTEX_POINT('',#4437);
#4439=CARTESIAN_POINT('',(-5.4E0,-1.2E0,0.E0));
#4440=VERTEX_POINT('',#4439);
#4441=CARTESIAN_POINT('',(-5.2E0,-1.2E0,0.E0));
#4442=VERTEX_POINT('',#4441);
#4443=CARTESIAN_POINT('',(-5.200000002977E0,6.999999997142E-1,
1.000000080740E-1));
#4444=VERTEX_POINT('',#4443);
#4445=CARTESIAN_POINT('',(-5.2E0,6.999999977129E-1,4.499990516416E0));
#4446=VERTEX_POINT('',#4445);
#4447=CARTESIAN_POINT('',(-5.199999997309E0,-1.050000000059E0,
1.000000349879E-1));
#4448=VERTEX_POINT('',#4447);
#4449=CARTESIAN_POINT('',(-5.099999999986E0,7.999999999999E-1,
-1.380274367024E-11));
#4450=CARTESIAN_POINT('',(-5.099999986750E0,-1.050000000052E0,
2.318562980497E-9));
#4451=VERTEX_POINT('',#4449);
#4452=VERTEX_POINT('',#4450);
#4453=CARTESIAN_POINT('',(-5.E0,-1.149999991623E0,7.174160182588E-9));
#4454=CARTESIAN_POINT('',(-5.E0,-1.249999999998E0,1.000000255628E-1));
#4455=VERTEX_POINT('',#4453);
#4456=VERTEX_POINT('',#4454);
#4457=CARTESIAN_POINT('',(-5.2E0,-1.05E0,9.E-1));
#4458=VERTEX_POINT('',#4457);
#4459=CARTESIAN_POINT('',(-5.2E0,-1.05E0,1.1E0));
#4460=VERTEX_POINT('',#4459);
#4461=CARTESIAN_POINT('',(-5.2E0,-1.05E0,4.499996428038E0));
#4462=VERTEX_POINT('',#4461);
#4463=CARTESIAN_POINT('',(-5.199999999791E0,-1.050005282431E0,4.6E0));
#4464=VERTEX_POINT('',#4463);
#4465=CARTESIAN_POINT('',(-5.199999604851E0,2.513334044980E-2,
4.499998814552E0));
#4466=VERTEX_POINT('',#4465);
#4467=CARTESIAN_POINT('',(-5.2E0,1.514344205589E-13,4.451637062984E0));
#4468=VERTEX_POINT('',#4467);
#4469=CARTESIAN_POINT('',(-5.2E0,1.E-1,2.5E0));
#4470=CARTESIAN_POINT('',(-5.2E0,2.653433028854E-14,2.648362937015E0));
#4471=VERTEX_POINT('',#4469);
#4472=VERTEX_POINT('',#4470);
#4473=CARTESIAN_POINT('',(-5.2E0,0.E0,2.55E0));
#4474=CARTESIAN_POINT('',(-5.2E0,-2.5E-1,2.3E0));
#4475=VERTEX_POINT('',#4473);
#4476=VERTEX_POINT('',#4474);
#4477=CARTESIAN_POINT('',(-5.2E0,-1.E-1,2.3E0));
#4478=VERTEX_POINT('',#4477);
#4479=CARTESIAN_POINT('',(-5.2E0,-3.5E-1,2.3E0));
#4480=CARTESIAN_POINT('',(-5.2E0,-4.E-1,2.3E0));
#4481=VERTEX_POINT('',#4479);
#4482=VERTEX_POINT('',#4480);
#4483=CARTESIAN_POINT('',(-5.2E0,-6.E-1,2.55E0));
#4484=VERTEX_POINT('',#4483);
#4485=CARTESIAN_POINT('',(-5.2E0,-6.E-1,2.5E0));
#4486=VERTEX_POINT('',#4485);
#4487=CARTESIAN_POINT('',(-5.199999850331E0,-6.E-1,4.499999552668E0));
#4488=VERTEX_POINT('',#4487);
#4489=VERTEX_POINT('',#1785);
#4490=CARTESIAN_POINT('',(-5.4E0,1.000000000001E-1,4.6E0));
#4491=VERTEX_POINT('',#4490);
#4492=CARTESIAN_POINT('',(-5.4E0,5.499304715310E-14,4.451637062984E0));
#4493=VERTEX_POINT('',#4492);
#4494=CARTESIAN_POINT('',(-5.2E0,0.E0,4.6E0));
#4495=VERTEX_POINT('',#4494);
#4496=CARTESIAN_POINT('',(-5.4E0,0.E0,4.6E0));
#4497=VERTEX_POINT('',#4496);
#4498=CARTESIAN_POINT('',(-5.4E0,0.E0,2.648362937015E0));
#4499=VERTEX_POINT('',#4498);
#4500=CARTESIAN_POINT('',(-5.E0,-1.45E0,4.6E0));
#4501=CARTESIAN_POINT('',(-5.4E0,-1.05E0,4.6E0));
#4502=VERTEX_POINT('',#4500);
#4503=VERTEX_POINT('',#4501);
#4504=CARTESIAN_POINT('',(-5.2E0,6.999999992377E-1,4.6E0));
#4505=VERTEX_POINT('',#4504);
#4506=CARTESIAN_POINT('',(-5.1E0,7.999999999999E-1,4.6E0));
#4507=VERTEX_POINT('',#4506);
#4508=CARTESIAN_POINT('',(-5.2E0,-6.E-1,4.6E0));
#4509=VERTEX_POINT('',#4508);
#4510=CARTESIAN_POINT('',(-5.300005353234E0,-1.049946530641E0,
4.599999999960E0));
#4511=CARTESIAN_POINT('',(-4.999999999999E0,-1.350005357999E0,
4.599999999960E0));
#4512=VERTEX_POINT('',#4510);
#4513=VERTEX_POINT('',#4511);
#4514=CARTESIAN_POINT('',(-4.5E0,-1.45E0,1.3E0));
#4515=CARTESIAN_POINT('',(-4.7E0,-1.45E0,1.1E0));
#4516=VERTEX_POINT('',#4514);
#4517=VERTEX_POINT('',#4515);
#4518=CARTESIAN_POINT('',(-5.E0,-1.45E0,1.1E0));
#4519=VERTEX_POINT('',#4518);
#4520=CARTESIAN_POINT('',(-4.7E0,-1.45E0,4.6E0));
#4521=VERTEX_POINT('',#4520);
#4522=CARTESIAN_POINT('',(-4.5E0,-1.45E0,4.4E0));
#4523=VERTEX_POINT('',#4522);
#4524=CARTESIAN_POINT('',(-5.4E0,-1.05E0,1.1E0));
#4525=VERTEX_POINT('',#4524);
#4526=CARTESIAN_POINT('',(-5.4E0,-1.05E0,9.E-1));
#4527=VERTEX_POINT('',#4526);
#4528=CARTESIAN_POINT('',(-5.2E0,-1.2E0,9.E-1));
#4529=VERTEX_POINT('',#4528);
#4530=CARTESIAN_POINT('',(-5.4E0,-1.2E0,9.E-1));
#4531=VERTEX_POINT('',#4530);
#4532=CARTESIAN_POINT('',(-5.4E0,-6.E-1,2.55E0));
#4533=CARTESIAN_POINT('',(-5.4E0,-3.5E-1,2.3E0));
#4534=VERTEX_POINT('',#4532);
#4535=VERTEX_POINT('',#4533);
#4536=CARTESIAN_POINT('',(-5.4E0,-4.E-1,2.3E0));
#4537=CARTESIAN_POINT('',(-5.4E0,-6.E-1,2.5E0));
#4538=VERTEX_POINT('',#4536);
#4539=VERTEX_POINT('',#4537);
#4540=CARTESIAN_POINT('',(-5.4E0,0.E0,2.55E0));
#4541=VERTEX_POINT('',#4540);
#4542=CARTESIAN_POINT('',(-5.4E0,1.E-1,2.5E0));
#4543=VERTEX_POINT('',#4542);
#4544=CARTESIAN_POINT('',(-5.4E0,-1.E-1,2.3E0));
#4545=VERTEX_POINT('',#4544);
#4546=CARTESIAN_POINT('',(-5.4E0,-2.5E-1,2.3E0));
#4547=VERTEX_POINT('',#4546);
#4548=CARTESIAN_POINT('',(-4.9E0,1.2E0,4.6E0));
#4549=VERTEX_POINT('',#4548);
#4550=CARTESIAN_POINT('',(-5.4E0,6.999999999999E-1,4.6E0));
#4551=VERTEX_POINT('',#4550);
#4552=CARTESIAN_POINT('',(5.900004566078E0,6.999999948305E-1,4.599999999837E0));
#4553=CARTESIAN_POINT('',(5.9E0,1.000000000003E-1,4.6E0));
#4554=VERTEX_POINT('',#4552);
#4555=VERTEX_POINT('',#4553);
#4556=CARTESIAN_POINT('',(5.499999999999E0,1.100012645095E0,4.599999999916E0));
#4557=VERTEX_POINT('',#4556);
#4558=CARTESIAN_POINT('',(-4.9E0,1.100004917261E0,4.599999999837E0));
#4559=VERTEX_POINT('',#4558);
#4560=CARTESIAN_POINT('',(-5.300012645095E0,6.999999999992E-1,
4.599999999916E0));
#4561=VERTEX_POINT('',#4560);
#4562=CARTESIAN_POINT('',(-4.7E0,-1.350000148748E0,4.6E0));
#4563=VERTEX_POINT('',#4562);
#4564=CARTESIAN_POINT('',(-5.299999999924E0,-6.E-1,4.599999999924E0));
#4565=VERTEX_POINT('',#4564);
#4566=CARTESIAN_POINT('',(-4.85E0,8.E-1,4.5E0));
#4567=CARTESIAN_POINT('',(-4.95E0,8.E-1,4.6E0));
#4568=VERTEX_POINT('',#4566);
#4569=VERTEX_POINT('',#4567);
#4570=CARTESIAN_POINT('',(-4.85E0,8.E-1,0.E0));
#4571=VERTEX_POINT('',#4570);
#4572=CARTESIAN_POINT('',(-4.55E0,-1.149999998802E0,-9.010084345284E-13));
#4573=VERTEX_POINT('',#4572);
#4574=CARTESIAN_POINT('',(-4.55E0,-1.249999999999E0,9.999999999852E-2));
#4575=VERTEX_POINT('',#4574);
#4576=CARTESIAN_POINT('',(-4.55E0,-1.25E0,1.E0));
#4577=VERTEX_POINT('',#4576);
#4578=CARTESIAN_POINT('',(-4.55E0,-6.E-1,1.E0));
#4579=VERTEX_POINT('',#4578);
#4580=CARTESIAN_POINT('',(-4.55E0,-6.E-1,0.E0));
#4581=VERTEX_POINT('',#4580);
#4582=CARTESIAN_POINT('',(4.55E0,-1.25E0,1.E0));
#4583=VERTEX_POINT('',#4582);
#4584=CARTESIAN_POINT('',(4.55E0,-6.E-1,1.E0));
#4585=VERTEX_POINT('',#4584);
#4586=CARTESIAN_POINT('',(4.15E0,-6.E-1,1.E0));
#4587=VERTEX_POINT('',#4586);
#4588=CARTESIAN_POINT('',(4.15E0,-7.5E-1,1.E0));
#4589=VERTEX_POINT('',#4588);
#4590=CARTESIAN_POINT('',(3.55E0,0.E0,1.E0));
#4591=CARTESIAN_POINT('',(3.05E0,0.E0,1.E0));
#4592=VERTEX_POINT('',#4590);
#4593=VERTEX_POINT('',#4591);
#4594=CARTESIAN_POINT('',(2.45E0,0.E0,1.E0));
#4595=CARTESIAN_POINT('',(1.95E0,0.E0,1.E0));
#4596=VERTEX_POINT('',#4594);
#4597=VERTEX_POINT('',#4595);
#4598=CARTESIAN_POINT('',(1.35E0,0.E0,1.E0));
#4599=CARTESIAN_POINT('',(8.5E-1,0.E0,1.E0));
#4600=VERTEX_POINT('',#4598);
#4601=VERTEX_POINT('',#4599);
#4602=CARTESIAN_POINT('',(2.5E-1,0.E0,1.E0));
#4603=CARTESIAN_POINT('',(-2.5E-1,0.E0,1.E0));
#4604=VERTEX_POINT('',#4602);
#4605=VERTEX_POINT('',#4603);
#4606=CARTESIAN_POINT('',(-8.5E-1,0.E0,1.E0));
#4607=CARTESIAN_POINT('',(-1.35E0,0.E0,1.E0));
#4608=VERTEX_POINT('',#4606);
#4609=VERTEX_POINT('',#4607);
#4610=CARTESIAN_POINT('',(-1.95E0,0.E0,1.E0));
#4611=CARTESIAN_POINT('',(-2.45E0,0.E0,1.E0));
#4612=VERTEX_POINT('',#4610);
#4613=VERTEX_POINT('',#4611);
#4614=CARTESIAN_POINT('',(-3.05E0,0.E0,1.E0));
#4615=CARTESIAN_POINT('',(-3.55E0,0.E0,1.E0));
#4616=VERTEX_POINT('',#4614);
#4617=VERTEX_POINT('',#4615);
#4618=CARTESIAN_POINT('',(-3.33E0,-1.1E0,1.E0));
#4619=CARTESIAN_POINT('',(-3.33E0,-7.5E-1,1.E0));
#4620=VERTEX_POINT('',#4618);
#4621=VERTEX_POINT('',#4619);
#4622=CARTESIAN_POINT('',(-4.37E0,-1.1E0,1.E0));
#4623=VERTEX_POINT('',#4622);
#4624=CARTESIAN_POINT('',(-4.15E0,-7.5E-1,1.E0));
#4625=CARTESIAN_POINT('',(-4.37E0,-7.5E-1,1.E0));
#4626=VERTEX_POINT('',#4624);
#4627=VERTEX_POINT('',#4625);
#4628=CARTESIAN_POINT('',(-4.15E0,-6.E-1,1.E0));
#4629=VERTEX_POINT('',#4628);
#4630=CARTESIAN_POINT('',(4.55E0,-1.149999998802E0,-9.010570067858E-13));
#4631=VERTEX_POINT('',#4630);
#4632=CARTESIAN_POINT('',(4.55E0,-6.E-1,0.E0));
#4633=VERTEX_POINT('',#4632);
#4634=CARTESIAN_POINT('',(5.6E0,-1.149999843652E0,-1.407964705634E-7));
#4635=VERTEX_POINT('',#4634);
#4636=CARTESIAN_POINT('',(5.8E0,-1.05E0,1.000000861245E-1));
#4637=VERTEX_POINT('',#4636);
#4638=CARTESIAN_POINT('',(5.699999837619E0,-1.050000000031E0,
7.121662132699E-9));
#4639=VERTEX_POINT('',#4638);
#4640=CARTESIAN_POINT('',(5.8E0,-1.2E0,1.35E0));
#4641=VERTEX_POINT('',#4640);
#4642=CARTESIAN_POINT('',(6.E0,-1.2E0,1.35E0));
#4643=VERTEX_POINT('',#4642);
#4644=CARTESIAN_POINT('',(5.8E0,-1.2E0,0.E0));
#4645=VERTEX_POINT('',#4644);
#4646=CARTESIAN_POINT('',(6.E0,-1.2E0,0.E0));
#4647=VERTEX_POINT('',#4646);
#4648=CARTESIAN_POINT('',(6.E0,-1.143805509808E-1,0.E0));
#4649=VERTEX_POINT('',#4648);
#4650=CARTESIAN_POINT('',(6.E0,-1.143805509808E-1,1.E0));
#4651=VERTEX_POINT('',#4650);
#4652=CARTESIAN_POINT('',(5.800000003589E0,-8.5E-1,1.000000035883E-1));
#4653=VERTEX_POINT('',#4652);
#4654=CARTESIAN_POINT('',(5.699999998785E0,-8.5E-1,7.013833958069E-14));
#4655=VERTEX_POINT('',#4654);
#4656=CARTESIAN_POINT('',(5.8E0,-8.5E-1,1.E0));
#4657=VERTEX_POINT('',#4656);
#4658=CARTESIAN_POINT('',(5.15E0,-8.5E-1,0.E0));
#4659=VERTEX_POINT('',#4658);
#4660=CARTESIAN_POINT('',(5.8E0,-2.E-1,1.E0));
#4661=VERTEX_POINT('',#4660);
#4662=CARTESIAN_POINT('',(5.15E0,-8.5E-1,1.E0));
#4663=VERTEX_POINT('',#4662);
#4664=CARTESIAN_POINT('',(4.15E0,-2.E-1,0.E0));
#4665=VERTEX_POINT('',#4664);
#4666=CARTESIAN_POINT('',(5.15E0,-2.E-1,0.E0));
#4667=VERTEX_POINT('',#4666);
#4668=CARTESIAN_POINT('',(5.15E0,-2.E-1,1.E0));
#4669=VERTEX_POINT('',#4668);
#4670=CARTESIAN_POINT('',(5.5E0,7.E-1,3.6E0));
#4671=VERTEX_POINT('',#4670);
#4672=CARTESIAN_POINT('',(5.5E0,-1.15E0,3.6E0));
#4673=VERTEX_POINT('',#4672);
#4674=CARTESIAN_POINT('',(5.5E0,-1.15E0,3.7E0));
#4675=VERTEX_POINT('',#4674);
#4676=CARTESIAN_POINT('',(5.5E0,-7.5E-1,3.7E0));
#4677=VERTEX_POINT('',#4676);
#4678=CARTESIAN_POINT('',(5.5E0,-7.5E-1,3.9E0));
#4679=VERTEX_POINT('',#4678);
#4680=CARTESIAN_POINT('',(5.5E0,-1.5E-1,3.9E0));
#4681=VERTEX_POINT('',#4680);
#4682=CARTESIAN_POINT('',(5.5E0,-1.5E-1,3.7E0));
#4683=VERTEX_POINT('',#4682);
#4684=CARTESIAN_POINT('',(5.5E0,6.E-1,3.7E0));
#4685=VERTEX_POINT('',#4684);
#4686=CARTESIAN_POINT('',(5.5E0,-1.15E0,3.2E0));
#4687=VERTEX_POINT('',#4686);
#4688=CARTESIAN_POINT('',(5.5E0,-1.25E0,3.1E0));
#4689=VERTEX_POINT('',#4688);
#4690=CARTESIAN_POINT('',(5.5E0,-1.15E0,3.1E0));
#4691=VERTEX_POINT('',#4690);
#4692=CARTESIAN_POINT('',(5.5E0,-5.2E-1,1.85E0));
#4693=CARTESIAN_POINT('',(5.5E0,-5.2E-1,3.1E0));
#4694=VERTEX_POINT('',#4692);
#4695=VERTEX_POINT('',#4693);
#4696=CARTESIAN_POINT('',(5.5E0,-2.E-1,1.85E0));
#4697=VERTEX_POINT('',#4696);
#4698=CARTESIAN_POINT('',(5.5E0,-5.E-2,2.1E0));
#4699=VERTEX_POINT('',#4698);
#4700=CARTESIAN_POINT('',(5.5E0,7.E-1,-5.E-1));
#4701=VERTEX_POINT('',#4700);
#4702=CARTESIAN_POINT('',(5.35E0,7.E-1,3.6E0));
#4703=VERTEX_POINT('',#4702);
#4704=CARTESIAN_POINT('',(5.35E0,6.E-1,3.7E0));
#4705=VERTEX_POINT('',#4704);
#4706=CARTESIAN_POINT('',(5.35E0,-1.5E-1,3.7E0));
#4707=VERTEX_POINT('',#4706);
#4708=CARTESIAN_POINT('',(5.35E0,-1.5E-1,3.9E0));
#4709=VERTEX_POINT('',#4708);
#4710=CARTESIAN_POINT('',(5.35E0,-7.5E-1,3.9E0));
#4711=VERTEX_POINT('',#4710);
#4712=CARTESIAN_POINT('',(5.35E0,-7.5E-1,3.7E0));
#4713=VERTEX_POINT('',#4712);
#4714=CARTESIAN_POINT('',(5.35E0,-1.15E0,3.7E0));
#4715=VERTEX_POINT('',#4714);
#4716=CARTESIAN_POINT('',(5.35E0,-1.15E0,3.6E0));
#4717=VERTEX_POINT('',#4716);
#4718=CARTESIAN_POINT('',(5.35E0,-1.15E0,3.2E0));
#4719=VERTEX_POINT('',#4718);
#4720=CARTESIAN_POINT('',(5.35E0,-1.15E0,3.1E0));
#4721=VERTEX_POINT('',#4720);
#4722=CARTESIAN_POINT('',(5.35E0,-1.25E0,3.1E0));
#4723=VERTEX_POINT('',#4722);
#4724=CARTESIAN_POINT('',(5.35E0,-5.E-2,2.1E0));
#4725=VERTEX_POINT('',#4724);
#4726=CARTESIAN_POINT('',(5.35E0,-2.E-1,1.85E0));
#4727=VERTEX_POINT('',#4726);
#4728=CARTESIAN_POINT('',(5.649999999998E0,-1.3E0,3.6E0));
#4729=VERTEX_POINT('',#4728);
#4730=CARTESIAN_POINT('',(6.E0,-1.3E0,3.6E0));
#4731=VERTEX_POINT('',#4730);
#4732=CARTESIAN_POINT('',(6.E0,-1.45E0,3.6E0));
#4733=VERTEX_POINT('',#4732);
#4734=CARTESIAN_POINT('',(5.65E0,-1.45E0,3.6E0));
#4735=VERTEX_POINT('',#4734);
#4736=CARTESIAN_POINT('',(5.649999999999E0,-1.3E0,3.2E0));
#4737=VERTEX_POINT('',#4736);
#4738=CARTESIAN_POINT('',(5.650000000001E0,-1.45E0,3.2E0));
#4739=VERTEX_POINT('',#4738);
#4740=CARTESIAN_POINT('',(6.E0,-1.45E0,3.2E0));
#4741=VERTEX_POINT('',#4740);
#4742=CARTESIAN_POINT('',(6.E0,-1.3E0,3.2E0));
#4743=VERTEX_POINT('',#4742);
#4744=CARTESIAN_POINT('',(5.5E0,-5.E-2,3.1E0));
#4745=VERTEX_POINT('',#4744);
#4746=CARTESIAN_POINT('',(5.35E0,-5.E-2,3.1E0));
#4747=CARTESIAN_POINT('',(5.35E0,-5.2E-1,3.1E0));
#4748=VERTEX_POINT('',#4746);
#4749=VERTEX_POINT('',#4747);
#4750=CARTESIAN_POINT('',(5.35E0,-5.2E-1,1.85E0));
#4751=VERTEX_POINT('',#4750);
#4752=CARTESIAN_POINT('',(5.35E0,5.E-2,-4.999999999998E-1));
#4753=CARTESIAN_POINT('',(5.35E0,1.5E-1,-6.E-1));
#4754=VERTEX_POINT('',#4752);
#4755=VERTEX_POINT('',#4753);
#4756=CARTESIAN_POINT('',(5.35E0,6.E-1,-6.E-1));
#4757=VERTEX_POINT('',#4756);
#4758=CARTESIAN_POINT('',(5.35E0,7.E-1,-5.E-1));
#4759=VERTEX_POINT('',#4758);
#4760=CARTESIAN_POINT('',(5.5E0,5.E-2,-4.999999999999E-1));
#4761=VERTEX_POINT('',#4760);
#4762=CARTESIAN_POINT('',(5.5E0,6.E-1,-6.E-1));
#4763=VERTEX_POINT('',#4762);
#4764=CARTESIAN_POINT('',(5.5E0,1.5E-1,-6.E-1));
#4765=VERTEX_POINT('',#4764);
#4766=CARTESIAN_POINT('',(4.15E0,-8.499999999999E-1,1.1E0));
#4767=VERTEX_POINT('',#4766);
#4768=CARTESIAN_POINT('',(4.15E0,-6.E-1,0.E0));
#4769=VERTEX_POINT('',#4768);
#4770=CARTESIAN_POINT('',(4.15E0,-1.E0,1.1E0));
#4771=CARTESIAN_POINT('',(4.15E0,-1.E0,4.1E0));
#4772=VERTEX_POINT('',#4770);
#4773=VERTEX_POINT('',#4771);
#4774=CARTESIAN_POINT('',(3.55E0,-1.E0,4.1E0));
#4775=VERTEX_POINT('',#4774);
#4776=CARTESIAN_POINT('',(3.55E0,-7.5E-1,1.E0));
#4777=CARTESIAN_POINT('',(3.55E0,-8.499999999999E-1,1.1E0));
#4778=VERTEX_POINT('',#4776);
#4779=VERTEX_POINT('',#4777);
#4780=CARTESIAN_POINT('',(3.55E0,-1.E0,1.1E0));
#4781=VERTEX_POINT('',#4780);
#4782=CARTESIAN_POINT('',(3.43E0,-8.499999999999E-1,1.1E0));
#4783=VERTEX_POINT('',#4782);
#4784=CARTESIAN_POINT('',(3.33E0,-7.5E-1,1.E0));
#4785=VERTEX_POINT('',#4784);
#4786=CARTESIAN_POINT('',(3.43E0,-1.E0,1.1E0));
#4787=VERTEX_POINT('',#4786);
#4788=CARTESIAN_POINT('',(4.27E0,-1.E0,1.1E0));
#4789=VERTEX_POINT('',#4788);
#4790=CARTESIAN_POINT('',(3.33E0,-1.1E0,1.E0));
#4791=VERTEX_POINT('',#4790);
#4792=CARTESIAN_POINT('',(4.37E0,-1.1E0,1.E0));
#4793=VERTEX_POINT('',#4792);
#4794=CARTESIAN_POINT('',(4.27E0,-8.499999999999E-1,1.1E0));
#4795=VERTEX_POINT('',#4794);
#4796=CARTESIAN_POINT('',(4.37E0,-7.5E-1,1.E0));
#4797=VERTEX_POINT('',#4796);
#4798=CARTESIAN_POINT('',(3.05E0,-1.E0,1.1E0));
#4799=CARTESIAN_POINT('',(3.05E0,-1.E0,4.1E0));
#4800=VERTEX_POINT('',#4798);
#4801=VERTEX_POINT('',#4799);
#4802=CARTESIAN_POINT('',(3.05E0,-8.499999999999E-1,1.1E0));
#4803=CARTESIAN_POINT('',(3.05E0,-7.5E-1,1.E0));
#4804=VERTEX_POINT('',#4802);
#4805=VERTEX_POINT('',#4803);
#4806=CARTESIAN_POINT('',(2.45E0,-1.E0,4.1E0));
#4807=VERTEX_POINT('',#4806);
#4808=CARTESIAN_POINT('',(2.45E0,-7.5E-1,1.E0));
#4809=CARTESIAN_POINT('',(2.45E0,-8.499999999999E-1,1.1E0));
#4810=VERTEX_POINT('',#4808);
#4811=VERTEX_POINT('',#4809);
#4812=CARTESIAN_POINT('',(2.45E0,-1.E0,1.1E0));
#4813=VERTEX_POINT('',#4812);
#4814=CARTESIAN_POINT('',(2.33E0,-8.499999999999E-1,1.1E0));
#4815=VERTEX_POINT('',#4814);
#4816=CARTESIAN_POINT('',(2.23E0,-7.5E-1,1.E0));
#4817=VERTEX_POINT('',#4816);
#4818=CARTESIAN_POINT('',(2.33E0,-1.E0,1.1E0));
#4819=VERTEX_POINT('',#4818);
#4820=CARTESIAN_POINT('',(3.17E0,-1.E0,1.1E0));
#4821=VERTEX_POINT('',#4820);
#4822=CARTESIAN_POINT('',(2.23E0,-1.1E0,1.E0));
#4823=VERTEX_POINT('',#4822);
#4824=CARTESIAN_POINT('',(3.27E0,-1.1E0,1.E0));
#4825=VERTEX_POINT('',#4824);
#4826=CARTESIAN_POINT('',(3.17E0,-8.499999999999E-1,1.1E0));
#4827=VERTEX_POINT('',#4826);
#4828=CARTESIAN_POINT('',(3.27E0,-7.5E-1,1.E0));
#4829=VERTEX_POINT('',#4828);
#4830=CARTESIAN_POINT('',(1.95E0,-1.E0,1.1E0));
#4831=CARTESIAN_POINT('',(1.95E0,-1.E0,4.1E0));
#4832=VERTEX_POINT('',#4830);
#4833=VERTEX_POINT('',#4831);
#4834=CARTESIAN_POINT('',(1.95E0,-8.499999999999E-1,1.1E0));
#4835=CARTESIAN_POINT('',(1.95E0,-7.5E-1,1.E0));
#4836=VERTEX_POINT('',#4834);
#4837=VERTEX_POINT('',#4835);
#4838=CARTESIAN_POINT('',(1.35E0,-1.E0,4.1E0));
#4839=VERTEX_POINT('',#4838);
#4840=CARTESIAN_POINT('',(1.35E0,-7.5E-1,1.E0));
#4841=CARTESIAN_POINT('',(1.35E0,-8.499999999999E-1,1.1E0));
#4842=VERTEX_POINT('',#4840);
#4843=VERTEX_POINT('',#4841);
#4844=CARTESIAN_POINT('',(1.35E0,-1.E0,1.1E0));
#4845=VERTEX_POINT('',#4844);
#4846=CARTESIAN_POINT('',(1.23E0,-8.499999999999E-1,1.1E0));
#4847=VERTEX_POINT('',#4846);
#4848=CARTESIAN_POINT('',(1.13E0,-7.5E-1,1.E0));
#4849=VERTEX_POINT('',#4848);
#4850=CARTESIAN_POINT('',(1.23E0,-1.E0,1.1E0));
#4851=VERTEX_POINT('',#4850);
#4852=CARTESIAN_POINT('',(2.07E0,-1.E0,1.1E0));
#4853=VERTEX_POINT('',#4852);
#4854=CARTESIAN_POINT('',(1.13E0,-1.1E0,1.E0));
#4855=VERTEX_POINT('',#4854);
#4856=CARTESIAN_POINT('',(2.17E0,-1.1E0,1.E0));
#4857=VERTEX_POINT('',#4856);
#4858=CARTESIAN_POINT('',(2.07E0,-8.499999999999E-1,1.1E0));
#4859=VERTEX_POINT('',#4858);
#4860=CARTESIAN_POINT('',(2.17E0,-7.5E-1,1.E0));
#4861=VERTEX_POINT('',#4860);
#4862=CARTESIAN_POINT('',(8.5E-1,-1.E0,1.1E0));
#4863=CARTESIAN_POINT('',(8.5E-1,-1.E0,4.1E0));
#4864=VERTEX_POINT('',#4862);
#4865=VERTEX_POINT('',#4863);
#4866=CARTESIAN_POINT('',(8.5E-1,-8.499999999999E-1,1.1E0));
#4867=CARTESIAN_POINT('',(8.5E-1,-7.5E-1,1.E0));
#4868=VERTEX_POINT('',#4866);
#4869=VERTEX_POINT('',#4867);
#4870=CARTESIAN_POINT('',(2.5E-1,-1.E0,4.1E0));
#4871=VERTEX_POINT('',#4870);
#4872=CARTESIAN_POINT('',(2.5E-1,-7.5E-1,1.E0));
#4873=CARTESIAN_POINT('',(2.5E-1,-8.499999999999E-1,1.1E0));
#4874=VERTEX_POINT('',#4872);
#4875=VERTEX_POINT('',#4873);
#4876=CARTESIAN_POINT('',(2.5E-1,-1.E0,1.1E0));
#4877=VERTEX_POINT('',#4876);
#4878=CARTESIAN_POINT('',(1.299999999999E-1,-8.499999999999E-1,1.1E0));
#4879=VERTEX_POINT('',#4878);
#4880=CARTESIAN_POINT('',(3.E-2,-7.5E-1,1.E0));
#4881=VERTEX_POINT('',#4880);
#4882=CARTESIAN_POINT('',(1.299999999999E-1,-1.E0,1.1E0));
#4883=VERTEX_POINT('',#4882);
#4884=CARTESIAN_POINT('',(9.700000000001E-1,-1.E0,1.1E0));
#4885=VERTEX_POINT('',#4884);
#4886=CARTESIAN_POINT('',(3.E-2,-1.1E0,1.E0));
#4887=VERTEX_POINT('',#4886);
#4888=CARTESIAN_POINT('',(1.07E0,-1.1E0,1.E0));
#4889=VERTEX_POINT('',#4888);
#4890=CARTESIAN_POINT('',(9.700000000001E-1,-8.499999999999E-1,1.1E0));
#4891=VERTEX_POINT('',#4890);
#4892=CARTESIAN_POINT('',(1.07E0,-7.5E-1,1.E0));
#4893=VERTEX_POINT('',#4892);
#4894=CARTESIAN_POINT('',(-2.5E-1,-1.E0,1.1E0));
#4895=CARTESIAN_POINT('',(-2.5E-1,-1.E0,4.1E0));
#4896=VERTEX_POINT('',#4894);
#4897=VERTEX_POINT('',#4895);
#4898=CARTESIAN_POINT('',(-2.5E-1,-8.499999999999E-1,1.1E0));
#4899=CARTESIAN_POINT('',(-2.5E-1,-7.5E-1,1.E0));
#4900=VERTEX_POINT('',#4898);
#4901=VERTEX_POINT('',#4899);
#4902=CARTESIAN_POINT('',(-8.5E-1,-1.E0,4.1E0));
#4903=VERTEX_POINT('',#4902);
#4904=CARTESIAN_POINT('',(-8.5E-1,-7.5E-1,1.E0));
#4905=CARTESIAN_POINT('',(-8.5E-1,-8.499999999999E-1,1.1E0));
#4906=VERTEX_POINT('',#4904);
#4907=VERTEX_POINT('',#4905);
#4908=CARTESIAN_POINT('',(-8.5E-1,-1.E0,1.1E0));
#4909=VERTEX_POINT('',#4908);
#4910=CARTESIAN_POINT('',(-9.700000000001E-1,-8.499999999999E-1,1.1E0));
#4911=VERTEX_POINT('',#4910);
#4912=CARTESIAN_POINT('',(-1.07E0,-7.5E-1,1.E0));
#4913=VERTEX_POINT('',#4912);
#4914=CARTESIAN_POINT('',(-9.700000000001E-1,-1.E0,1.1E0));
#4915=VERTEX_POINT('',#4914);
#4916=CARTESIAN_POINT('',(-1.299999999999E-1,-1.E0,1.1E0));
#4917=VERTEX_POINT('',#4916);
#4918=CARTESIAN_POINT('',(-1.07E0,-1.1E0,1.E0));
#4919=VERTEX_POINT('',#4918);
#4920=CARTESIAN_POINT('',(-3.E-2,-1.1E0,1.E0));
#4921=VERTEX_POINT('',#4920);
#4922=CARTESIAN_POINT('',(-1.299999999999E-1,-8.499999999999E-1,1.1E0));
#4923=VERTEX_POINT('',#4922);
#4924=CARTESIAN_POINT('',(-2.999999999999E-2,-7.5E-1,1.E0));
#4925=VERTEX_POINT('',#4924);
#4926=CARTESIAN_POINT('',(-1.35E0,-1.E0,1.1E0));
#4927=CARTESIAN_POINT('',(-1.35E0,-1.E0,4.1E0));
#4928=VERTEX_POINT('',#4926);
#4929=VERTEX_POINT('',#4927);
#4930=CARTESIAN_POINT('',(-1.35E0,-8.499999999999E-1,1.1E0));
#4931=CARTESIAN_POINT('',(-1.35E0,-7.5E-1,1.E0));
#4932=VERTEX_POINT('',#4930);
#4933=VERTEX_POINT('',#4931);
#4934=CARTESIAN_POINT('',(-1.95E0,-1.E0,4.1E0));
#4935=VERTEX_POINT('',#4934);
#4936=CARTESIAN_POINT('',(-1.95E0,-7.5E-1,1.E0));
#4937=CARTESIAN_POINT('',(-1.95E0,-8.499999999999E-1,1.1E0));
#4938=VERTEX_POINT('',#4936);
#4939=VERTEX_POINT('',#4937);
#4940=CARTESIAN_POINT('',(-1.95E0,-1.E0,1.1E0));
#4941=VERTEX_POINT('',#4940);
#4942=CARTESIAN_POINT('',(-2.07E0,-8.499999999999E-1,1.1E0));
#4943=VERTEX_POINT('',#4942);
#4944=CARTESIAN_POINT('',(-2.17E0,-7.5E-1,1.E0));
#4945=VERTEX_POINT('',#4944);
#4946=CARTESIAN_POINT('',(-2.07E0,-1.E0,1.1E0));
#4947=VERTEX_POINT('',#4946);
#4948=CARTESIAN_POINT('',(-1.23E0,-1.E0,1.1E0));
#4949=VERTEX_POINT('',#4948);
#4950=CARTESIAN_POINT('',(-2.17E0,-1.1E0,1.E0));
#4951=VERTEX_POINT('',#4950);
#4952=CARTESIAN_POINT('',(-1.13E0,-1.1E0,1.E0));
#4953=VERTEX_POINT('',#4952);
#4954=CARTESIAN_POINT('',(-1.23E0,-8.499999999999E-1,1.1E0));
#4955=VERTEX_POINT('',#4954);
#4956=CARTESIAN_POINT('',(-1.13E0,-7.5E-1,1.E0));
#4957=VERTEX_POINT('',#4956);
#4958=CARTESIAN_POINT('',(-2.45E0,-1.E0,1.1E0));
#4959=CARTESIAN_POINT('',(-2.45E0,-1.E0,4.1E0));
#4960=VERTEX_POINT('',#4958);
#4961=VERTEX_POINT('',#4959);
#4962=CARTESIAN_POINT('',(-2.45E0,-8.499999999999E-1,1.1E0));
#4963=CARTESIAN_POINT('',(-2.45E0,-7.5E-1,1.E0));
#4964=VERTEX_POINT('',#4962);
#4965=VERTEX_POINT('',#4963);
#4966=CARTESIAN_POINT('',(-3.05E0,-1.E0,4.1E0));
#4967=VERTEX_POINT('',#4966);
#4968=CARTESIAN_POINT('',(-3.05E0,-7.5E-1,1.E0));
#4969=CARTESIAN_POINT('',(-3.05E0,-8.499999999999E-1,1.1E0));
#4970=VERTEX_POINT('',#4968);
#4971=VERTEX_POINT('',#4969);
#4972=CARTESIAN_POINT('',(-3.05E0,-1.E0,1.1E0));
#4973=VERTEX_POINT('',#4972);
#4974=CARTESIAN_POINT('',(-3.17E0,-8.499999999999E-1,1.1E0));
#4975=VERTEX_POINT('',#4974);
#4976=CARTESIAN_POINT('',(-3.27E0,-7.5E-1,1.E0));
#4977=VERTEX_POINT('',#4976);
#4978=CARTESIAN_POINT('',(-3.17E0,-1.E0,1.1E0));
#4979=VERTEX_POINT('',#4978);
#4980=CARTESIAN_POINT('',(-2.33E0,-1.E0,1.1E0));
#4981=VERTEX_POINT('',#4980);
#4982=CARTESIAN_POINT('',(-3.27E0,-1.1E0,1.E0));
#4983=VERTEX_POINT('',#4982);
#4984=CARTESIAN_POINT('',(-2.23E0,-1.1E0,1.E0));
#4985=VERTEX_POINT('',#4984);
#4986=CARTESIAN_POINT('',(-2.33E0,-8.499999999999E-1,1.1E0));
#4987=VERTEX_POINT('',#4986);
#4988=CARTESIAN_POINT('',(-2.23E0,-7.5E-1,1.E0));
#4989=VERTEX_POINT('',#4988);
#4990=CARTESIAN_POINT('',(-3.55E0,-1.E0,1.1E0));
#4991=CARTESIAN_POINT('',(-3.55E0,-1.E0,4.1E0));
#4992=VERTEX_POINT('',#4990);
#4993=VERTEX_POINT('',#4991);
#4994=CARTESIAN_POINT('',(-3.55E0,-8.499999999999E-1,1.1E0));
#4995=VERTEX_POINT('',#4994);
#4996=CARTESIAN_POINT('',(-3.55E0,-7.5E-1,1.E0));
#4997=VERTEX_POINT('',#4996);
#4998=CARTESIAN_POINT('',(-4.15E0,-1.E0,4.1E0));
#4999=VERTEX_POINT('',#4998);
#5000=CARTESIAN_POINT('',(-4.15E0,-8.499999999999E-1,1.1E0));
#5001=VERTEX_POINT('',#5000);
#5002=CARTESIAN_POINT('',(-4.15E0,-1.E0,1.1E0));
#5003=VERTEX_POINT('',#5002);
#5004=CARTESIAN_POINT('',(-4.15E0,-6.E-1,0.E0));
#5005=VERTEX_POINT('',#5004);
#5006=CARTESIAN_POINT('',(-4.27E0,-8.499999999999E-1,1.1E0));
#5007=VERTEX_POINT('',#5006);
#5008=CARTESIAN_POINT('',(-4.27E0,-1.E0,1.1E0));
#5009=VERTEX_POINT('',#5008);
#5010=CARTESIAN_POINT('',(-3.43E0,-1.E0,1.1E0));
#5011=VERTEX_POINT('',#5010);
#5012=CARTESIAN_POINT('',(-3.43E0,-8.499999999999E-1,1.1E0));
#5013=VERTEX_POINT('',#5012);
#5014=CARTESIAN_POINT('',(4.15E0,-1.4E0,1.7E0));
#5015=VERTEX_POINT('',#5014);
#5016=CARTESIAN_POINT('',(4.15E0,-1.4E0,4.6E0));
#5017=VERTEX_POINT('',#5016);
#5018=CARTESIAN_POINT('',(4.05E0,-1.4E0,1.6E0));
#5019=VERTEX_POINT('',#5018);
#5020=CARTESIAN_POINT('',(3.55E0,-1.25E0,1.6E0));
#5021=VERTEX_POINT('',#5020);
#5022=CARTESIAN_POINT('',(3.55E0,-1.4E0,1.6E0));
#5023=VERTEX_POINT('',#5022);
#5024=CARTESIAN_POINT('',(3.55E0,-1.4E0,1.3E0));
#5025=VERTEX_POINT('',#5024);
#5026=CARTESIAN_POINT('',(3.45E0,-1.4E0,1.2E0));
#5027=VERTEX_POINT('',#5026);
#5028=CARTESIAN_POINT('',(3.15E0,-1.4E0,1.2E0));
#5029=VERTEX_POINT('',#5028);
#5030=CARTESIAN_POINT('',(3.05E0,-1.4E0,1.3E0));
#5031=VERTEX_POINT('',#5030);
#5032=CARTESIAN_POINT('',(2.45E0,-1.4E0,1.3E0));
#5033=CARTESIAN_POINT('',(2.35E0,-1.4E0,1.2E0));
#5034=VERTEX_POINT('',#5032);
#5035=VERTEX_POINT('',#5033);
#5036=CARTESIAN_POINT('',(2.05E0,-1.4E0,1.2E0));
#5037=CARTESIAN_POINT('',(1.95E0,-1.4E0,1.3E0));
#5038=VERTEX_POINT('',#5036);
#5039=VERTEX_POINT('',#5037);
#5040=CARTESIAN_POINT('',(1.35E0,-1.4E0,1.3E0));
#5041=CARTESIAN_POINT('',(1.25E0,-1.4E0,1.2E0));
#5042=VERTEX_POINT('',#5040);
#5043=VERTEX_POINT('',#5041);
#5044=CARTESIAN_POINT('',(9.499999999999E-1,-1.4E0,1.2E0));
#5045=CARTESIAN_POINT('',(8.500000000001E-1,-1.4E0,1.3E0));
#5046=VERTEX_POINT('',#5044);
#5047=VERTEX_POINT('',#5045);
#5048=CARTESIAN_POINT('',(2.499999999999E-1,-1.4E0,1.3E0));
#5049=CARTESIAN_POINT('',(1.500000000001E-1,-1.4E0,1.2E0));
#5050=VERTEX_POINT('',#5048);
#5051=VERTEX_POINT('',#5049);
#5052=CARTESIAN_POINT('',(-1.500000000001E-1,-1.4E0,1.2E0));
#5053=CARTESIAN_POINT('',(-2.499999999999E-1,-1.4E0,1.3E0));
#5054=VERTEX_POINT('',#5052);
#5055=VERTEX_POINT('',#5053);
#5056=CARTESIAN_POINT('',(-8.500000000001E-1,-1.4E0,1.3E0));
#5057=CARTESIAN_POINT('',(-9.499999999999E-1,-1.4E0,1.2E0));
#5058=VERTEX_POINT('',#5056);
#5059=VERTEX_POINT('',#5057);
#5060=CARTESIAN_POINT('',(-1.25E0,-1.4E0,1.2E0));
#5061=CARTESIAN_POINT('',(-1.35E0,-1.4E0,1.3E0));
#5062=VERTEX_POINT('',#5060);
#5063=VERTEX_POINT('',#5061);
#5064=CARTESIAN_POINT('',(-1.95E0,-1.4E0,1.3E0));
#5065=CARTESIAN_POINT('',(-2.05E0,-1.4E0,1.2E0));
#5066=VERTEX_POINT('',#5064);
#5067=VERTEX_POINT('',#5065);
#5068=CARTESIAN_POINT('',(-2.35E0,-1.4E0,1.2E0));
#5069=CARTESIAN_POINT('',(-2.45E0,-1.4E0,1.3E0));
#5070=VERTEX_POINT('',#5068);
#5071=VERTEX_POINT('',#5069);
#5072=CARTESIAN_POINT('',(-3.05E0,-1.4E0,1.3E0));
#5073=CARTESIAN_POINT('',(-3.15E0,-1.4E0,1.2E0));
#5074=VERTEX_POINT('',#5072);
#5075=VERTEX_POINT('',#5073);
#5076=CARTESIAN_POINT('',(-3.45E0,-1.4E0,1.2E0));
#5077=CARTESIAN_POINT('',(-3.55E0,-1.4E0,1.3E0));
#5078=VERTEX_POINT('',#5076);
#5079=VERTEX_POINT('',#5077);
#5080=CARTESIAN_POINT('',(-4.05E0,-1.4E0,1.6E0));
#5081=CARTESIAN_POINT('',(-4.15E0,-1.4E0,1.7E0));
#5082=VERTEX_POINT('',#5080);
#5083=VERTEX_POINT('',#5081);
#5084=CARTESIAN_POINT('',(-4.15E0,-1.4E0,4.6E0));
#5085=VERTEX_POINT('',#5084);
#5086=CARTESIAN_POINT('',(3.05E0,-1.25E0,1.6E0));
#5087=VERTEX_POINT('',#5086);
#5088=CARTESIAN_POINT('',(3.05E0,-1.4E0,1.6E0));
#5089=VERTEX_POINT('',#5088);
#5090=CARTESIAN_POINT('',(2.45E0,-1.4E0,1.6E0));
#5091=VERTEX_POINT('',#5090);
#5092=CARTESIAN_POINT('',(2.45E0,-1.25E0,1.6E0));
#5093=VERTEX_POINT('',#5092);
#5094=CARTESIAN_POINT('',(1.95E0,-1.25E0,1.6E0));
#5095=VERTEX_POINT('',#5094);
#5096=CARTESIAN_POINT('',(1.95E0,-1.4E0,1.6E0));
#5097=VERTEX_POINT('',#5096);
#5098=CARTESIAN_POINT('',(1.35E0,-1.4E0,1.6E0));
#5099=VERTEX_POINT('',#5098);
#5100=CARTESIAN_POINT('',(1.35E0,-1.25E0,1.6E0));
#5101=VERTEX_POINT('',#5100);
#5102=CARTESIAN_POINT('',(8.5E-1,-1.25E0,1.6E0));
#5103=VERTEX_POINT('',#5102);
#5104=CARTESIAN_POINT('',(8.5E-1,-1.4E0,1.6E0));
#5105=VERTEX_POINT('',#5104);
#5106=CARTESIAN_POINT('',(2.5E-1,-1.4E0,1.6E0));
#5107=VERTEX_POINT('',#5106);
#5108=CARTESIAN_POINT('',(2.5E-1,-1.25E0,1.6E0));
#5109=VERTEX_POINT('',#5108);
#5110=CARTESIAN_POINT('',(-2.5E-1,-1.25E0,1.6E0));
#5111=VERTEX_POINT('',#5110);
#5112=CARTESIAN_POINT('',(-2.5E-1,-1.4E0,1.6E0));
#5113=VERTEX_POINT('',#5112);
#5114=CARTESIAN_POINT('',(-8.5E-1,-1.4E0,1.6E0));
#5115=VERTEX_POINT('',#5114);
#5116=CARTESIAN_POINT('',(-8.5E-1,-1.25E0,1.6E0));
#5117=VERTEX_POINT('',#5116);
#5118=CARTESIAN_POINT('',(-1.35E0,-1.25E0,1.6E0));
#5119=VERTEX_POINT('',#5118);
#5120=CARTESIAN_POINT('',(-1.35E0,-1.4E0,1.6E0));
#5121=VERTEX_POINT('',#5120);
#5122=CARTESIAN_POINT('',(-1.95E0,-1.4E0,1.6E0));
#5123=VERTEX_POINT('',#5122);
#5124=CARTESIAN_POINT('',(-1.95E0,-1.25E0,1.6E0));
#5125=VERTEX_POINT('',#5124);
#5126=CARTESIAN_POINT('',(-2.45E0,-1.25E0,1.6E0));
#5127=VERTEX_POINT('',#5126);
#5128=CARTESIAN_POINT('',(-2.45E0,-1.4E0,1.6E0));
#5129=VERTEX_POINT('',#5128);
#5130=CARTESIAN_POINT('',(-3.05E0,-1.4E0,1.6E0));
#5131=VERTEX_POINT('',#5130);
#5132=CARTESIAN_POINT('',(-3.05E0,-1.25E0,1.6E0));
#5133=VERTEX_POINT('',#5132);
#5134=CARTESIAN_POINT('',(-3.55E0,-1.25E0,1.6E0));
#5135=VERTEX_POINT('',#5134);
#5136=CARTESIAN_POINT('',(-3.55E0,-1.4E0,1.6E0));
#5137=VERTEX_POINT('',#5136);
#5138=CARTESIAN_POINT('',(5.1E0,0.E0,-5.E-1));
#5139=VERTEX_POINT('',#5138);
#5140=CARTESIAN_POINT('',(5.8E0,-1.1E0,4.5E0));
#5141=VERTEX_POINT('',#5140);
#5142=CARTESIAN_POINT('',(5.9E0,-1.1E0,4.6E0));
#5143=VERTEX_POINT('',#5142);
#5144=CARTESIAN_POINT('',(6.E0,-1.1E0,3.15E0));
#5145=VERTEX_POINT('',#5144);
#5146=CARTESIAN_POINT('',(5.8E0,-1.1E0,3.15E0));
#5147=VERTEX_POINT('',#5146);
#5148=CARTESIAN_POINT('',(4.4E0,-1.3E0,4.E0));
#5149=VERTEX_POINT('',#5148);
#5150=CARTESIAN_POINT('',(4.85E0,-1.45E0,4.E0));
#5151=VERTEX_POINT('',#5150);
#5152=CARTESIAN_POINT('',(5.15E0,-1.15E0,4.6E0));
#5153=VERTEX_POINT('',#5152);
#5154=CARTESIAN_POINT('',(4.85E0,-1.45E0,4.6E0));
#5155=VERTEX_POINT('',#5154);
#5156=CARTESIAN_POINT('',(4.4E0,-1.3E0,4.6E0));
#5157=VERTEX_POINT('',#5156);
#5158=CARTESIAN_POINT('',(4.4E0,-1.45E0,4.6E0));
#5159=VERTEX_POINT('',#5158);
#5160=CARTESIAN_POINT('',(4.4E0,-1.45E0,4.E0));
#5161=VERTEX_POINT('',#5160);
#5162=CARTESIAN_POINT('',(-5.2E0,-4.75E-1,2.425E0));
#5163=DIRECTION('',(1.E0,0.E0,0.E0));
#5164=DIRECTION('',(0.E0,-1.E0,0.E0));
#5165=AXIS2_PLACEMENT_3D('',#5162,#5163,#5164);
#5166=PLANE('9974',#5165);
#5168=ORIENTED_EDGE('7952',*,*,#5167,.F.);
#5170=ORIENTED_EDGE('7953',*,*,#5169,.T.);
#5172=ORIENTED_EDGE('7954',*,*,#5171,.F.);
#5174=ORIENTED_EDGE('7955',*,*,#5173,.T.);
#5175=EDGE_LOOP('9974',(#5168,#5170,#5172,#5174));
#5176=FACE_OUTER_BOUND('9974',#5175,.F.);
#5177=ADVANCED_FACE('9974',(#5176),#5166,.F.);
#5178=CARTESIAN_POINT('',(-5.3E0,-3.75E-1,2.3E0));
#5179=DIRECTION('',(0.E0,0.E0,1.E0));
#5180=DIRECTION('',(0.E0,-1.E0,0.E0));
#5181=AXIS2_PLACEMENT_3D('',#5178,#5179,#5180);
#5182=PLANE('10000',#5181);
#5183=ORIENTED_EDGE('7952',*,*,#5167,.T.);
#5185=ORIENTED_EDGE('8026',*,*,#5184,.F.);
#5187=ORIENTED_EDGE('8020',*,*,#5186,.T.);
#5189=ORIENTED_EDGE('8017',*,*,#5188,.T.);
#5190=EDGE_LOOP('10000',(#5183,#5185,#5187,#5189));
#5191=FACE_OUTER_BOUND('10000',#5190,.F.);
#5192=ADVANCED_FACE('10000',(#5191),#5182,.T.);
#5193=CARTESIAN_POINT('',(-5.415547082069E0,-4.E-1,2.5E0));
#5194=DIRECTION('',(1.E0,0.E0,0.E0));
#5195=DIRECTION('',(0.E0,-1.E0,0.E0));
#5196=AXIS2_PLACEMENT_3D('',#5193,#5194,#5195);
#5197=CYLINDRICAL_SURFACE('10004',#5196,2.E-1);
#5198=ORIENTED_EDGE('7955',*,*,#5173,.F.);
#5200=ORIENTED_EDGE('8025',*,*,#5199,.F.);
#5202=ORIENTED_EDGE('7990',*,*,#5201,.F.);
#5203=ORIENTED_EDGE('8026',*,*,#5184,.T.);
#5204=EDGE_LOOP('10004',(#5198,#5200,#5202,#5203));
#5205=FACE_OUTER_BOUND('10004',#5204,.F.);
#5206=ADVANCED_FACE('10004',(#5205),#5197,.F.);
#5207=CARTESIAN_POINT('',(-5.3E0,-6.E-1,2.525E0));
#5208=DIRECTION('',(0.E0,1.E0,0.E0));
#5209=DIRECTION('',(0.E0,0.E0,-1.E0));
#5210=AXIS2_PLACEMENT_3D('',#5207,#5208,#5209);
#5211=PLANE('10005',#5210);
#5212=ORIENTED_EDGE('7954',*,*,#5171,.T.);
#5214=ORIENTED_EDGE('8018',*,*,#5213,.T.);
#5216=ORIENTED_EDGE('8027',*,*,#5215,.T.);
#5217=ORIENTED_EDGE('8025',*,*,#5199,.T.);
#5218=EDGE_LOOP('10005',(#5212,#5214,#5216,#5217));
#5219=FACE_OUTER_BOUND('10005',#5218,.F.);
#5220=ADVANCED_FACE('10005',(#5219),#5211,.T.);
#5221=CARTESIAN_POINT('',(-5.184452917931E0,-3.5E-1,2.55E0));
#5222=DIRECTION('',(-1.E0,0.E0,0.E0));
#5223=DIRECTION('',(0.E0,0.E0,-1.E0));
#5224=AXIS2_PLACEMENT_3D('',#5221,#5222,#5223);
#5225=CYLINDRICAL_SURFACE('9998',#5224,2.5E-1);
#5226=ORIENTED_EDGE('8017',*,*,#5188,.F.);
#5228=ORIENTED_EDGE('7989',*,*,#5227,.F.);
#5229=ORIENTED_EDGE('8018',*,*,#5213,.F.);
#5230=ORIENTED_EDGE('7953',*,*,#5169,.F.);
#5231=EDGE_LOOP('9998',(#5226,#5228,#5229,#5230));
#5232=FACE_OUTER_BOUND('9998',#5231,.F.);
#5233=ADVANCED_FACE('9998',(#5232),#5225,.T.);
#5234=CARTESIAN_POINT('',(-5.4E0,-2.5E-1,2.3E0));
#5235=DIRECTION('',(1.E0,0.E0,0.E0));
#5236=DIRECTION('',(0.E0,-1.E0,0.E0));
#5237=AXIS2_PLACEMENT_3D('',#5234,#5235,#5236);
#5238=PLANE('9988',#5237);
#5240=ORIENTED_EDGE('7966',*,*,#5239,.T.);
#5242=ORIENTED_EDGE('7995',*,*,#5241,.F.);
#5244=ORIENTED_EDGE('7986',*,*,#5243,.T.);
#5246=ORIENTED_EDGE('7982',*,*,#5245,.T.);
#5248=ORIENTED_EDGE('7983',*,*,#5247,.T.);
#5250=ORIENTED_EDGE('7928',*,*,#5249,.T.);
#5252=ORIENTED_EDGE('7998',*,*,#5251,.F.);
#5254=ORIENTED_EDGE('8006',*,*,#5253,.F.);
#5256=ORIENTED_EDGE('7987',*,*,#5255,.T.);
#5258=ORIENTED_EDGE('7988',*,*,#5257,.T.);
#5259=EDGE_LOOP('9988',(#5240,#5242,#5244,#5246,#5248,#5250,#5252,#5254,#5256,
#5258));
#5260=FACE_OUTER_BOUND('9988',#5259,.F.);
#5261=ORIENTED_EDGE('7989',*,*,#5227,.T.);
#5262=ORIENTED_EDGE('8020',*,*,#5186,.F.);
#5263=ORIENTED_EDGE('7990',*,*,#5201,.T.);
#5264=ORIENTED_EDGE('8027',*,*,#5215,.F.);
#5265=EDGE_LOOP('9988',(#5261,#5262,#5263,#5264));
#5266=FACE_BOUND('9988',#5265,.F.);
#5268=ORIENTED_EDGE('7991',*,*,#5267,.T.);
#5270=ORIENTED_EDGE('7992',*,*,#5269,.T.);
#5272=ORIENTED_EDGE('7993',*,*,#5271,.T.);
#5274=ORIENTED_EDGE('8019',*,*,#5273,.F.);
#5276=ORIENTED_EDGE('7994',*,*,#5275,.T.);
#5277=EDGE_LOOP('9988',(#5268,#5270,#5272,#5274,#5276));
#5278=FACE_BOUND('9988',#5277,.F.);
#5279=ADVANCED_FACE('9988',(#5260,#5266,#5278),#5238,.F.);
#5280=CARTESIAN_POINT('',(-2.5E-1,-3.25E-1,4.6E0));
#5281=DIRECTION('',(0.E0,0.E0,1.E0));
#5282=DIRECTION('',(1.E0,0.E0,0.E0));
#5283=AXIS2_PLACEMENT_3D('',#5280,#5281,#5282);
#5284=PLANE('9981',#5283);
#5286=ORIENTED_EDGE('7974',*,*,#5285,.F.);
#5288=ORIENTED_EDGE('7965',*,*,#5287,.T.);
#5289=ORIENTED_EDGE('7966',*,*,#5239,.F.);
#5291=ORIENTED_EDGE('7962',*,*,#5290,.T.);
#5293=ORIENTED_EDGE('7967',*,*,#5292,.T.);
#5295=ORIENTED_EDGE('7968',*,*,#5294,.T.);
#5297=ORIENTED_EDGE('8044',*,*,#5296,.F.);
#5299=ORIENTED_EDGE('8445',*,*,#5298,.F.);
#5301=ORIENTED_EDGE('7728',*,*,#5300,.T.);
#5303=ORIENTED_EDGE('7731',*,*,#5302,.T.);
#5305=ORIENTED_EDGE('7761',*,*,#5304,.T.);
#5307=ORIENTED_EDGE('8448',*,*,#5306,.F.);
#5309=ORIENTED_EDGE('8478',*,*,#5308,.F.);
#5311=ORIENTED_EDGE('8572',*,*,#5310,.F.);
#5313=ORIENTED_EDGE('7744',*,*,#5312,.T.);
#5315=ORIENTED_EDGE('7969',*,*,#5314,.T.);
#5317=ORIENTED_EDGE('7970',*,*,#5316,.T.);
#5319=ORIENTED_EDGE('8037',*,*,#5318,.F.);
#5321=ORIENTED_EDGE('8035',*,*,#5320,.F.);
#5323=ORIENTED_EDGE('7971',*,*,#5322,.T.);
#5325=ORIENTED_EDGE('8032',*,*,#5324,.F.);
#5327=ORIENTED_EDGE('8030',*,*,#5326,.F.);
#5328=EDGE_LOOP('9981',(#5286,#5288,#5289,#5291,#5293,#5295,#5297,#5299,#5301,
#5303,#5305,#5307,#5309,#5311,#5313,#5315,#5317,#5319,#5321,#5323,#5325,#5327));
#5329=FACE_OUTER_BOUND('9981',#5328,.F.);
#5330=ADVANCED_FACE('9981',(#5329),#5284,.T.);
#5331=CARTESIAN_POINT('',(-4.75E0,-1.45E0,2.85E0));
#5332=DIRECTION('',(0.E0,1.E0,0.E0));
#5333=DIRECTION('',(1.E0,0.E0,0.E0));
#5334=AXIS2_PLACEMENT_3D('',#5331,#5332,#5333);
#5335=PLANE('9982',#5334);
#5337=ORIENTED_EDGE('7972',*,*,#5336,.T.);
#5339=ORIENTED_EDGE('7973',*,*,#5338,.F.);
#5341=ORIENTED_EDGE('7996',*,*,#5340,.F.);
#5342=ORIENTED_EDGE('7974',*,*,#5285,.T.);
#5344=ORIENTED_EDGE('7975',*,*,#5343,.T.);
#5346=ORIENTED_EDGE('8028',*,*,#5345,.F.);
#5347=EDGE_LOOP('9982',(#5337,#5339,#5341,#5342,#5344,#5346));
#5348=FACE_OUTER_BOUND('9982',#5347,.F.);
#5349=ADVANCED_FACE('9982',(#5348),#5335,.F.);
#5350=CARTESIAN_POINT('',(-4.7E0,-1.465547082069E0,1.3E0));
#5351=DIRECTION('',(0.E0,1.E0,0.E0));
#5352=DIRECTION('',(1.E0,0.E0,0.E0));
#5353=AXIS2_PLACEMENT_3D('',#5350,#5351,#5352);
#5354=CYLINDRICAL_SURFACE('9983',#5353,2.E-1);
#5356=ORIENTED_EDGE('7740',*,*,#5355,.F.);
#5358=ORIENTED_EDGE('7976',*,*,#5357,.F.);
#5359=ORIENTED_EDGE('7972',*,*,#5336,.F.);
#5361=ORIENTED_EDGE('7977',*,*,#5360,.F.);
#5362=EDGE_LOOP('9983',(#5356,#5358,#5359,#5361));
#5363=FACE_OUTER_BOUND('9983',#5362,.F.);
#5364=ADVANCED_FACE('9983',(#5363),#5354,.T.);
#5365=CARTESIAN_POINT('',(3.E-1,-1.25E0,2.35E0));
#5366=DIRECTION('',(0.E0,1.E0,0.E0));
#5367=DIRECTION('',(-1.E0,0.E0,0.E0));
#5368=AXIS2_PLACEMENT_3D('',#5365,#5366,#5367);
#5369=PLANE('9915',#5368);
#5371=ORIENTED_EDGE('7736',*,*,#5370,.T.);
#5373=ORIENTED_EDGE('7737',*,*,#5372,.F.);
#5375=ORIENTED_EDGE('8081',*,*,#5374,.F.);
#5377=ORIENTED_EDGE('7738',*,*,#5376,.F.);
#5379=ORIENTED_EDGE('8071',*,*,#5378,.F.);
#5381=ORIENTED_EDGE('8054',*,*,#5380,.F.);
#5383=ORIENTED_EDGE('8050',*,*,#5382,.F.);
#5385=ORIENTED_EDGE('8048',*,*,#5384,.F.);
#5387=ORIENTED_EDGE('7941',*,*,#5386,.F.);
#5389=ORIENTED_EDGE('7739',*,*,#5388,.F.);
#5390=ORIENTED_EDGE('7740',*,*,#5355,.T.);
#5392=ORIENTED_EDGE('7741',*,*,#5391,.F.);
#5394=ORIENTED_EDGE('7742',*,*,#5393,.T.);
#5396=ORIENTED_EDGE('7743',*,*,#5395,.F.);
#5398=ORIENTED_EDGE('7945',*,*,#5397,.F.);
#5399=ORIENTED_EDGE('7744',*,*,#5312,.F.);
#5401=ORIENTED_EDGE('8571',*,*,#5400,.F.);
#5403=ORIENTED_EDGE('7745',*,*,#5402,.T.);
#5405=ORIENTED_EDGE('8569',*,*,#5404,.F.);
#5407=ORIENTED_EDGE('8564',*,*,#5406,.F.);
#5409=ORIENTED_EDGE('7746',*,*,#5408,.T.);
#5411=ORIENTED_EDGE('8560',*,*,#5410,.F.);
#5413=ORIENTED_EDGE('7747',*,*,#5412,.T.);
#5415=ORIENTED_EDGE('8557',*,*,#5414,.F.);
#5417=ORIENTED_EDGE('8554',*,*,#5416,.F.);
#5419=ORIENTED_EDGE('8550',*,*,#5418,.F.);
#5421=ORIENTED_EDGE('7748',*,*,#5420,.T.);
#5423=ORIENTED_EDGE('8546',*,*,#5422,.F.);
#5425=ORIENTED_EDGE('7749',*,*,#5424,.T.);
#5427=ORIENTED_EDGE('8543',*,*,#5426,.F.);
#5429=ORIENTED_EDGE('8540',*,*,#5428,.F.);
#5431=ORIENTED_EDGE('8536',*,*,#5430,.F.);
#5433=ORIENTED_EDGE('7750',*,*,#5432,.T.);
#5435=ORIENTED_EDGE('8532',*,*,#5434,.F.);
#5437=ORIENTED_EDGE('7751',*,*,#5436,.T.);
#5439=ORIENTED_EDGE('8529',*,*,#5438,.F.);
#5441=ORIENTED_EDGE('8526',*,*,#5440,.F.);
#5443=ORIENTED_EDGE('8522',*,*,#5442,.F.);
#5445=ORIENTED_EDGE('7752',*,*,#5444,.T.);
#5447=ORIENTED_EDGE('8518',*,*,#5446,.F.);
#5449=ORIENTED_EDGE('7753',*,*,#5448,.T.);
#5451=ORIENTED_EDGE('8515',*,*,#5450,.F.);
#5453=ORIENTED_EDGE('8512',*,*,#5452,.F.);
#5455=ORIENTED_EDGE('8508',*,*,#5454,.F.);
#5457=ORIENTED_EDGE('7754',*,*,#5456,.T.);
#5459=ORIENTED_EDGE('8504',*,*,#5458,.F.);
#5461=ORIENTED_EDGE('7755',*,*,#5460,.T.);
#5463=ORIENTED_EDGE('8501',*,*,#5462,.F.);
#5465=ORIENTED_EDGE('8498',*,*,#5464,.F.);
#5467=ORIENTED_EDGE('8494',*,*,#5466,.F.);
#5469=ORIENTED_EDGE('7756',*,*,#5468,.T.);
#5471=ORIENTED_EDGE('8490',*,*,#5470,.F.);
#5473=ORIENTED_EDGE('7757',*,*,#5472,.T.);
#5475=ORIENTED_EDGE('8487',*,*,#5474,.F.);
#5477=ORIENTED_EDGE('8484',*,*,#5476,.F.);
#5479=ORIENTED_EDGE('8480',*,*,#5478,.F.);
#5481=ORIENTED_EDGE('7758',*,*,#5480,.T.);
#5483=ORIENTED_EDGE('8458',*,*,#5482,.F.);
#5485=ORIENTED_EDGE('7759',*,*,#5484,.T.);
#5487=ORIENTED_EDGE('8455',*,*,#5486,.F.);
#5489=ORIENTED_EDGE('8451',*,*,#5488,.F.);
#5491=ORIENTED_EDGE('7760',*,*,#5490,.T.);
#5493=ORIENTED_EDGE('8449',*,*,#5492,.F.);
#5494=ORIENTED_EDGE('7761',*,*,#5304,.F.);
#5496=ORIENTED_EDGE('7762',*,*,#5495,.T.);
#5498=ORIENTED_EDGE('7763',*,*,#5497,.T.);
#5500=ORIENTED_EDGE('7764',*,*,#5499,.F.);
#5502=ORIENTED_EDGE('7689',*,*,#5501,.T.);
#5504=ORIENTED_EDGE('8149',*,*,#5503,.F.);
#5506=ORIENTED_EDGE('8176',*,*,#5505,.F.);
#5508=ORIENTED_EDGE('8131',*,*,#5507,.F.);
#5510=ORIENTED_EDGE('7765',*,*,#5509,.F.);
#5512=ORIENTED_EDGE('7766',*,*,#5511,.F.);
#5514=ORIENTED_EDGE('7767',*,*,#5513,.F.);
#5516=ORIENTED_EDGE('8121',*,*,#5515,.F.);
#5518=ORIENTED_EDGE('7815',*,*,#5517,.F.);
#5520=ORIENTED_EDGE('8079',*,*,#5519,.F.);
#5522=ORIENTED_EDGE('7768',*,*,#5521,.F.);
#5524=ORIENTED_EDGE('7769',*,*,#5523,.T.);
#5526=ORIENTED_EDGE('7770',*,*,#5525,.F.);
#5527=EDGE_LOOP('9915',(#5371,#5373,#5375,#5377,#5379,#5381,#5383,#5385,#5387,
#5389,#5390,#5392,#5394,#5396,#5398,#5399,#5401,#5403,#5405,#5407,#5409,#5411,
#5413,#5415,#5417,#5419,#5421,#5423,#5425,#5427,#5429,#5431,#5433,#5435,#5437,
#5439,#5441,#5443,#5445,#5447,#5449,#5451,#5453,#5455,#5457,#5459,#5461,#5463,
#5465,#5467,#5469,#5471,#5473,#5475,#5477,#5479,#5481,#5483,#5485,#5487,#5489,
#5491,#5493,#5494,#5496,#5498,#5500,#5502,#5504,#5506,#5508,#5510,#5512,#5514,
#5516,#5518,#5520,#5522,#5524,#5526));
#5528=FACE_OUTER_BOUND('9915',#5527,.F.);
#5529=ADVANCED_FACE('9915',(#5528),#5369,.F.);
#5530=CARTESIAN_POINT('',(5.2E0,-1.465547082069E0,1.85E0));
#5531=DIRECTION('',(0.E0,1.E0,0.E0));
#5532=DIRECTION('',(0.E0,0.E0,-1.E0));
#5533=AXIS2_PLACEMENT_3D('',#5530,#5531,#5532);
#5534=CYLINDRICAL_SURFACE('9916',#5533,2.E-1);
#5535=ORIENTED_EDGE('7736',*,*,#5370,.F.);
#5537=ORIENTED_EDGE('7771',*,*,#5536,.F.);
#5539=ORIENTED_EDGE('8086',*,*,#5538,.F.);
#5541=ORIENTED_EDGE('7772',*,*,#5540,.F.);
#5542=EDGE_LOOP('9916',(#5535,#5537,#5539,#5541));
#5543=FACE_OUTER_BOUND('9916',#5542,.F.);
#5544=ADVANCED_FACE('9916',(#5543),#5534,.T.);
#5545=CARTESIAN_POINT('',(5.E0,-1.35E0,2.25E0));
#5546=DIRECTION('',(1.E0,0.E0,0.E0));
#5547=DIRECTION('',(0.E0,0.E0,-1.E0));
#5548=AXIS2_PLACEMENT_3D('',#5545,#5546,#5547);
#5549=PLANE('9917',#5548);
#5550=ORIENTED_EDGE('7770',*,*,#5525,.T.);
#5552=ORIENTED_EDGE('7774',*,*,#5551,.F.);
#5554=ORIENTED_EDGE('8087',*,*,#5553,.F.);
#5555=ORIENTED_EDGE('7771',*,*,#5536,.T.);
#5556=EDGE_LOOP('9917',(#5550,#5552,#5554,#5555));
#5557=FACE_OUTER_BOUND('9917',#5556,.F.);
#5558=ADVANCED_FACE('9917',(#5557),#5549,.F.);
#5559=CARTESIAN_POINT('',(5.2E0,-1.465547082069E0,2.65E0));
#5560=DIRECTION('',(0.E0,1.E0,0.E0));
#5561=DIRECTION('',(-1.E0,0.E0,0.E0));
#5562=AXIS2_PLACEMENT_3D('',#5559,#5560,#5561);
#5563=CYLINDRICAL_SURFACE('9918',#5562,2.E-1);
#5564=ORIENTED_EDGE('7769',*,*,#5523,.F.);
#5566=ORIENTED_EDGE('7773',*,*,#5565,.F.);
#5568=ORIENTED_EDGE('8088',*,*,#5567,.F.);
#5569=ORIENTED_EDGE('7774',*,*,#5551,.T.);
#5570=EDGE_LOOP('9918',(#5564,#5566,#5568,#5569));
#5571=FACE_OUTER_BOUND('9918',#5570,.F.);
#5572=ADVANCED_FACE('9918',(#5571),#5563,.T.);
#5573=CARTESIAN_POINT('',(5.6E0,-1.25E0,2.85E0));
#5574=DIRECTION('',(0.E0,0.E0,1.E0));
#5575=DIRECTION('',(0.E0,-1.E0,0.E0));
#5576=AXIS2_PLACEMENT_3D('',#5573,#5574,#5575);
#5577=PLANE('9919',#5576);
#5579=ORIENTED_EDGE('7775',*,*,#5578,.T.);
#5581=ORIENTED_EDGE('8089',*,*,#5580,.F.);
#5582=ORIENTED_EDGE('7773',*,*,#5565,.T.);
#5583=ORIENTED_EDGE('7768',*,*,#5521,.T.);
#5585=ORIENTED_EDGE('8078',*,*,#5584,.T.);
#5587=ORIENTED_EDGE('8601',*,*,#5586,.F.);
#5588=EDGE_LOOP('9919',(#5579,#5581,#5582,#5583,#5585,#5587));
#5589=FACE_OUTER_BOUND('9919',#5588,.F.);
#5590=ADVANCED_FACE('9919',(#5589),#5577,.T.);
#5591=CARTESIAN_POINT('',(5.6E0,-1.05E0,2.874E0));
#5592=DIRECTION('',(0.E0,0.E0,-1.E0));
#5593=DIRECTION('',(0.E0,-1.E0,0.E0));
#5594=AXIS2_PLACEMENT_3D('',#5591,#5592,#5593);
#5595=CYLINDRICAL_SURFACE('9920',#5594,4.E-1);
#5596=ORIENTED_EDGE('7775',*,*,#5578,.F.);
#5598=ORIENTED_EDGE('7776',*,*,#5597,.F.);
#5600=ORIENTED_EDGE('8085',*,*,#5599,.F.);
#5602=ORIENTED_EDGE('7777',*,*,#5601,.F.);
#5603=EDGE_LOOP('9920',(#5596,#5598,#5600,#5602));
#5604=FACE_OUTER_BOUND('9920',#5603,.F.);
#5605=ADVANCED_FACE('9920',(#5604),#5595,.T.);
#5606=CARTESIAN_POINT('',(6.E0,-2.5E-1,2.3E0));
#5607=DIRECTION('',(1.E0,0.E0,0.E0));
#5608=DIRECTION('',(0.E0,1.E0,0.E0));
#5609=AXIS2_PLACEMENT_3D('',#5606,#5607,#5608);
#5610=PLANE('9921',#5609);
#5612=ORIENTED_EDGE('7784',*,*,#5611,.F.);
#5614=ORIENTED_EDGE('8016',*,*,#5613,.F.);
#5616=ORIENTED_EDGE('7785',*,*,#5615,.T.);
#5618=ORIENTED_EDGE('7786',*,*,#5617,.F.);
#5620=ORIENTED_EDGE('7870',*,*,#5619,.F.);
#5622=ORIENTED_EDGE('8102',*,*,#5621,.F.);
#5624=ORIENTED_EDGE('8101',*,*,#5623,.F.);
#5626=ORIENTED_EDGE('8100',*,*,#5625,.F.);
#5628=ORIENTED_EDGE('8096',*,*,#5627,.F.);
#5630=ORIENTED_EDGE('8093',*,*,#5629,.F.);
#5632=ORIENTED_EDGE('7787',*,*,#5631,.T.);
#5633=ORIENTED_EDGE('7776',*,*,#5597,.T.);
#5635=ORIENTED_EDGE('7788',*,*,#5634,.T.);
#5637=ORIENTED_EDGE('8599',*,*,#5636,.F.);
#5639=ORIENTED_EDGE('8595',*,*,#5638,.F.);
#5641=ORIENTED_EDGE('7789',*,*,#5640,.F.);
#5643=ORIENTED_EDGE('7805',*,*,#5642,.F.);
#5644=EDGE_LOOP('9921',(#5612,#5614,#5616,#5618,#5620,#5622,#5624,#5626,#5628,
#5630,#5632,#5633,#5635,#5637,#5639,#5641,#5643));
#5645=FACE_OUTER_BOUND('9921',#5644,.F.);
#5647=ORIENTED_EDGE('7778',*,*,#5646,.T.);
#5649=ORIENTED_EDGE('7792',*,*,#5648,.F.);
#5651=ORIENTED_EDGE('7779',*,*,#5650,.T.);
#5653=ORIENTED_EDGE('7780',*,*,#5652,.T.);
#5655=ORIENTED_EDGE('7781',*,*,#5654,.T.);
#5656=EDGE_LOOP('9921',(#5647,#5649,#5651,#5653,#5655));
#5657=FACE_BOUND('9921',#5656,.F.);
#5659=ORIENTED_EDGE('7782',*,*,#5658,.T.);
#5661=ORIENTED_EDGE('7804',*,*,#5660,.F.);
#5663=ORIENTED_EDGE('7783',*,*,#5662,.T.);
#5665=ORIENTED_EDGE('7793',*,*,#5664,.F.);
#5666=EDGE_LOOP('9921',(#5659,#5661,#5663,#5665));
#5667=FACE_BOUND('9921',#5666,.F.);
#5668=ADVANCED_FACE('9921',(#5645,#5657,#5667),#5610,.T.);
#5669=CARTESIAN_POINT('',(5.75E0,-2.25E-1,4.E0));
#5670=DIRECTION('',(0.E0,0.E0,1.E0));
#5671=DIRECTION('',(1.E0,0.E0,0.E0));
#5672=AXIS2_PLACEMENT_3D('',#5669,#5670,#5671);
#5673=PLANE('9933',#5672);
#5675=ORIENTED_EDGE('7813',*,*,#5674,.F.);
#5677=ORIENTED_EDGE('7814',*,*,#5676,.T.);
#5678=ORIENTED_EDGE('7815',*,*,#5517,.T.);
#5680=ORIENTED_EDGE('8120',*,*,#5679,.F.);
#5682=ORIENTED_EDGE('7816',*,*,#5681,.F.);
#5684=ORIENTED_EDGE('7817',*,*,#5683,.T.);
#5686=ORIENTED_EDGE('7818',*,*,#5685,.F.);
#5688=ORIENTED_EDGE('7819',*,*,#5687,.F.);
#5689=ORIENTED_EDGE('7784',*,*,#5611,.T.);
#5691=ORIENTED_EDGE('7820',*,*,#5690,.T.);
#5692=EDGE_LOOP('9933',(#5675,#5677,#5678,#5680,#5682,#5684,#5686,#5688,#5689,
#5691));
#5693=FACE_OUTER_BOUND('9933',#5692,.F.);
#5694=ADVANCED_FACE('9933',(#5693),#5673,.T.);
#5695=CARTESIAN_POINT('',(5.8E0,-8.5E-1,3.825E0));
#5696=DIRECTION('',(1.E0,0.E0,0.E0));
#5697=DIRECTION('',(0.E0,1.E0,0.E0));
#5698=AXIS2_PLACEMENT_3D('',#5695,#5696,#5697);
#5699=PLANE('9935',#5698);
#5700=ORIENTED_EDGE('7813',*,*,#5674,.T.);
#5702=ORIENTED_EDGE('7808',*,*,#5701,.T.);
#5704=ORIENTED_EDGE('8591',*,*,#5703,.F.);
#5706=ORIENTED_EDGE('8596',*,*,#5705,.F.);
#5708=ORIENTED_EDGE('8597',*,*,#5707,.F.);
#5710=ORIENTED_EDGE('8076',*,*,#5709,.F.);
#5711=EDGE_LOOP('9935',(#5700,#5702,#5704,#5706,#5708,#5710));
#5712=FACE_OUTER_BOUND('9935',#5711,.F.);
#5713=ADVANCED_FACE('9935',(#5712),#5699,.F.);
#5714=CARTESIAN_POINT('',(5.9E0,-6.E-1,4.3E0));
#5715=DIRECTION('',(0.E0,1.E0,0.E0));
#5716=DIRECTION('',(0.E0,0.E0,-1.E0));
#5717=AXIS2_PLACEMENT_3D('',#5714,#5715,#5716);
#5718=PLANE('9930',#5717);
#5719=ORIENTED_EDGE('7820',*,*,#5690,.F.);
#5720=ORIENTED_EDGE('7805',*,*,#5642,.T.);
#5722=ORIENTED_EDGE('7806',*,*,#5721,.F.);
#5724=ORIENTED_EDGE('7807',*,*,#5723,.T.);
#5725=ORIENTED_EDGE('7808',*,*,#5701,.F.);
#5726=EDGE_LOOP('9930',(#5719,#5720,#5722,#5724,#5725));
#5727=FACE_OUTER_BOUND('9930',#5726,.F.);
#5728=ADVANCED_FACE('9930',(#5727),#5718,.T.);
#5729=CARTESIAN_POINT('',(5.95E0,-8.5E-1,4.6E0));
#5730=DIRECTION('',(0.E0,0.E0,1.E0));
#5731=DIRECTION('',(0.E0,1.E0,0.E0));
#5732=AXIS2_PLACEMENT_3D('',#5729,#5730,#5731);
#5733=PLANE('10227',#5732);
#5735=ORIENTED_EDGE('8592',*,*,#5734,.T.);
#5736=ORIENTED_EDGE('7806',*,*,#5721,.T.);
#5737=ORIENTED_EDGE('7789',*,*,#5640,.T.);
#5739=ORIENTED_EDGE('8594',*,*,#5738,.T.);
#5740=EDGE_LOOP('10227',(#5735,#5736,#5737,#5739));
#5741=FACE_OUTER_BOUND('10227',#5740,.F.);
#5742=ADVANCED_FACE('10227',(#5741),#5733,.T.);
#5743=CARTESIAN_POINT('',(5.85E0,-8.5E-1,4.55E0));
#5744=DIRECTION('',(7.071067811865E-1,0.E0,-7.071067811865E-1));
#5745=DIRECTION('',(0.E0,-1.E0,0.E0));
#5746=AXIS2_PLACEMENT_3D('',#5743,#5744,#5745);
#5747=PLANE('10225',#5746);
#5749=ORIENTED_EDGE('8593',*,*,#5748,.F.);
#5750=ORIENTED_EDGE('8591',*,*,#5703,.T.);
#5751=ORIENTED_EDGE('7807',*,*,#5723,.F.);
#5752=ORIENTED_EDGE('8592',*,*,#5734,.F.);
#5753=EDGE_LOOP('10225',(#5749,#5750,#5751,#5752));
#5754=FACE_OUTER_BOUND('10225',#5753,.F.);
#5755=ADVANCED_FACE('10225',(#5754),#5747,.F.);
#5756=CARTESIAN_POINT('',(5.9E0,-1.1E0,3.875E0));
#5757=DIRECTION('',(0.E0,1.E0,0.E0));
#5758=DIRECTION('',(0.E0,0.E0,-1.E0));
#5759=AXIS2_PLACEMENT_3D('',#5756,#5757,#5758);
#5760=PLANE('10226',#5759);
#5761=ORIENTED_EDGE('8593',*,*,#5748,.T.);
#5762=ORIENTED_EDGE('8594',*,*,#5738,.F.);
#5763=ORIENTED_EDGE('8595',*,*,#5638,.T.);
#5765=ORIENTED_EDGE('8598',*,*,#5764,.F.);
#5766=ORIENTED_EDGE('8596',*,*,#5705,.T.);
#5767=EDGE_LOOP('10226',(#5761,#5762,#5763,#5765,#5766));
#5768=FACE_OUTER_BOUND('10226',#5767,.F.);
#5769=ADVANCED_FACE('10226',(#5768),#5760,.F.);
#5770=CARTESIAN_POINT('',(5.9E0,-1.075E0,3.15E0));
#5771=DIRECTION('',(0.E0,0.E0,1.E0));
#5772=DIRECTION('',(0.E0,1.E0,0.E0));
#5773=AXIS2_PLACEMENT_3D('',#5770,#5771,#5772);
#5774=PLANE('10228',#5773);
#5775=ORIENTED_EDGE('8597',*,*,#5707,.T.);
#5776=ORIENTED_EDGE('8598',*,*,#5764,.T.);
#5777=ORIENTED_EDGE('8599',*,*,#5636,.T.);
#5779=ORIENTED_EDGE('8600',*,*,#5778,.F.);
#5780=EDGE_LOOP('10228',(#5775,#5776,#5777,#5779));
#5781=FACE_OUTER_BOUND('10228',#5780,.F.);
#5782=ADVANCED_FACE('10228',(#5781),#5774,.F.);
#5783=CARTESIAN_POINT('',(5.784452917931E0,-1.05E0,3.E0));
#5784=DIRECTION('',(1.E0,0.E0,0.E0));
#5785=DIRECTION('',(0.E0,0.E0,-1.E0));
#5786=AXIS2_PLACEMENT_3D('',#5783,#5784,#5785);
#5787=CYLINDRICAL_SURFACE('10229',#5786,1.5E-1);
#5789=ORIENTED_EDGE('7802',*,*,#5788,.F.);
#5790=ORIENTED_EDGE('8600',*,*,#5778,.T.);
#5791=ORIENTED_EDGE('7788',*,*,#5634,.F.);
#5792=ORIENTED_EDGE('8601',*,*,#5586,.T.);
#5793=EDGE_LOOP('10229',(#5789,#5790,#5791,#5792));
#5794=FACE_OUTER_BOUND('10229',#5793,.F.);
#5795=ADVANCED_FACE('10229',(#5794),#5787,.F.);
#5796=CARTESIAN_POINT('',(5.8E0,-9.750007249831E-1,3.E0));
#5797=DIRECTION('',(1.E0,0.E0,0.E0));
#5798=DIRECTION('',(0.E0,1.E0,0.E0));
#5799=AXIS2_PLACEMENT_3D('',#5796,#5797,#5798);
#5800=PLANE('9927',#5799);
#5801=ORIENTED_EDGE('7802',*,*,#5788,.T.);
#5803=ORIENTED_EDGE('8077',*,*,#5802,.F.);
#5804=EDGE_LOOP('9927',(#5801,#5803));
#5805=FACE_OUTER_BOUND('9927',#5804,.F.);
#5806=ADVANCED_FACE('9927',(#5805),#5800,.T.);
#5807=CARTESIAN_POINT('',(5.6E0,-1.05E0,4.078E0));
#5808=DIRECTION('',(0.E0,0.E0,-1.E0));
#5809=DIRECTION('',(1.E0,0.E0,0.E0));
#5810=AXIS2_PLACEMENT_3D('',#5807,#5808,#5809);
#5811=CYLINDRICAL_SURFACE('10021',#5810,2.E-1);
#5812=ORIENTED_EDGE('8076',*,*,#5709,.T.);
#5813=ORIENTED_EDGE('8077',*,*,#5802,.T.);
#5814=ORIENTED_EDGE('8078',*,*,#5584,.F.);
#5815=ORIENTED_EDGE('8079',*,*,#5519,.T.);
#5816=ORIENTED_EDGE('7814',*,*,#5676,.F.);
#5817=EDGE_LOOP('10021',(#5812,#5813,#5814,#5815,#5816));
#5818=FACE_OUTER_BOUND('10021',#5817,.F.);
#5819=ADVANCED_FACE('10021',(#5818),#5811,.T.);
#5820=CARTESIAN_POINT('',(5.5E0,-2.25E-1,3.55E0));
#5821=DIRECTION('',(1.E0,0.E0,0.E0));
#5822=DIRECTION('',(0.E0,1.E0,0.E0));
#5823=AXIS2_PLACEMENT_3D('',#5820,#5821,#5822);
#5824=PLANE('10036',#5823);
#5826=ORIENTED_EDGE('8117',*,*,#5825,.F.);
#5828=ORIENTED_EDGE('8118',*,*,#5827,.T.);
#5830=ORIENTED_EDGE('8119',*,*,#5829,.F.);
#5831=ORIENTED_EDGE('8120',*,*,#5679,.T.);
#5832=ORIENTED_EDGE('8121',*,*,#5515,.T.);
#5834=ORIENTED_EDGE('8122',*,*,#5833,.F.);
#5836=ORIENTED_EDGE('8123',*,*,#5835,.F.);
#5838=ORIENTED_EDGE('8124',*,*,#5837,.F.);
#5840=ORIENTED_EDGE('8125',*,*,#5839,.F.);
#5842=ORIENTED_EDGE('8126',*,*,#5841,.F.);
#5844=ORIENTED_EDGE('8127',*,*,#5843,.F.);
#5846=ORIENTED_EDGE('8128',*,*,#5845,.F.);
#5848=ORIENTED_EDGE('8129',*,*,#5847,.T.);
#5849=EDGE_LOOP('10036',(#5826,#5828,#5830,#5831,#5832,#5834,#5836,#5838,#5840,
#5842,#5844,#5846,#5848));
#5850=FACE_OUTER_BOUND('10036',#5849,.F.);
#5851=ADVANCED_FACE('10036',(#5850),#5824,.F.);
#5852=CARTESIAN_POINT('',(5.425E0,7.E-1,1.55E0));
#5853=DIRECTION('',(0.E0,1.E0,0.E0));
#5854=DIRECTION('',(0.E0,0.E0,1.E0));
#5855=AXIS2_PLACEMENT_3D('',#5852,#5853,#5854);
#5856=PLANE('10039',#5855);
#5858=ORIENTED_EDGE('8139',*,*,#5857,.F.);
#5860=ORIENTED_EDGE('8192',*,*,#5859,.F.);
#5862=ORIENTED_EDGE('8197',*,*,#5861,.F.);
#5864=ORIENTED_EDGE('8138',*,*,#5863,.F.);
#5865=ORIENTED_EDGE('8117',*,*,#5825,.T.);
#5867=ORIENTED_EDGE('8152',*,*,#5866,.F.);
#5868=EDGE_LOOP('10039',(#5858,#5860,#5862,#5864,#5865,#5867));
#5869=FACE_OUTER_BOUND('10039',#5868,.F.);
#5870=ADVANCED_FACE('10039',(#5869),#5856,.T.);
#5871=CARTESIAN_POINT('',(5.35E0,-2.25E-1,3.55E0));
#5872=DIRECTION('',(1.E0,0.E0,0.E0));
#5873=DIRECTION('',(0.E0,-1.E0,0.E0));
#5874=AXIS2_PLACEMENT_3D('',#5871,#5872,#5873);
#5875=PLANE('10040',#5874);
#5876=ORIENTED_EDGE('8139',*,*,#5857,.T.);
#5878=ORIENTED_EDGE('8140',*,*,#5877,.T.);
#5880=ORIENTED_EDGE('8141',*,*,#5879,.F.);
#5882=ORIENTED_EDGE('8142',*,*,#5881,.F.);
#5884=ORIENTED_EDGE('8143',*,*,#5883,.F.);
#5886=ORIENTED_EDGE('8144',*,*,#5885,.F.);
#5888=ORIENTED_EDGE('8145',*,*,#5887,.F.);
#5890=ORIENTED_EDGE('8146',*,*,#5889,.F.);
#5892=ORIENTED_EDGE('8147',*,*,#5891,.F.);
#5894=ORIENTED_EDGE('8148',*,*,#5893,.F.);
#5896=ORIENTED_EDGE('8177',*,*,#5895,.F.);
#5897=ORIENTED_EDGE('8149',*,*,#5503,.T.);
#5899=ORIENTED_EDGE('7688',*,*,#5898,.T.);
#5901=ORIENTED_EDGE('7703',*,*,#5900,.T.);
#5903=ORIENTED_EDGE('7854',*,*,#5902,.T.);
#5904=EDGE_LOOP('10040',(#5876,#5878,#5880,#5882,#5884,#5886,#5888,#5890,#5892,
#5894,#5896,#5897,#5899,#5901,#5903));
#5905=FACE_OUTER_BOUND('10040',#5904,.F.);
#5906=ADVANCED_FACE('10040',(#5905),#5875,.T.);
#5907=CARTESIAN_POINT('',(5.334452917931E0,6.E-1,3.6E0));
#5908=DIRECTION('',(1.E0,0.E0,0.E0));
#5909=DIRECTION('',(0.E0,1.E0,0.E0));
#5910=AXIS2_PLACEMENT_3D('',#5907,#5908,#5909);
#5911=CYLINDRICAL_SURFACE('10042',#5910,1.E-1);
#5912=ORIENTED_EDGE('8140',*,*,#5877,.F.);
#5913=ORIENTED_EDGE('8152',*,*,#5866,.T.);
#5914=ORIENTED_EDGE('8129',*,*,#5847,.F.);
#5916=ORIENTED_EDGE('8153',*,*,#5915,.F.);
#5917=EDGE_LOOP('10042',(#5912,#5913,#5914,#5916));
#5918=FACE_OUTER_BOUND('10042',#5917,.F.);
#5919=ADVANCED_FACE('10042',(#5918),#5911,.T.);
#5920=CARTESIAN_POINT('',(5.425E0,2.25E-1,3.7E0));
#5921=DIRECTION('',(0.E0,0.E0,1.E0));
#5922=DIRECTION('',(0.E0,-1.E0,0.E0));
#5923=AXIS2_PLACEMENT_3D('',#5920,#5921,#5922);
#5924=PLANE('10043',#5923);
#5925=ORIENTED_EDGE('8141',*,*,#5879,.T.);
#5926=ORIENTED_EDGE('8153',*,*,#5915,.T.);
#5927=ORIENTED_EDGE('8128',*,*,#5845,.T.);
#5929=ORIENTED_EDGE('8154',*,*,#5928,.F.);
#5930=EDGE_LOOP('10043',(#5925,#5926,#5927,#5929));
#5931=FACE_OUTER_BOUND('10043',#5930,.F.);
#5932=ADVANCED_FACE('10043',(#5931),#5924,.T.);
#5933=CARTESIAN_POINT('',(5.425E0,-1.5E-1,3.8E0));
#5934=DIRECTION('',(0.E0,1.E0,0.E0));
#5935=DIRECTION('',(0.E0,0.E0,-1.E0));
#5936=AXIS2_PLACEMENT_3D('',#5933,#5934,#5935);
#5937=PLANE('10044',#5936);
#5938=ORIENTED_EDGE('8142',*,*,#5881,.T.);
#5939=ORIENTED_EDGE('8154',*,*,#5928,.T.);
#5940=ORIENTED_EDGE('8127',*,*,#5843,.T.);
#5942=ORIENTED_EDGE('8155',*,*,#5941,.F.);
#5943=EDGE_LOOP('10044',(#5938,#5939,#5940,#5942));
#5944=FACE_OUTER_BOUND('10044',#5943,.F.);
#5945=ADVANCED_FACE('10044',(#5944),#5937,.T.);
#5946=CARTESIAN_POINT('',(5.425E0,-4.5E-1,3.9E0));
#5947=DIRECTION('',(0.E0,0.E0,1.E0));
#5948=DIRECTION('',(0.E0,1.E0,0.E0));
#5949=AXIS2_PLACEMENT_3D('',#5946,#5947,#5948);
#5950=PLANE('10045',#5949);
#5951=ORIENTED_EDGE('8143',*,*,#5883,.T.);
#5952=ORIENTED_EDGE('8155',*,*,#5941,.T.);
#5953=ORIENTED_EDGE('8126',*,*,#5841,.T.);
#5955=ORIENTED_EDGE('8156',*,*,#5954,.F.);
#5956=EDGE_LOOP('10045',(#5951,#5952,#5953,#5955));
#5957=FACE_OUTER_BOUND('10045',#5956,.F.);
#5958=ADVANCED_FACE('10045',(#5957),#5950,.T.);
#5959=CARTESIAN_POINT('',(5.425E0,-7.5E-1,3.8E0));
#5960=DIRECTION('',(0.E0,1.E0,0.E0));
#5961=DIRECTION('',(0.E0,0.E0,1.E0));
#5962=AXIS2_PLACEMENT_3D('',#5959,#5960,#5961);
#5963=PLANE('10046',#5962);
#5964=ORIENTED_EDGE('8144',*,*,#5885,.T.);
#5965=ORIENTED_EDGE('8156',*,*,#5954,.T.);
#5966=ORIENTED_EDGE('8125',*,*,#5839,.T.);
#5968=ORIENTED_EDGE('8157',*,*,#5967,.F.);
#5969=EDGE_LOOP('10046',(#5964,#5965,#5966,#5968));
#5970=FACE_OUTER_BOUND('10046',#5969,.F.);
#5971=ADVANCED_FACE('10046',(#5970),#5963,.F.);
#5972=CARTESIAN_POINT('',(5.425E0,-9.5E-1,3.7E0));
#5973=DIRECTION('',(0.E0,0.E0,1.E0));
#5974=DIRECTION('',(0.E0,-1.E0,0.E0));
#5975=AXIS2_PLACEMENT_3D('',#5972,#5973,#5974);
#5976=PLANE('10047',#5975);
#5977=ORIENTED_EDGE('8145',*,*,#5887,.T.);
#5978=ORIENTED_EDGE('8157',*,*,#5967,.T.);
#5979=ORIENTED_EDGE('8124',*,*,#5837,.T.);
#5981=ORIENTED_EDGE('8158',*,*,#5980,.F.);
#5982=EDGE_LOOP('10047',(#5977,#5978,#5979,#5981));
#5983=FACE_OUTER_BOUND('10047',#5982,.F.);
#5984=ADVANCED_FACE('10047',(#5983),#5976,.T.);
#5985=CARTESIAN_POINT('',(5.425E0,-1.15E0,3.65E0));
#5986=DIRECTION('',(0.E0,1.E0,0.E0));
#5987=DIRECTION('',(0.E0,0.E0,-1.E0));
#5988=AXIS2_PLACEMENT_3D('',#5985,#5986,#5987);
#5989=PLANE('10048',#5988);
#5990=ORIENTED_EDGE('8146',*,*,#5889,.T.);
#5991=ORIENTED_EDGE('8158',*,*,#5980,.T.);
#5992=ORIENTED_EDGE('8123',*,*,#5835,.T.);
#5994=ORIENTED_EDGE('8164',*,*,#5993,.F.);
#5995=EDGE_LOOP('10048',(#5990,#5991,#5992,#5994));
#5996=FACE_OUTER_BOUND('10048',#5995,.F.);
#5997=ADVANCED_FACE('10048',(#5996),#5989,.F.);
#5998=CARTESIAN_POINT('',(5.675E0,-1.3E0,3.6E0));
#5999=DIRECTION('',(0.E0,0.E0,1.E0));
#6000=DIRECTION('',(-1.E0,0.E0,0.E0));
#6001=AXIS2_PLACEMENT_3D('',#5998,#5999,#6000);
#6002=PLANE('10049',#6001);
#6004=ORIENTED_EDGE('8159',*,*,#6003,.T.);
#6006=ORIENTED_EDGE('8160',*,*,#6005,.F.);
#6008=ORIENTED_EDGE('8161',*,*,#6007,.F.);
#6010=ORIENTED_EDGE('8162',*,*,#6009,.F.);
#6012=ORIENTED_EDGE('8163',*,*,#6011,.T.);
#6013=ORIENTED_EDGE('8164',*,*,#5993,.T.);
#6014=ORIENTED_EDGE('8122',*,*,#5833,.T.);
#6015=ORIENTED_EDGE('7767',*,*,#5513,.T.);
#6016=EDGE_LOOP('10049',(#6004,#6006,#6008,#6010,#6012,#6013,#6014,#6015));
#6017=FACE_OUTER_BOUND('10049',#6016,.F.);
#6018=ADVANCED_FACE('10049',(#6017),#6002,.T.);
#6019=CARTESIAN_POINT('',(5.65E0,-1.15E0,3.184452917931E0));
#6020=DIRECTION('',(0.E0,0.E0,1.E0));
#6021=DIRECTION('',(0.E0,-1.E0,0.E0));
#6022=AXIS2_PLACEMENT_3D('',#6019,#6020,#6021);
#6023=CYLINDRICAL_SURFACE('10050',#6022,1.5E-1);
#6024=ORIENTED_EDGE('7766',*,*,#5511,.T.);
#6026=ORIENTED_EDGE('8168',*,*,#6025,.F.);
#6028=ORIENTED_EDGE('8165',*,*,#6027,.F.);
#6029=ORIENTED_EDGE('8159',*,*,#6003,.F.);
#6030=EDGE_LOOP('10050',(#6024,#6026,#6028,#6029));
#6031=FACE_OUTER_BOUND('10050',#6030,.F.);
#6032=ADVANCED_FACE('10050',(#6031),#6023,.F.);
#6033=CARTESIAN_POINT('',(5.675E0,-1.3E0,3.2E0));
#6034=DIRECTION('',(0.E0,0.E0,1.E0));
#6035=DIRECTION('',(0.E0,-1.E0,0.E0));
#6036=AXIS2_PLACEMENT_3D('',#6033,#6034,#6035);
#6037=PLANE('10051',#6036);
#6039=ORIENTED_EDGE('8166',*,*,#6038,.T.);
#6041=ORIENTED_EDGE('8167',*,*,#6040,.F.);
#6043=ORIENTED_EDGE('8171',*,*,#6042,.F.);
#6045=ORIENTED_EDGE('8173',*,*,#6044,.F.);
#6046=ORIENTED_EDGE('8168',*,*,#6025,.T.);
#6047=ORIENTED_EDGE('7765',*,*,#5509,.T.);
#6049=ORIENTED_EDGE('8130',*,*,#6048,.T.);
#6051=ORIENTED_EDGE('8174',*,*,#6050,.F.);
#6052=EDGE_LOOP('10051',(#6039,#6041,#6043,#6045,#6046,#6047,#6049,#6051));
#6053=FACE_OUTER_BOUND('10051',#6052,.F.);
#6054=ADVANCED_FACE('10051',(#6053),#6037,.F.);
#6055=CARTESIAN_POINT('',(5.65E0,-1.15E0,3.184452917931E0));
#6056=DIRECTION('',(0.E0,0.E0,1.E0));
#6057=DIRECTION('',(0.E0,-1.E0,0.E0));
#6058=AXIS2_PLACEMENT_3D('',#6055,#6056,#6057);
#6059=CYLINDRICAL_SURFACE('10052',#6058,3.E-1);
#6060=ORIENTED_EDGE('8147',*,*,#5891,.T.);
#6061=ORIENTED_EDGE('8163',*,*,#6011,.F.);
#6063=ORIENTED_EDGE('8169',*,*,#6062,.F.);
#6064=ORIENTED_EDGE('8166',*,*,#6038,.F.);
#6065=EDGE_LOOP('10052',(#6060,#6061,#6063,#6064));
#6066=FACE_OUTER_BOUND('10052',#6065,.F.);
#6067=ADVANCED_FACE('10052',(#6066),#6059,.T.);
#6068=CARTESIAN_POINT('',(5.825E0,-1.45E0,3.4E0));
#6069=DIRECTION('',(0.E0,1.E0,0.E0));
#6070=DIRECTION('',(1.E0,0.E0,0.E0));
#6071=AXIS2_PLACEMENT_3D('',#6068,#6069,#6070);
#6072=PLANE('10053',#6071);
#6073=ORIENTED_EDGE('8167',*,*,#6040,.T.);
#6074=ORIENTED_EDGE('8169',*,*,#6062,.T.);
#6075=ORIENTED_EDGE('8162',*,*,#6009,.T.);
#6077=ORIENTED_EDGE('8172',*,*,#6076,.F.);
#6078=EDGE_LOOP('10053',(#6073,#6074,#6075,#6077));
#6079=FACE_OUTER_BOUND('10053',#6078,.F.);
#6080=ADVANCED_FACE('10053',(#6079),#6072,.F.);
#6081=CARTESIAN_POINT('',(6.E0,-1.375E0,3.4E0));
#6082=DIRECTION('',(1.E0,0.E0,0.E0));
#6083=DIRECTION('',(0.E0,0.E0,1.E0));
#6084=AXIS2_PLACEMENT_3D('',#6081,#6082,#6083);
#6085=PLANE('10054',#6084);
#6087=ORIENTED_EDGE('8170',*,*,#6086,.F.);
#6088=ORIENTED_EDGE('8171',*,*,#6042,.T.);
#6089=ORIENTED_EDGE('8172',*,*,#6076,.T.);
#6090=ORIENTED_EDGE('8161',*,*,#6007,.T.);
#6091=EDGE_LOOP('10054',(#6087,#6088,#6089,#6090));
#6092=FACE_OUTER_BOUND('10054',#6091,.F.);
#6093=ADVANCED_FACE('10054',(#6092),#6085,.T.);
#6094=CARTESIAN_POINT('',(5.825E0,-1.3E0,3.4E0));
#6095=DIRECTION('',(0.E0,1.E0,0.E0));
#6096=DIRECTION('',(1.E0,0.E0,0.E0));
#6097=AXIS2_PLACEMENT_3D('',#6094,#6095,#6096);
#6098=PLANE('10055',#6097);
#6099=ORIENTED_EDGE('8173',*,*,#6044,.T.);
#6100=ORIENTED_EDGE('8170',*,*,#6086,.T.);
#6101=ORIENTED_EDGE('8160',*,*,#6005,.T.);
#6102=ORIENTED_EDGE('8165',*,*,#6027,.T.);
#6103=EDGE_LOOP('10055',(#6099,#6100,#6101,#6102));
#6104=FACE_OUTER_BOUND('10055',#6103,.F.);
#6105=ADVANCED_FACE('10055',(#6104),#6098,.T.);
#6106=CARTESIAN_POINT('',(5.5E0,-1.2E0,3.15E0));
#6107=DIRECTION('',(1.E0,0.E0,0.E0));
#6108=DIRECTION('',(0.E0,1.E0,0.E0));
#6109=AXIS2_PLACEMENT_3D('',#6106,#6107,#6108);
#6110=PLANE('10037',#6109);
#6111=ORIENTED_EDGE('8130',*,*,#6048,.F.);
#6112=ORIENTED_EDGE('8131',*,*,#5507,.T.);
#6114=ORIENTED_EDGE('8132',*,*,#6113,.F.);
#6116=ORIENTED_EDGE('8133',*,*,#6115,.F.);
#6117=EDGE_LOOP('10037',(#6111,#6112,#6114,#6116));
#6118=FACE_OUTER_BOUND('10037',#6117,.F.);
#6119=ADVANCED_FACE('10037',(#6118),#6110,.F.);
#6120=CARTESIAN_POINT('',(5.425E0,-1.2E0,3.1E0));
#6121=DIRECTION('',(0.E0,0.E0,1.E0));
#6122=DIRECTION('',(1.E0,0.E0,0.E0));
#6123=AXIS2_PLACEMENT_3D('',#6120,#6121,#6122);
#6124=PLANE('10057',#6123);
#6126=ORIENTED_EDGE('8175',*,*,#6125,.T.);
#6127=ORIENTED_EDGE('8132',*,*,#6113,.T.);
#6128=ORIENTED_EDGE('8176',*,*,#5505,.T.);
#6129=ORIENTED_EDGE('8177',*,*,#5895,.T.);
#6130=EDGE_LOOP('10057',(#6126,#6127,#6128,#6129));
#6131=FACE_OUTER_BOUND('10057',#6130,.F.);
#6132=ADVANCED_FACE('10057',(#6131),#6124,.T.);
#6133=CARTESIAN_POINT('',(5.425E0,-1.15E0,3.15E0));
#6134=DIRECTION('',(0.E0,1.E0,0.E0));
#6135=DIRECTION('',(0.E0,0.E0,-1.E0));
#6136=AXIS2_PLACEMENT_3D('',#6133,#6134,#6135);
#6137=PLANE('10056',#6136);
#6138=ORIENTED_EDGE('8148',*,*,#5893,.T.);
#6139=ORIENTED_EDGE('8174',*,*,#6050,.T.);
#6140=ORIENTED_EDGE('8133',*,*,#6115,.T.);
#6141=ORIENTED_EDGE('8175',*,*,#6125,.F.);
#6142=EDGE_LOOP('10056',(#6138,#6139,#6140,#6141));
#6143=FACE_OUTER_BOUND('10056',#6142,.F.);
#6144=ADVANCED_FACE('10056',(#6143),#6137,.F.);
#6145=CARTESIAN_POINT('',(5.241421356237E0,-2.25E-1,4.E0));
#6146=DIRECTION('',(0.E0,0.E0,1.E0));
#6147=DIRECTION('',(1.E0,0.E0,0.E0));
#6148=AXIS2_PLACEMENT_3D('',#6145,#6146,#6147);
#6149=PLANE('9907',#6148);
#6151=ORIENTED_EDGE('7687',*,*,#6150,.T.);
#6153=ORIENTED_EDGE('7704',*,*,#6152,.F.);
#6154=ORIENTED_EDGE('7688',*,*,#5898,.F.);
#6155=ORIENTED_EDGE('7689',*,*,#5501,.F.);
#6157=ORIENTED_EDGE('7690',*,*,#6156,.T.);
#6158=EDGE_LOOP('9907',(#6151,#6153,#6154,#6155,#6157));
#6159=FACE_OUTER_BOUND('9907',#6158,.F.);
#6160=ADVANCED_FACE('9907',(#6159),#6149,.T.);
#6161=CARTESIAN_POINT('',(5.15E0,-1.75E-1,4.3E0));
#6162=DIRECTION('',(1.E0,0.E0,0.E0));
#6163=DIRECTION('',(0.E0,0.E0,-1.E0));
#6164=AXIS2_PLACEMENT_3D('',#6161,#6162,#6163);
#6165=PLANE('9906',#6164);
#6166=ORIENTED_EDGE('7687',*,*,#6150,.F.);
#6168=ORIENTED_EDGE('8623',*,*,#6167,.F.);
#6170=ORIENTED_EDGE('8607',*,*,#6169,.F.);
#6172=ORIENTED_EDGE('7682',*,*,#6171,.T.);
#6174=ORIENTED_EDGE('7683',*,*,#6173,.T.);
#6176=ORIENTED_EDGE('8614',*,*,#6175,.F.);
#6178=ORIENTED_EDGE('7684',*,*,#6177,.T.);
#6180=ORIENTED_EDGE('7685',*,*,#6179,.T.);
#6182=ORIENTED_EDGE('8619',*,*,#6181,.F.);
#6184=ORIENTED_EDGE('7686',*,*,#6183,.T.);
#6186=ORIENTED_EDGE('7705',*,*,#6185,.F.);
#6187=EDGE_LOOP('9906',(#6166,#6168,#6170,#6172,#6174,#6176,#6178,#6180,#6182,
#6184,#6186));
#6188=FACE_OUTER_BOUND('9906',#6187,.F.);
#6189=ADVANCED_FACE('9906',(#6188),#6165,.T.);
#6190=CARTESIAN_POINT('',(4.85E0,-1.15E0,4.615547082069E0));
#6191=DIRECTION('',(0.E0,0.E0,-1.E0));
#6192=DIRECTION('',(0.E0,-1.E0,0.E0));
#6193=AXIS2_PLACEMENT_3D('',#6190,#6191,#6192);
#6194=CYLINDRICAL_SURFACE('10240',#6193,3.E-1);
#6195=ORIENTED_EDGE('7690',*,*,#6156,.F.);
#6197=ORIENTED_EDGE('8604',*,*,#6196,.F.);
#6199=ORIENTED_EDGE('8622',*,*,#6198,.F.);
#6201=ORIENTED_EDGE('8608',*,*,#6200,.F.);
#6202=ORIENTED_EDGE('8623',*,*,#6167,.T.);
#6203=EDGE_LOOP('10240',(#6195,#6197,#6199,#6201,#6202));
#6204=FACE_OUTER_BOUND('10240',#6203,.F.);
#6205=ADVANCED_FACE('10240',(#6204),#6194,.T.);
#6206=CARTESIAN_POINT('',(4.766421356238E0,-1.35E0,4.E0));
#6207=DIRECTION('',(0.E0,0.E0,1.E0));
#6208=DIRECTION('',(1.E0,0.E0,0.E0));
#6209=AXIS2_PLACEMENT_3D('',#6206,#6207,#6208);
#6210=PLANE('10230',#6209);
#6212=ORIENTED_EDGE('8602',*,*,#6211,.T.);
#6214=ORIENTED_EDGE('8603',*,*,#6213,.F.);
#6216=ORIENTED_EDGE('8629',*,*,#6215,.F.);
#6218=ORIENTED_EDGE('8625',*,*,#6217,.F.);
#6219=ORIENTED_EDGE('8604',*,*,#6196,.T.);
#6220=ORIENTED_EDGE('7764',*,*,#5499,.T.);
#6221=EDGE_LOOP('10230',(#6212,#6214,#6216,#6218,#6219,#6220));
#6222=FACE_OUTER_BOUND('10230',#6221,.F.);
#6223=ADVANCED_FACE('10230',(#6222),#6210,.F.);
#6224=CARTESIAN_POINT('',(4.85E0,-1.15E0,4.615547082069E0));
#6225=DIRECTION('',(0.E0,0.E0,-1.E0));
#6226=DIRECTION('',(0.E0,-1.E0,0.E0));
#6227=AXIS2_PLACEMENT_3D('',#6224,#6225,#6226);
#6228=CYLINDRICAL_SURFACE('9914',#6227,1.5E-1);
#6229=ORIENTED_EDGE('7763',*,*,#5497,.F.);
#6231=ORIENTED_EDGE('7730',*,*,#6230,.T.);
#6233=ORIENTED_EDGE('7734',*,*,#6232,.T.);
#6235=ORIENTED_EDGE('8605',*,*,#6234,.F.);
#6237=ORIENTED_EDGE('7735',*,*,#6236,.F.);
#6238=ORIENTED_EDGE('8602',*,*,#6211,.F.);
#6239=EDGE_LOOP('9914',(#6229,#6231,#6233,#6235,#6237,#6238));
#6240=FACE_OUTER_BOUND('9914',#6239,.F.);
#6241=ADVANCED_FACE('9914',(#6240),#6228,.F.);
#6242=CARTESIAN_POINT('',(4.95E0,-6.25E-1,4.55E0));
#6243=DIRECTION('',(7.071067811865E-1,0.E0,7.071067811865E-1));
#6244=DIRECTION('',(0.E0,-1.E0,0.E0));
#6245=AXIS2_PLACEMENT_3D('',#6242,#6243,#6244);
#6246=PLANE('9913',#6245);
#6247=ORIENTED_EDGE('7730',*,*,#6230,.F.);
#6248=ORIENTED_EDGE('7762',*,*,#5495,.F.);
#6249=ORIENTED_EDGE('7731',*,*,#5302,.F.);
#6251=ORIENTED_EDGE('7732',*,*,#6250,.T.);
#6253=ORIENTED_EDGE('7733',*,*,#6252,.T.);
#6254=EDGE_LOOP('9913',(#6247,#6248,#6249,#6251,#6253));
#6255=FACE_OUTER_BOUND('9913',#6254,.F.);
#6256=ADVANCED_FACE('9913',(#6255),#6246,.T.);
#6257=CARTESIAN_POINT('',(2.5E-2,-5.E-2,4.55E0));
#6258=DIRECTION('',(0.E0,7.071067811895E-1,7.071067811836E-1));
#6259=DIRECTION('',(-1.E0,0.E0,0.E0));
#6260=AXIS2_PLACEMENT_3D('',#6257,#6258,#6259);
#6261=PLANE('9912',#6260);
#6263=ORIENTED_EDGE('7727',*,*,#6262,.T.);
#6264=ORIENTED_EDGE('7732',*,*,#6250,.F.);
#6265=ORIENTED_EDGE('7728',*,*,#5300,.F.);
#6267=ORIENTED_EDGE('7729',*,*,#6266,.F.);
#6268=EDGE_LOOP('9912',(#6263,#6264,#6265,#6267));
#6269=FACE_OUTER_BOUND('9912',#6268,.F.);
#6270=ADVANCED_FACE('9912',(#6269),#6261,.T.);
#6271=CARTESIAN_POINT('',(7.5E-2,0.E0,2.25E0));
#6272=DIRECTION('',(0.E0,1.E0,0.E0));
#6273=DIRECTION('',(-1.E0,0.E0,0.E0));
#6274=AXIS2_PLACEMENT_3D('',#6271,#6272,#6273);
#6275=PLANE('9910',#6274);
#6277=ORIENTED_EDGE('7706',*,*,#6276,.T.);
#6278=ORIENTED_EDGE('7727',*,*,#6262,.F.);
#6280=ORIENTED_EDGE('8444',*,*,#6279,.F.);
#6282=ORIENTED_EDGE('7712',*,*,#6281,.F.);
#6284=ORIENTED_EDGE('8422',*,*,#6283,.F.);
#6286=ORIENTED_EDGE('7713',*,*,#6285,.F.);
#6288=ORIENTED_EDGE('8416',*,*,#6287,.F.);
#6290=ORIENTED_EDGE('8064',*,*,#6289,.F.);
#6292=ORIENTED_EDGE('8393',*,*,#6291,.F.);
#6294=ORIENTED_EDGE('7714',*,*,#6293,.F.);
#6296=ORIENTED_EDGE('8386',*,*,#6295,.F.);
#6298=ORIENTED_EDGE('8063',*,*,#6297,.F.);
#6300=ORIENTED_EDGE('8364',*,*,#6299,.F.);
#6302=ORIENTED_EDGE('7715',*,*,#6301,.F.);
#6304=ORIENTED_EDGE('8357',*,*,#6303,.F.);
#6306=ORIENTED_EDGE('8062',*,*,#6305,.F.);
#6308=ORIENTED_EDGE('8335',*,*,#6307,.F.);
#6310=ORIENTED_EDGE('7716',*,*,#6309,.F.);
#6312=ORIENTED_EDGE('8328',*,*,#6311,.F.);
#6314=ORIENTED_EDGE('8061',*,*,#6313,.F.);
#6316=ORIENTED_EDGE('8306',*,*,#6315,.F.);
#6318=ORIENTED_EDGE('7717',*,*,#6317,.F.);
#6320=ORIENTED_EDGE('8299',*,*,#6319,.F.);
#6322=ORIENTED_EDGE('8060',*,*,#6321,.F.);
#6324=ORIENTED_EDGE('8277',*,*,#6323,.F.);
#6326=ORIENTED_EDGE('7718',*,*,#6325,.F.);
#6328=ORIENTED_EDGE('8270',*,*,#6327,.F.);
#6330=ORIENTED_EDGE('8059',*,*,#6329,.F.);
#6332=ORIENTED_EDGE('8248',*,*,#6331,.F.);
#6334=ORIENTED_EDGE('7719',*,*,#6333,.F.);
#6336=ORIENTED_EDGE('8241',*,*,#6335,.F.);
#6338=ORIENTED_EDGE('8058',*,*,#6337,.F.);
#6340=ORIENTED_EDGE('8212',*,*,#6339,.F.);
#6342=ORIENTED_EDGE('7720',*,*,#6341,.F.);
#6344=ORIENTED_EDGE('7721',*,*,#6343,.F.);
#6346=ORIENTED_EDGE('7829',*,*,#6345,.F.);
#6347=EDGE_LOOP('9910',(#6277,#6278,#6280,#6282,#6284,#6286,#6288,#6290,#6292,
#6294,#6296,#6298,#6300,#6302,#6304,#6306,#6308,#6310,#6312,#6314,#6316,#6318,
#6320,#6322,#6324,#6326,#6328,#6330,#6332,#6334,#6336,#6338,#6340,#6342,#6344,
#6346));
#6348=FACE_OUTER_BOUND('9910',#6347,.F.);
#6349=ADVANCED_FACE('9910',(#6348),#6275,.T.);
#6350=CARTESIAN_POINT('',(5.E0,-1.75E-1,2.846410161514E0));
#6351=DIRECTION('',(1.E0,0.E0,0.E0));
#6352=DIRECTION('',(0.E0,0.E0,-1.E0));
#6353=AXIS2_PLACEMENT_3D('',#6350,#6351,#6352);
#6354=PLANE('9909',#6353);
#6355=ORIENTED_EDGE('7706',*,*,#6276,.F.);
#6357=ORIENTED_EDGE('7843',*,*,#6356,.F.);
#6359=ORIENTED_EDGE('8588',*,*,#6358,.F.);
#6361=ORIENTED_EDGE('7691',*,*,#6360,.T.);
#6363=ORIENTED_EDGE('7707',*,*,#6362,.T.);
#6365=ORIENTED_EDGE('8618',*,*,#6364,.F.);
#6367=ORIENTED_EDGE('7708',*,*,#6366,.T.);
#6369=ORIENTED_EDGE('7709',*,*,#6368,.T.);
#6371=ORIENTED_EDGE('8613',*,*,#6370,.F.);
#6373=ORIENTED_EDGE('7710',*,*,#6372,.T.);
#6375=ORIENTED_EDGE('7711',*,*,#6374,.T.);
#6377=ORIENTED_EDGE('8606',*,*,#6376,.F.);
#6378=ORIENTED_EDGE('7734',*,*,#6232,.F.);
#6379=ORIENTED_EDGE('7733',*,*,#6252,.F.);
#6380=EDGE_LOOP('9909',(#6355,#6357,#6359,#6361,#6363,#6365,#6367,#6369,#6371,
#6373,#6375,#6377,#6378,#6379));
#6381=FACE_OUTER_BOUND('9909',#6380,.F.);
#6382=ADVANCED_FACE('9909',(#6381),#6354,.F.);
#6383=CARTESIAN_POINT('',(4.824780618486E0,0.E0,8.E-1));
#6384=DIRECTION('',(0.E0,1.E0,0.E0));
#6385=DIRECTION('',(0.E0,0.E0,-1.E0));
#6386=AXIS2_PLACEMENT_3D('',#6383,#6384,#6385);
#6387=PLANE('9939',#6386);
#6389=ORIENTED_EDGE('7835',*,*,#6388,.T.);
#6391=ORIENTED_EDGE('8575',*,*,#6390,.T.);
#6393=ORIENTED_EDGE('7836',*,*,#6392,.T.);
#6395=ORIENTED_EDGE('7837',*,*,#6394,.T.);
#6397=ORIENTED_EDGE('8579',*,*,#6396,.F.);
#6399=ORIENTED_EDGE('8581',*,*,#6398,.F.);
#6401=ORIENTED_EDGE('7838',*,*,#6400,.F.);
#6403=ORIENTED_EDGE('7839',*,*,#6402,.T.);
#6405=ORIENTED_EDGE('7840',*,*,#6404,.T.);
#6407=ORIENTED_EDGE('7841',*,*,#6406,.T.);
#6409=ORIENTED_EDGE('7842',*,*,#6408,.T.);
#6410=ORIENTED_EDGE('7843',*,*,#6356,.T.);
#6412=ORIENTED_EDGE('7828',*,*,#6411,.T.);
#6414=ORIENTED_EDGE('7844',*,*,#6413,.F.);
#6415=EDGE_LOOP('9939',(#6389,#6391,#6393,#6395,#6397,#6399,#6401,#6403,#6405,
#6407,#6409,#6410,#6412,#6414));
#6416=FACE_OUTER_BOUND('9939',#6415,.F.);
#6417=ADVANCED_FACE('9939',(#6416),#6387,.F.);
#6418=CARTESIAN_POINT('',(4.8E0,-1.6E-2,1.092820323028E0));
#6419=DIRECTION('',(0.E0,1.E0,0.E0));
#6420=DIRECTION('',(0.E0,0.E0,-1.E0));
#6421=AXIS2_PLACEMENT_3D('',#6418,#6419,#6420);
#6422=CYLINDRICAL_SURFACE('9940',#6421,3.500000000004E-1);
#6423=ORIENTED_EDGE('7835',*,*,#6388,.F.);
#6425=ORIENTED_EDGE('7845',*,*,#6424,.F.);
#6427=ORIENTED_EDGE('7701',*,*,#6426,.F.);
#6429=ORIENTED_EDGE('7846',*,*,#6428,.F.);
#6430=EDGE_LOOP('9940',(#6423,#6425,#6427,#6429));
#6431=FACE_OUTER_BOUND('9940',#6430,.F.);
#6432=ADVANCED_FACE('9940',(#6431),#6422,.T.);
#6433=CARTESIAN_POINT('',(5.15E0,4.E-1,2.096410161513E0));
#6434=DIRECTION('',(1.E0,0.E0,0.E0));
#6435=DIRECTION('',(0.E0,0.E0,-1.E0));
#6436=AXIS2_PLACEMENT_3D('',#6433,#6434,#6435);
#6437=PLANE('9941',#6436);
#6439=ORIENTED_EDGE('7724',*,*,#6438,.T.);
#6441=ORIENTED_EDGE('7855',*,*,#6440,.F.);
#6443=ORIENTED_EDGE('7847',*,*,#6442,.T.);
#6444=ORIENTED_EDGE('7845',*,*,#6424,.T.);
#6445=ORIENTED_EDGE('7844',*,*,#6413,.T.);
#6446=EDGE_LOOP('9941',(#6439,#6441,#6443,#6444,#6445));
#6447=FACE_OUTER_BOUND('9941',#6446,.F.);
#6448=ADVANCED_FACE('9941',(#6447),#6437,.T.);
#6449=CARTESIAN_POINT('',(5.575E0,0.E0,2.6E0));
#6450=DIRECTION('',(0.E0,1.E0,0.E0));
#6451=DIRECTION('',(-1.E0,0.E0,0.E0));
#6452=AXIS2_PLACEMENT_3D('',#6449,#6450,#6451);
#6453=PLANE('9911',#6452);
#6455=ORIENTED_EDGE('7800',*,*,#6454,.F.);
#6457=ORIENTED_EDGE('7791',*,*,#6456,.F.);
#6458=ORIENTED_EDGE('7781',*,*,#5654,.F.);
#6460=ORIENTED_EDGE('7722',*,*,#6459,.F.);
#6462=ORIENTED_EDGE('7723',*,*,#6461,.F.);
#6464=ORIENTED_EDGE('7856',*,*,#6463,.F.);
#6465=ORIENTED_EDGE('7724',*,*,#6438,.F.);
#6467=ORIENTED_EDGE('7834',*,*,#6466,.F.);
#6469=ORIENTED_EDGE('7725',*,*,#6468,.T.);
#6471=ORIENTED_EDGE('7726',*,*,#6470,.F.);
#6472=EDGE_LOOP('9911',(#6455,#6457,#6458,#6460,#6462,#6464,#6465,#6467,#6469,
#6471));
#6473=FACE_OUTER_BOUND('9911',#6472,.F.);
#6474=ADVANCED_FACE('9911',(#6473),#6453,.T.);
#6475=CARTESIAN_POINT('',(5.8E0,-1.25E-1,2.425E0));
#6476=DIRECTION('',(1.E0,0.E0,0.E0));
#6477=DIRECTION('',(0.E0,1.E0,0.E0));
#6478=AXIS2_PLACEMENT_3D('',#6475,#6476,#6477);
#6479=PLANE('9926',#6478);
#6481=ORIENTED_EDGE('7798',*,*,#6480,.T.);
#6483=ORIENTED_EDGE('7799',*,*,#6482,.T.);
#6484=ORIENTED_EDGE('7800',*,*,#6454,.T.);
#6486=ORIENTED_EDGE('7801',*,*,#6485,.T.);
#6487=EDGE_LOOP('9926',(#6481,#6483,#6484,#6486));
#6488=FACE_OUTER_BOUND('9926',#6487,.F.);
#6489=ADVANCED_FACE('9926',(#6488),#6479,.T.);
#6490=CARTESIAN_POINT('',(5.9E0,-1.75E-1,2.3E0));
#6491=DIRECTION('',(0.E0,0.E0,1.E0));
#6492=DIRECTION('',(0.E0,-1.E0,0.E0));
#6493=AXIS2_PLACEMENT_3D('',#6490,#6491,#6492);
#6494=PLANE('9923',#6493);
#6496=ORIENTED_EDGE('7790',*,*,#6495,.T.);
#6497=ORIENTED_EDGE('7798',*,*,#6480,.F.);
#6499=ORIENTED_EDGE('8590',*,*,#6498,.F.);
#6500=ORIENTED_EDGE('7792',*,*,#5648,.T.);
#6501=EDGE_LOOP('9923',(#6496,#6497,#6499,#6500));
#6502=FACE_OUTER_BOUND('9923',#6501,.F.);
#6503=ADVANCED_FACE('9923',(#6502),#6494,.T.);
#6504=CARTESIAN_POINT('',(5.784452917931E0,-2.5E-1,2.55E0));
#6505=DIRECTION('',(1.E0,0.E0,0.E0));
#6506=DIRECTION('',(0.E0,0.E0,-1.E0));
#6507=AXIS2_PLACEMENT_3D('',#6504,#6505,#6506);
#6508=CYLINDRICAL_SURFACE('9922',#6507,2.5E-1);
#6509=ORIENTED_EDGE('7790',*,*,#6495,.F.);
#6510=ORIENTED_EDGE('7778',*,*,#5646,.F.);
#6511=ORIENTED_EDGE('7791',*,*,#6456,.T.);
#6512=ORIENTED_EDGE('7799',*,*,#6482,.F.);
#6513=EDGE_LOOP('9922',(#6509,#6510,#6511,#6512));
#6514=FACE_OUTER_BOUND('9922',#6513,.F.);
#6515=ADVANCED_FACE('9922',(#6514),#6508,.T.);
#6516=CARTESIAN_POINT('',(5.784452917931E0,-1.E-1,2.5E0));
#6517=DIRECTION('',(1.E0,0.E0,0.E0));
#6518=DIRECTION('',(0.E0,0.E0,-1.E0));
#6519=AXIS2_PLACEMENT_3D('',#6516,#6517,#6518);
#6520=CYLINDRICAL_SURFACE('10224',#6519,2.E-1);
#6521=ORIENTED_EDGE('7801',*,*,#6485,.F.);
#6523=ORIENTED_EDGE('7824',*,*,#6522,.F.);
#6525=ORIENTED_EDGE('8589',*,*,#6524,.T.);
#6526=ORIENTED_EDGE('7779',*,*,#5650,.F.);
#6527=ORIENTED_EDGE('8590',*,*,#6498,.T.);
#6528=EDGE_LOOP('10224',(#6521,#6523,#6525,#6526,#6527));
#6529=FACE_OUTER_BOUND('10224',#6528,.F.);
#6530=ADVANCED_FACE('10224',(#6529),#6520,.F.);
#6531=CARTESIAN_POINT('',(5.8E0,-2.5E-1,1.55E0));
#6532=DIRECTION('',(1.E0,0.E0,0.E0));
#6533=DIRECTION('',(0.E0,1.E0,0.E0));
#6534=AXIS2_PLACEMENT_3D('',#6531,#6532,#6533);
#6535=PLANE('9934',#6534);
#6536=ORIENTED_EDGE('7726',*,*,#6470,.T.);
#6538=ORIENTED_EDGE('7827',*,*,#6537,.F.);
#6540=ORIENTED_EDGE('8112',*,*,#6539,.F.);
#6542=ORIENTED_EDGE('8110',*,*,#6541,.F.);
#6544=ORIENTED_EDGE('8107',*,*,#6543,.F.);
#6546=ORIENTED_EDGE('8105',*,*,#6545,.F.);
#6548=ORIENTED_EDGE('8080',*,*,#6547,.F.);
#6550=ORIENTED_EDGE('8092',*,*,#6549,.F.);
#6552=ORIENTED_EDGE('8094',*,*,#6551,.F.);
#6554=ORIENTED_EDGE('8098',*,*,#6553,.F.);
#6556=ORIENTED_EDGE('7821',*,*,#6555,.F.);
#6558=ORIENTED_EDGE('7822',*,*,#6557,.F.);
#6560=ORIENTED_EDGE('7862',*,*,#6559,.F.);
#6562=ORIENTED_EDGE('7848',*,*,#6561,.F.);
#6563=ORIENTED_EDGE('7723',*,*,#6461,.T.);
#6565=ORIENTED_EDGE('7823',*,*,#6564,.T.);
#6566=ORIENTED_EDGE('7824',*,*,#6522,.T.);
#6567=EDGE_LOOP('9934',(#6536,#6538,#6540,#6542,#6544,#6546,#6548,#6550,#6552,
#6554,#6556,#6558,#6560,#6562,#6563,#6565,#6566));
#6568=FACE_OUTER_BOUND('9934',#6567,.F.);
#6569=ADVANCED_FACE('9934',(#6568),#6535,.F.);
#6570=CARTESIAN_POINT('',(5.75E0,-1.E-1,2.15E0));
#6571=DIRECTION('',(7.071067811865E-1,0.E0,-7.071067811865E-1));
#6572=DIRECTION('',(0.E0,-1.E0,0.E0));
#6573=AXIS2_PLACEMENT_3D('',#6570,#6571,#6572);
#6574=PLANE('9937',#6573);
#6575=ORIENTED_EDGE('7827',*,*,#6537,.T.);
#6576=ORIENTED_EDGE('7725',*,*,#6468,.F.);
#6578=ORIENTED_EDGE('7833',*,*,#6577,.F.);
#6580=ORIENTED_EDGE('8113',*,*,#6579,.F.);
#6581=EDGE_LOOP('9937',(#6575,#6576,#6578,#6580));
#6582=FACE_OUTER_BOUND('9937',#6581,.F.);
#6583=ADVANCED_FACE('9937',(#6582),#6574,.T.);
#6584=CARTESIAN_POINT('',(4.925E0,-1.E-1,2.1E0));
#6585=DIRECTION('',(0.E0,0.E0,1.E0));
#6586=DIRECTION('',(-1.E0,0.E0,0.E0));
#6587=AXIS2_PLACEMENT_3D('',#6584,#6585,#6586);
#6588=PLANE('9938',#6587);
#6589=ORIENTED_EDGE('7828',*,*,#6411,.F.);
#6590=ORIENTED_EDGE('7829',*,*,#6345,.T.);
#6592=ORIENTED_EDGE('7830',*,*,#6591,.F.);
#6594=ORIENTED_EDGE('7831',*,*,#6593,.F.);
#6596=ORIENTED_EDGE('8150',*,*,#6595,.F.);
#6598=ORIENTED_EDGE('8182',*,*,#6597,.F.);
#6600=ORIENTED_EDGE('8137',*,*,#6599,.F.);
#6602=ORIENTED_EDGE('7832',*,*,#6601,.F.);
#6603=ORIENTED_EDGE('7833',*,*,#6577,.T.);
#6604=ORIENTED_EDGE('7834',*,*,#6466,.T.);
#6605=EDGE_LOOP('9938',(#6589,#6590,#6592,#6594,#6596,#6598,#6600,#6602,#6603,
#6604));
#6606=FACE_OUTER_BOUND('9938',#6605,.F.);
#6607=ADVANCED_FACE('9938',(#6606),#6588,.F.);
#6608=CARTESIAN_POINT('',(4.15E0,-5.E-1,2.05E0));
#6609=DIRECTION('',(1.E0,0.E0,0.E0));
#6610=DIRECTION('',(0.E0,-1.E0,0.E0));
#6611=AXIS2_PLACEMENT_3D('',#6608,#6609,#6610);
#6612=PLANE('10069',#6611);
#6614=ORIENTED_EDGE('8205',*,*,#6613,.F.);
#6616=ORIENTED_EDGE('8224',*,*,#6615,.F.);
#6618=ORIENTED_EDGE('8202',*,*,#6617,.T.);
#6620=ORIENTED_EDGE('8057',*,*,#6619,.T.);
#6622=ORIENTED_EDGE('8203',*,*,#6621,.F.);
#6624=ORIENTED_EDGE('8204',*,*,#6623,.F.);
#6626=ORIENTED_EDGE('8114',*,*,#6625,.T.);
#6627=ORIENTED_EDGE('7830',*,*,#6591,.T.);
#6628=ORIENTED_EDGE('7721',*,*,#6343,.T.);
#6630=ORIENTED_EDGE('8207',*,*,#6629,.F.);
#6631=EDGE_LOOP('10069',(#6614,#6616,#6618,#6620,#6622,#6624,#6626,#6627,#6628,
#6630));
#6632=FACE_OUTER_BOUND('10069',#6631,.F.);
#6633=ADVANCED_FACE('10069',(#6632),#6612,.F.);
#6634=CARTESIAN_POINT('',(3.85E0,-1.E0,2.6E0));
#6635=DIRECTION('',(0.E0,1.E0,0.E0));
#6636=DIRECTION('',(-1.E0,0.E0,0.E0));
#6637=AXIS2_PLACEMENT_3D('',#6634,#6635,#6636);
#6638=PLANE('10070',#6637);
#6639=ORIENTED_EDGE('8205',*,*,#6613,.T.);
#6641=ORIENTED_EDGE('8206',*,*,#6640,.F.);
#6643=ORIENTED_EDGE('8210',*,*,#6642,.F.);
#6645=ORIENTED_EDGE('8219',*,*,#6644,.F.);
#6646=EDGE_LOOP('10070',(#6639,#6641,#6643,#6645));
#6647=FACE_OUTER_BOUND('10070',#6646,.F.);
#6648=ADVANCED_FACE('10070',(#6647),#6638,.T.);
#6649=CARTESIAN_POINT('',(3.85E0,-5.E-1,4.1E0));
#6650=DIRECTION('',(0.E0,0.E0,1.E0));
#6651=DIRECTION('',(-1.E0,0.E0,0.E0));
#6652=AXIS2_PLACEMENT_3D('',#6649,#6650,#6651);
#6653=PLANE('10071',#6652);
#6654=ORIENTED_EDGE('7720',*,*,#6341,.T.);
#6656=ORIENTED_EDGE('8211',*,*,#6655,.F.);
#6657=ORIENTED_EDGE('8206',*,*,#6640,.T.);
#6658=ORIENTED_EDGE('8207',*,*,#6629,.T.);
#6659=EDGE_LOOP('10071',(#6654,#6656,#6657,#6658));
#6660=FACE_OUTER_BOUND('10071',#6659,.F.);
#6661=ADVANCED_FACE('10071',(#6660),#6653,.F.);
#6662=CARTESIAN_POINT('',(3.55E0,-5.E-1,2.55E0));
#6663=DIRECTION('',(1.E0,0.E0,0.E0));
#6664=DIRECTION('',(0.E0,1.E0,0.E0));
#6665=AXIS2_PLACEMENT_3D('',#6662,#6663,#6664);
#6666=PLANE('10072',#6665);
#6668=ORIENTED_EDGE('8208',*,*,#6667,.T.);
#6670=ORIENTED_EDGE('8209',*,*,#6669,.F.);
#6671=ORIENTED_EDGE('8210',*,*,#6642,.T.);
#6672=ORIENTED_EDGE('8211',*,*,#6655,.T.);
#6673=ORIENTED_EDGE('8212',*,*,#6339,.T.);
#6675=ORIENTED_EDGE('8213',*,*,#6674,.T.);
#6676=EDGE_LOOP('10072',(#6668,#6670,#6671,#6672,#6673,#6675));
#6677=FACE_OUTER_BOUND('10072',#6676,.F.);
#6678=ADVANCED_FACE('10072',(#6677),#6666,.T.);
#6679=CARTESIAN_POINT('',(3.44E0,-7.999999999999E-1,1.05E0));
#6680=DIRECTION('',(0.E0,7.071067811880E-1,7.071067811851E-1));
#6681=DIRECTION('',(-1.E0,0.E0,0.E0));
#6682=AXIS2_PLACEMENT_3D('',#6679,#6680,#6681);
#6683=PLANE('10073',#6682);
#6685=ORIENTED_EDGE('8214',*,*,#6684,.F.);
#6686=ORIENTED_EDGE('8208',*,*,#6667,.F.);
#6688=ORIENTED_EDGE('8215',*,*,#6687,.T.);
#6690=ORIENTED_EDGE('8216',*,*,#6689,.F.);
#6691=EDGE_LOOP('10073',(#6685,#6686,#6688,#6690));
#6692=FACE_OUTER_BOUND('10073',#6691,.F.);
#6693=ADVANCED_FACE('10073',(#6692),#6683,.F.);
#6694=CARTESIAN_POINT('',(3.49E0,-9.249999999999E-1,1.1E0));
#6695=DIRECTION('',(0.E0,0.E0,1.E0));
#6696=DIRECTION('',(-1.E0,0.E0,0.E0));
#6697=AXIS2_PLACEMENT_3D('',#6694,#6695,#6696);
#6698=PLANE('10074',#6697);
#6700=ORIENTED_EDGE('8217',*,*,#6699,.F.);
#6701=ORIENTED_EDGE('8209',*,*,#6669,.T.);
#6702=ORIENTED_EDGE('8214',*,*,#6684,.T.);
#6704=ORIENTED_EDGE('8229',*,*,#6703,.F.);
#6705=EDGE_LOOP('10074',(#6700,#6701,#6702,#6704));
#6706=FACE_OUTER_BOUND('10074',#6705,.F.);
#6707=ADVANCED_FACE('10074',(#6706),#6698,.F.);
#6708=CARTESIAN_POINT('',(3.85E0,-1.05E0,1.05E0));
#6709=DIRECTION('',(0.E0,7.071067811865E-1,-7.071067811865E-1));
#6710=DIRECTION('',(-1.E0,0.E0,0.E0));
#6711=AXIS2_PLACEMENT_3D('',#6708,#6709,#6710);
#6712=PLANE('10075',#6711);
#6714=ORIENTED_EDGE('8218',*,*,#6713,.F.);
#6715=ORIENTED_EDGE('8219',*,*,#6644,.T.);
#6716=ORIENTED_EDGE('8217',*,*,#6699,.T.);
#6718=ORIENTED_EDGE('8220',*,*,#6717,.F.);
#6720=ORIENTED_EDGE('8221',*,*,#6719,.T.);
#6722=ORIENTED_EDGE('8222',*,*,#6721,.F.);
#6723=EDGE_LOOP('10075',(#6714,#6715,#6716,#6718,#6720,#6722));
#6724=FACE_OUTER_BOUND('10075',#6723,.F.);
#6725=ADVANCED_FACE('10075',(#6724),#6712,.T.);
#6726=CARTESIAN_POINT('',(4.21E0,-9.25E-1,1.1E0));
#6727=DIRECTION('',(0.E0,0.E0,1.E0));
#6728=DIRECTION('',(-1.E0,0.E0,0.E0));
#6729=AXIS2_PLACEMENT_3D('',#6726,#6727,#6728);
#6730=PLANE('10076',#6729);
#6731=ORIENTED_EDGE('8218',*,*,#6713,.T.);
#6733=ORIENTED_EDGE('8225',*,*,#6732,.F.);
#6735=ORIENTED_EDGE('8223',*,*,#6734,.F.);
#6736=ORIENTED_EDGE('8224',*,*,#6615,.T.);
#6737=EDGE_LOOP('10076',(#6731,#6733,#6735,#6736));
#6738=FACE_OUTER_BOUND('10076',#6737,.F.);
#6739=ADVANCED_FACE('10076',(#6738),#6730,.F.);
#6740=CARTESIAN_POINT('',(4.32E0,-9.25E-1,1.05E0));
#6741=DIRECTION('',(7.071067811851E-1,0.E0,7.071067811880E-1));
#6742=DIRECTION('',(0.E0,-1.E0,0.E0));
#6743=AXIS2_PLACEMENT_3D('',#6740,#6741,#6742);
#6744=PLANE('10077',#6743);
#6745=ORIENTED_EDGE('8225',*,*,#6732,.T.);
#6746=ORIENTED_EDGE('8222',*,*,#6721,.T.);
#6748=ORIENTED_EDGE('8226',*,*,#6747,.T.);
#6750=ORIENTED_EDGE('8227',*,*,#6749,.F.);
#6751=EDGE_LOOP('10077',(#6745,#6746,#6748,#6750));
#6752=FACE_OUTER_BOUND('10077',#6751,.F.);
#6753=ADVANCED_FACE('10077',(#6752),#6744,.F.);
#6754=CARTESIAN_POINT('',(0.E0,-6.25E-1,1.E0));
#6755=DIRECTION('',(0.E0,0.E0,1.E0));
#6756=DIRECTION('',(1.E0,0.E0,0.E0));
#6757=AXIS2_PLACEMENT_3D('',#6754,#6755,#6756);
#6758=PLANE('10017',#6757);
#6759=ORIENTED_EDGE('8054',*,*,#5380,.T.);
#6761=ORIENTED_EDGE('8055',*,*,#6760,.F.);
#6763=ORIENTED_EDGE('8056',*,*,#6762,.F.);
#6764=ORIENTED_EDGE('8057',*,*,#6619,.F.);
#6766=ORIENTED_EDGE('8228',*,*,#6765,.F.);
#6767=ORIENTED_EDGE('8226',*,*,#6747,.F.);
#6768=ORIENTED_EDGE('8221',*,*,#6719,.F.);
#6770=ORIENTED_EDGE('8230',*,*,#6769,.F.);
#6771=ORIENTED_EDGE('8215',*,*,#6687,.F.);
#6772=ORIENTED_EDGE('8213',*,*,#6674,.F.);
#6773=ORIENTED_EDGE('8058',*,*,#6337,.T.);
#6775=ORIENTED_EDGE('8240',*,*,#6774,.F.);
#6777=ORIENTED_EDGE('8264',*,*,#6776,.F.);
#6779=ORIENTED_EDGE('8261',*,*,#6778,.F.);
#6781=ORIENTED_EDGE('8257',*,*,#6780,.F.);
#6783=ORIENTED_EDGE('8266',*,*,#6782,.F.);
#6785=ORIENTED_EDGE('8251',*,*,#6784,.F.);
#6787=ORIENTED_EDGE('8249',*,*,#6786,.F.);
#6788=ORIENTED_EDGE('8059',*,*,#6329,.T.);
#6790=ORIENTED_EDGE('8269',*,*,#6789,.F.);
#6792=ORIENTED_EDGE('8293',*,*,#6791,.F.);
#6794=ORIENTED_EDGE('8290',*,*,#6793,.F.);
#6796=ORIENTED_EDGE('8286',*,*,#6795,.F.);
#6798=ORIENTED_EDGE('8295',*,*,#6797,.F.);
#6800=ORIENTED_EDGE('8280',*,*,#6799,.F.);
#6802=ORIENTED_EDGE('8278',*,*,#6801,.F.);
#6803=ORIENTED_EDGE('8060',*,*,#6321,.T.);
#6805=ORIENTED_EDGE('8298',*,*,#6804,.F.);
#6807=ORIENTED_EDGE('8322',*,*,#6806,.F.);
#6809=ORIENTED_EDGE('8319',*,*,#6808,.F.);
#6811=ORIENTED_EDGE('8315',*,*,#6810,.F.);
#6813=ORIENTED_EDGE('8324',*,*,#6812,.F.);
#6815=ORIENTED_EDGE('8309',*,*,#6814,.F.);
#6817=ORIENTED_EDGE('8307',*,*,#6816,.F.);
#6818=ORIENTED_EDGE('8061',*,*,#6313,.T.);
#6820=ORIENTED_EDGE('8327',*,*,#6819,.F.);
#6822=ORIENTED_EDGE('8351',*,*,#6821,.F.);
#6824=ORIENTED_EDGE('8348',*,*,#6823,.F.);
#6826=ORIENTED_EDGE('8344',*,*,#6825,.F.);
#6828=ORIENTED_EDGE('8353',*,*,#6827,.F.);
#6830=ORIENTED_EDGE('8338',*,*,#6829,.F.);
#6832=ORIENTED_EDGE('8336',*,*,#6831,.F.);
#6833=ORIENTED_EDGE('8062',*,*,#6305,.T.);
#6835=ORIENTED_EDGE('8356',*,*,#6834,.F.);
#6837=ORIENTED_EDGE('8380',*,*,#6836,.F.);
#6839=ORIENTED_EDGE('8377',*,*,#6838,.F.);
#6841=ORIENTED_EDGE('8373',*,*,#6840,.F.);
#6843=ORIENTED_EDGE('8382',*,*,#6842,.F.);
#6845=ORIENTED_EDGE('8367',*,*,#6844,.F.);
#6847=ORIENTED_EDGE('8365',*,*,#6846,.F.);
#6848=ORIENTED_EDGE('8063',*,*,#6297,.T.);
#6850=ORIENTED_EDGE('8385',*,*,#6849,.F.);
#6852=ORIENTED_EDGE('8409',*,*,#6851,.F.);
#6854=ORIENTED_EDGE('8406',*,*,#6853,.F.);
#6856=ORIENTED_EDGE('8402',*,*,#6855,.F.);
#6858=ORIENTED_EDGE('8411',*,*,#6857,.F.);
#6860=ORIENTED_EDGE('8396',*,*,#6859,.F.);
#6862=ORIENTED_EDGE('8394',*,*,#6861,.F.);
#6863=ORIENTED_EDGE('8064',*,*,#6289,.T.);
#6865=ORIENTED_EDGE('8415',*,*,#6864,.F.);
#6867=ORIENTED_EDGE('8435',*,*,#6866,.F.);
#6869=ORIENTED_EDGE('8065',*,*,#6868,.F.);
#6871=ORIENTED_EDGE('8066',*,*,#6870,.F.);
#6873=ORIENTED_EDGE('8437',*,*,#6872,.F.);
#6875=ORIENTED_EDGE('8067',*,*,#6874,.F.);
#6877=ORIENTED_EDGE('8068',*,*,#6876,.F.);
#6879=ORIENTED_EDGE('8439',*,*,#6878,.F.);
#6881=ORIENTED_EDGE('8051',*,*,#6880,.T.);
#6882=EDGE_LOOP('10017',(#6759,#6761,#6763,#6764,#6766,#6767,#6768,#6770,#6771,
#6772,#6773,#6775,#6777,#6779,#6781,#6783,#6785,#6787,#6788,#6790,#6792,#6794,
#6796,#6798,#6800,#6802,#6803,#6805,#6807,#6809,#6811,#6813,#6815,#6817,#6818,
#6820,#6822,#6824,#6826,#6828,#6830,#6832,#6833,#6835,#6837,#6839,#6841,#6843,
#6845,#6847,#6848,#6850,#6852,#6854,#6856,#6858,#6860,#6862,#6863,#6865,#6867,
#6869,#6871,#6873,#6875,#6877,#6879,#6881));
#6883=FACE_OUTER_BOUND('10017',#6882,.F.);
#6884=ADVANCED_FACE('10017',(#6883),#6758,.F.);
#6885=CARTESIAN_POINT('',(4.55E0,-9.25E-1,5.E-1));
#6886=DIRECTION('',(1.E0,0.E0,0.E0));
#6887=DIRECTION('',(0.E0,-1.E0,0.E0));
#6888=AXIS2_PLACEMENT_3D('',#6885,#6886,#6887);
#6889=PLANE('10018',#6888);
#6891=ORIENTED_EDGE('8069',*,*,#6890,.T.);
#6893=ORIENTED_EDGE('8070',*,*,#6892,.F.);
#6895=ORIENTED_EDGE('8232',*,*,#6894,.F.);
#6896=ORIENTED_EDGE('8055',*,*,#6760,.T.);
#6897=ORIENTED_EDGE('8071',*,*,#5378,.T.);
#6898=EDGE_LOOP('10018',(#6891,#6893,#6895,#6896,#6897));
#6899=FACE_OUTER_BOUND('10018',#6898,.F.);
#6900=ADVANCED_FACE('10018',(#6899),#6889,.F.);
#6901=CARTESIAN_POINT('',(5.075E0,-1.199999999997E0,4.999999999709E-2));
#6902=DIRECTION('',(0.E0,7.071067811836E-1,7.071067811895E-1));
#6903=DIRECTION('',(-1.E0,0.E0,0.E0));
#6904=AXIS2_PLACEMENT_3D('',#6901,#6902,#6903);
#6905=PLANE('10019',#6904);
#6906=ORIENTED_EDGE('7738',*,*,#5376,.T.);
#6908=ORIENTED_EDGE('8075',*,*,#6907,.F.);
#6910=ORIENTED_EDGE('8072',*,*,#6909,.F.);
#6911=ORIENTED_EDGE('8069',*,*,#6890,.F.);
#6912=EDGE_LOOP('10019',(#6906,#6908,#6910,#6911));
#6913=FACE_OUTER_BOUND('10019',#6912,.F.);
#6914=ADVANCED_FACE('10019',(#6913),#6905,.F.);
#6915=CARTESIAN_POINT('',(5.6E0,-1.05E0,4.999981050189E-2));
#6916=DIRECTION('',(0.E0,0.E0,1.E0));
#6917=DIRECTION('',(0.E0,-1.E0,0.E0));
#6918=AXIS2_PLACEMENT_3D('',#6915,#6916,#6917);
#6919=CONICAL_SURFACE('10020',#6918,1.499997459090E-1,4.499998766367E1);
#6921=ORIENTED_EDGE('8073',*,*,#6920,.F.);
#6923=ORIENTED_EDGE('8074',*,*,#6922,.F.);
#6925=ORIENTED_EDGE('8233',*,*,#6924,.F.);
#6926=ORIENTED_EDGE('8075',*,*,#6907,.T.);
#6927=EDGE_LOOP('10020',(#6921,#6923,#6925,#6926));
#6928=FACE_OUTER_BOUND('10020',#6927,.F.);
#6929=ADVANCED_FACE('10020',(#6928),#6919,.T.);
#6930=CARTESIAN_POINT('',(5.6E0,-1.05E0,4.078E0));
#6931=DIRECTION('',(0.E0,0.E0,-1.E0));
#6932=DIRECTION('',(1.E0,0.E0,0.E0));
#6933=AXIS2_PLACEMENT_3D('',#6930,#6931,#6932);
#6934=CYLINDRICAL_SURFACE('10022',#6933,2.E-1);
#6935=ORIENTED_EDGE('8080',*,*,#6547,.T.);
#6936=ORIENTED_EDGE('8073',*,*,#6920,.T.);
#6937=ORIENTED_EDGE('8081',*,*,#5374,.T.);
#6939=ORIENTED_EDGE('8082',*,*,#6938,.F.);
#6941=ORIENTED_EDGE('8083',*,*,#6940,.T.);
#6942=EDGE_LOOP('10022',(#6935,#6936,#6937,#6939,#6941));
#6943=FACE_OUTER_BOUND('10022',#6942,.F.);
#6944=ADVANCED_FACE('10022',(#6943),#6934,.T.);
#6945=CARTESIAN_POINT('',(5.6E0,-1.25E0,1.65E0));
#6946=DIRECTION('',(0.E0,0.E0,1.E0));
#6947=DIRECTION('',(1.E0,0.E0,0.E0));
#6948=AXIS2_PLACEMENT_3D('',#6945,#6946,#6947);
#6949=PLANE('10023',#6948);
#6950=ORIENTED_EDGE('8082',*,*,#6938,.T.);
#6951=ORIENTED_EDGE('7737',*,*,#5372,.T.);
#6952=ORIENTED_EDGE('7772',*,*,#5540,.T.);
#6954=ORIENTED_EDGE('8084',*,*,#6953,.F.);
#6955=ORIENTED_EDGE('8085',*,*,#5599,.T.);
#6957=ORIENTED_EDGE('8090',*,*,#6956,.F.);
#6958=EDGE_LOOP('10023',(#6950,#6951,#6952,#6954,#6955,#6957));
#6959=FACE_OUTER_BOUND('10023',#6958,.F.);
#6960=ADVANCED_FACE('10023',(#6959),#6949,.F.);
#6961=CARTESIAN_POINT('',(5.3E0,-1.45E0,2.25E0));
#6962=DIRECTION('',(0.E0,1.E0,0.E0));
#6963=DIRECTION('',(-1.E0,0.E0,0.E0));
#6964=AXIS2_PLACEMENT_3D('',#6961,#6962,#6963);
#6965=PLANE('10024',#6964);
#6966=ORIENTED_EDGE('8086',*,*,#5538,.T.);
#6967=ORIENTED_EDGE('8087',*,*,#5553,.T.);
#6968=ORIENTED_EDGE('8088',*,*,#5567,.T.);
#6969=ORIENTED_EDGE('8089',*,*,#5580,.T.);
#6970=ORIENTED_EDGE('7777',*,*,#5601,.T.);
#6971=ORIENTED_EDGE('8084',*,*,#6953,.T.);
#6972=EDGE_LOOP('10024',(#6966,#6967,#6968,#6969,#6970,#6971));
#6973=FACE_OUTER_BOUND('10024',#6972,.F.);
#6974=ADVANCED_FACE('10024',(#6973),#6965,.F.);
#6975=CARTESIAN_POINT('',(5.784452917931E0,-1.05E0,1.5E0));
#6976=DIRECTION('',(1.E0,0.E0,0.E0));
#6977=DIRECTION('',(0.E0,0.E0,-1.E0));
#6978=AXIS2_PLACEMENT_3D('',#6975,#6976,#6977);
#6979=CYLINDRICAL_SURFACE('10025',#6978,1.5E-1);
#6981=ORIENTED_EDGE('7803',*,*,#6980,.F.);
#6982=ORIENTED_EDGE('8090',*,*,#6956,.T.);
#6983=ORIENTED_EDGE('7787',*,*,#5631,.F.);
#6985=ORIENTED_EDGE('8091',*,*,#6984,.F.);
#6986=EDGE_LOOP('10025',(#6981,#6982,#6983,#6985));
#6987=FACE_OUTER_BOUND('10025',#6986,.F.);
#6988=ADVANCED_FACE('10025',(#6987),#6979,.F.);
#6989=CARTESIAN_POINT('',(5.8E0,-9.750007249831E-1,1.5E0));
#6990=DIRECTION('',(1.E0,0.E0,0.E0));
#6991=DIRECTION('',(0.E0,1.E0,0.E0));
#6992=AXIS2_PLACEMENT_3D('',#6989,#6990,#6991);
#6993=PLANE('9928',#6992);
#6994=ORIENTED_EDGE('7803',*,*,#6980,.T.);
#6995=ORIENTED_EDGE('8083',*,*,#6940,.F.);
#6996=EDGE_LOOP('9928',(#6994,#6995));
#6997=FACE_OUTER_BOUND('9928',#6996,.F.);
#6998=ADVANCED_FACE('9928',(#6997),#6993,.T.);
#6999=CARTESIAN_POINT('',(5.9E0,-1.125E0,1.35E0));
#7000=DIRECTION('',(0.E0,0.E0,1.E0));
#7001=DIRECTION('',(0.E0,-1.E0,0.E0));
#7002=AXIS2_PLACEMENT_3D('',#6999,#7000,#7001);
#7003=PLANE('10026',#7002);
#7004=ORIENTED_EDGE('8092',*,*,#6549,.T.);
#7005=ORIENTED_EDGE('8091',*,*,#6984,.T.);
#7006=ORIENTED_EDGE('8093',*,*,#5629,.T.);
#7008=ORIENTED_EDGE('8095',*,*,#7007,.F.);
#7009=EDGE_LOOP('10026',(#7004,#7005,#7006,#7008));
#7010=FACE_OUTER_BOUND('10026',#7009,.F.);
#7011=ADVANCED_FACE('10026',(#7010),#7003,.T.);
#7012=CARTESIAN_POINT('',(5.9E0,-1.2E0,6.75E-1));
#7013=DIRECTION('',(0.E0,1.E0,0.E0));
#7014=DIRECTION('',(0.E0,0.E0,1.E0));
#7015=AXIS2_PLACEMENT_3D('',#7012,#7013,#7014);
#7016=PLANE('10027',#7015);
#7018=ORIENTED_EDGE('8099',*,*,#7017,.F.);
#7019=ORIENTED_EDGE('8094',*,*,#6551,.T.);
#7020=ORIENTED_EDGE('8095',*,*,#7007,.T.);
#7021=ORIENTED_EDGE('8096',*,*,#5627,.T.);
#7022=EDGE_LOOP('10027',(#7018,#7019,#7020,#7021));
#7023=FACE_OUTER_BOUND('10027',#7022,.F.);
#7024=ADVANCED_FACE('10027',(#7023),#7016,.F.);
#7025=CARTESIAN_POINT('',(5.9E0,-6.571902754905E-1,0.E0));
#7026=DIRECTION('',(0.E0,0.E0,1.E0));
#7027=DIRECTION('',(0.E0,1.E0,0.E0));
#7028=AXIS2_PLACEMENT_3D('',#7025,#7026,#7027);
#7029=PLANE('10028',#7028);
#7031=ORIENTED_EDGE('8097',*,*,#7030,.F.);
#7032=ORIENTED_EDGE('8098',*,*,#6553,.T.);
#7033=ORIENTED_EDGE('8099',*,*,#7017,.T.);
#7034=ORIENTED_EDGE('8100',*,*,#5625,.T.);
#7035=EDGE_LOOP('10028',(#7031,#7032,#7033,#7034));
#7036=FACE_OUTER_BOUND('10028',#7035,.F.);
#7037=ADVANCED_FACE('10028',(#7036),#7029,.F.);
#7038=CARTESIAN_POINT('',(5.9E0,-1.143805509808E-1,5.E-1));
#7039=DIRECTION('',(0.E0,1.E0,0.E0));
#7040=DIRECTION('',(0.E0,0.E0,1.E0));
#7041=AXIS2_PLACEMENT_3D('',#7038,#7039,#7040);
#7042=PLANE('10029',#7041);
#7043=ORIENTED_EDGE('8101',*,*,#5623,.T.);
#7045=ORIENTED_EDGE('8103',*,*,#7044,.F.);
#7046=ORIENTED_EDGE('7821',*,*,#6555,.T.);
#7047=ORIENTED_EDGE('8097',*,*,#7030,.T.);
#7048=EDGE_LOOP('10029',(#7043,#7045,#7046,#7047));
#7049=FACE_OUTER_BOUND('10029',#7048,.F.);
#7050=ADVANCED_FACE('10029',(#7049),#7042,.T.);
#7051=CARTESIAN_POINT('',(5.9E0,2.928097245096E-1,1.E0));
#7052=DIRECTION('',(0.E0,0.E0,1.E0));
#7053=DIRECTION('',(0.E0,-1.E0,0.E0));
#7054=AXIS2_PLACEMENT_3D('',#7051,#7052,#7053);
#7055=PLANE('10030',#7054);
#7056=ORIENTED_EDGE('8102',*,*,#5621,.T.);
#7058=ORIENTED_EDGE('8104',*,*,#7057,.F.);
#7059=ORIENTED_EDGE('7822',*,*,#6557,.T.);
#7060=ORIENTED_EDGE('8103',*,*,#7044,.T.);
#7061=EDGE_LOOP('10030',(#7056,#7058,#7059,#7060));
#7062=FACE_OUTER_BOUND('10030',#7061,.F.);
#7063=ADVANCED_FACE('10030',(#7062),#7055,.F.);
#7064=CARTESIAN_POINT('',(5.858783902476E0,1.070236337370E0,
-1.999990470591E-2));
#7065=CARTESIAN_POINT('',(5.805174713845E0,1.014915935559E0,
-1.999990470591E-2));
#7066=CARTESIAN_POINT('',(5.751565525213E0,9.595955337475E-1,
-1.999990470591E-2));
#7067=CARTESIAN_POINT('',(5.697956336581E0,9.042751319364E-1,
-1.999990470591E-2));
#7068=CARTESIAN_POINT('',(5.860722923870E0,1.068358157121E0,
-1.333326980394E-2));
#7069=CARTESIAN_POINT('',(5.806824008294E0,1.013318391421E0,
-1.333326980394E-2));
#7070=CARTESIAN_POINT('',(5.752925092718E0,9.582786257217E-1,
-1.333326980394E-2));
#7071=CARTESIAN_POINT('',(5.699026177142E0,9.032388600220E-1,
-1.333326980394E-2));
#7072=CARTESIAN_POINT('',(5.910747242857E0,1.019123568826E0,1.600000317647E-1));
#7073=CARTESIAN_POINT('',(5.849373735656E0,9.714403938564E-1,
1.600000317647E-1));
#7074=CARTESIAN_POINT('',(5.788000228455E0,9.237572188870E-1,
1.600000317647E-1));
#7075=CARTESIAN_POINT('',(5.726626721254E0,8.760740439176E-1,
1.600000317647E-1));
#7076=CARTESIAN_POINT('',(5.988712217088E0,9.024312284153E-1,5.E-1));
#7077=CARTESIAN_POINT('',(5.915689249080E0,8.721841247014E-1,5.E-1));
#7078=CARTESIAN_POINT('',(5.842666281071E0,8.419370209876E-1,5.E-1));
#7079=CARTESIAN_POINT('',(5.769643313062E0,8.116899172737E-1,5.E-1));
#7080=CARTESIAN_POINT('',(6.016096600332E0,7.647877212245E-1,
8.399999682352E-1));
#7081=CARTESIAN_POINT('',(5.938981880835E0,7.551071944668E-1,
8.399999682352E-1));
#7082=CARTESIAN_POINT('',(5.861867161339E0,7.454266677091E-1,
8.399999682352E-1));
#7083=CARTESIAN_POINT('',(5.784752441842E0,7.357461409515E-1,
8.399999682352E-1));
#7084=CARTESIAN_POINT('',(6.015538176404E0,6.946010747919E-1,1.013333269804E0));
#7085=CARTESIAN_POINT('',(5.938506896141E0,6.954077776509E-1,1.013333269804E0));
#7086=CARTESIAN_POINT('',(5.861475615877E0,6.962144805099E-1,1.013333269804E0));
#7087=CARTESIAN_POINT('',(5.784444335614E0,6.970211833689E-1,1.013333269804E0));
#7088=CARTESIAN_POINT('',(6.015495155218E0,6.919019056257E-1,1.019999904706E0));
#7089=CARTESIAN_POINT('',(5.938470303144E0,6.931119160690E-1,1.019999904706E0));
#7090=CARTESIAN_POINT('',(5.861445451070E0,6.943219265122E-1,1.019999904706E0));
#7091=CARTESIAN_POINT('',(5.784420598996E0,6.955319369555E-1,1.019999904706E0));
#7092=B_SPLINE_SURFACE_WITH_KNOTS('10031',3,3,((#7064,#7065,#7066,#7067),(#7068,
#7069,#7070,#7071),(#7072,#7073,#7074,#7075),(#7076,#7077,#7078,#7079),(#7080,
#7081,#7082,#7083),(#7084,#7085,#7086,#7087),(#7088,#7089,#7090,#7091)),
.UNSPECIFIED.,.F.,.F.,.F.,(4,1,1,1,4),(4,4),(-1.999990470590E-2,0.E0,
5.000000000002E-1,1.E0,1.019999904706E0),(7.193853608833E-5,9.999858609385E-1),
.UNSPECIFIED.);
#7094=ORIENTED_EDGE('7869',*,*,#7093,.F.);
#7096=ORIENTED_EDGE('7867',*,*,#7095,.F.);
#7098=ORIENTED_EDGE('7863',*,*,#7097,.F.);
#7099=ORIENTED_EDGE('8104',*,*,#7057,.T.);
#7100=EDGE_LOOP('10031',(#7094,#7096,#7098,#7099));
#7101=FACE_OUTER_BOUND('10031',#7100,.F.);
#7102=ADVANCED_FACE('10031',(#7101),#7092,.T.);
#7103=CARTESIAN_POINT('',(5.5E0,7.E-1,-9.2E-2));
#7104=DIRECTION('',(0.E0,0.E0,1.E0));
#7105=DIRECTION('',(1.E0,0.E0,0.E0));
#7106=AXIS2_PLACEMENT_3D('',#7103,#7104,#7105);
#7107=CYLINDRICAL_SURFACE('9946',#7106,5.E-1);
#7109=ORIENTED_EDGE('7868',*,*,#7108,.F.);
#7111=ORIENTED_EDGE('7864',*,*,#7110,.F.);
#7112=ORIENTED_EDGE('7869',*,*,#7093,.T.);
#7113=ORIENTED_EDGE('7870',*,*,#5619,.T.);
#7115=ORIENTED_EDGE('8000',*,*,#7114,.F.);
#7116=EDGE_LOOP('9946',(#7109,#7111,#7112,#7113,#7115));
#7117=FACE_OUTER_BOUND('9946',#7116,.F.);
#7118=ADVANCED_FACE('9946',(#7117),#7107,.T.);
#7119=CARTESIAN_POINT('',(3.E-1,1.2E0,2.05E0));
#7120=DIRECTION('',(0.E0,1.E0,0.E0));
#7121=DIRECTION('',(-1.E0,0.E0,0.E0));
#7122=AXIS2_PLACEMENT_3D('',#7119,#7120,#7121);
#7123=PLANE('9947',#7122);
#7125=ORIENTED_EDGE('7871',*,*,#7124,.T.);
#7127=ORIENTED_EDGE('7872',*,*,#7126,.F.);
#7129=ORIENTED_EDGE('7873',*,*,#7128,.T.);
#7131=ORIENTED_EDGE('7874',*,*,#7130,.T.);
#7132=ORIENTED_EDGE('7868',*,*,#7108,.T.);
#7134=ORIENTED_EDGE('7999',*,*,#7133,.F.);
#7136=ORIENTED_EDGE('7997',*,*,#7135,.F.);
#7138=ORIENTED_EDGE('7875',*,*,#7137,.F.);
#7140=ORIENTED_EDGE('7876',*,*,#7139,.T.);
#7142=ORIENTED_EDGE('7877',*,*,#7141,.F.);
#7144=ORIENTED_EDGE('7878',*,*,#7143,.T.);
#7146=ORIENTED_EDGE('7879',*,*,#7145,.F.);
#7148=ORIENTED_EDGE('7911',*,*,#7147,.F.);
#7150=ORIENTED_EDGE('7880',*,*,#7149,.F.);
#7151=EDGE_LOOP('9947',(#7125,#7127,#7129,#7131,#7132,#7134,#7136,#7138,#7140,
#7142,#7144,#7146,#7148,#7150));
#7152=FACE_OUTER_BOUND('9947',#7151,.F.);
#7153=ADVANCED_FACE('9947',(#7152),#7123,.T.);
#7154=CARTESIAN_POINT('',(3.9E0,9.844529179312E-1,0.E0));
#7155=DIRECTION('',(0.E0,1.E0,0.E0));
#7156=DIRECTION('',(-1.E0,0.E0,0.E0));
#7157=AXIS2_PLACEMENT_3D('',#7154,#7155,#7156);
#7158=CYLINDRICAL_SURFACE('9948',#7157,1.25E-1);
#7159=ORIENTED_EDGE('7871',*,*,#7124,.F.);
#7161=ORIENTED_EDGE('7881',*,*,#7160,.F.);
#7163=ORIENTED_EDGE('7895',*,*,#7162,.F.);
#7165=ORIENTED_EDGE('8574',*,*,#7164,.F.);
#7166=EDGE_LOOP('9948',(#7159,#7161,#7163,#7165));
#7167=FACE_OUTER_BOUND('9948',#7166,.F.);
#7168=ADVANCED_FACE('9948',(#7167),#7158,.F.);
#7169=CARTESIAN_POINT('',(3.775E0,7.E-1,-4.5E-1));
#7170=DIRECTION('',(1.E0,0.E0,0.E0));
#7171=DIRECTION('',(0.E0,1.E0,0.E0));
#7172=AXIS2_PLACEMENT_3D('',#7169,#7170,#7171);
#7173=PLANE('9949',#7172);
#7175=ORIENTED_EDGE('7882',*,*,#7174,.F.);
#7177=ORIENTED_EDGE('7887',*,*,#7176,.F.);
#7179=ORIENTED_EDGE('7896',*,*,#7178,.F.);
#7180=ORIENTED_EDGE('7881',*,*,#7160,.T.);
#7181=ORIENTED_EDGE('7880',*,*,#7149,.T.);
#7183=ORIENTED_EDGE('7883',*,*,#7182,.T.);
#7185=ORIENTED_EDGE('7913',*,*,#7184,.F.);
#7187=ORIENTED_EDGE('7916',*,*,#7186,.F.);
#7189=ORIENTED_EDGE('7922',*,*,#7188,.F.);
#7191=ORIENTED_EDGE('7884',*,*,#7190,.T.);
#7192=EDGE_LOOP('9949',(#7175,#7177,#7179,#7180,#7181,#7183,#7185,#7187,#7189,
#7191));
#7193=FACE_OUTER_BOUND('9949',#7192,.F.);
#7194=ADVANCED_FACE('9949',(#7193),#7173,.T.);
#7195=CARTESIAN_POINT('',(3.811900743265E0,1.004160226447E0,
-4.955500058059E-1));
#7196=CARTESIAN_POINT('',(3.811900743265E0,1.002726948634E0,
-4.955812463568E-1));
#7197=CARTESIAN_POINT('',(3.811900743265E0,1.001293670822E0,
-4.956124869078E-1));
#7198=CARTESIAN_POINT('',(3.811900743265E0,9.998603930088E-1,
-4.956437274587E-1));
#7199=CARTESIAN_POINT('',(3.809080824261E0,1.004190266775E0,
-4.969966356881E-1));
#7200=CARTESIAN_POINT('',(3.809080824261E0,1.002756778068E0,
-4.970177203798E-1));
#7201=CARTESIAN_POINT('',(3.809080824261E0,1.001323289361E0,
-4.970388050715E-1));
#7202=CARTESIAN_POINT('',(3.809080824261E0,9.998898006548E-1,
-4.970598897633E-1));
#7203=CARTESIAN_POINT('',(3.799641349827E0,1.004249413130E0,
-5.022848391653E-1));
#7204=CARTESIAN_POINT('',(3.799641349827E0,1.002815509194E0,
-5.022687987771E-1));
#7205=CARTESIAN_POINT('',(3.799641349827E0,1.001381605259E0,
-5.022527583889E-1));
#7206=CARTESIAN_POINT('',(3.799641349827E0,9.999477013239E-1,
-5.022367180007E-1));
#7207=CARTESIAN_POINT('',(3.787051225831E0,1.003988440459E0,
-5.121964183607E-1));
#7208=CARTESIAN_POINT('',(3.787051225831E0,1.002556368645E0,
-5.121107951415E-1));
#7209=CARTESIAN_POINT('',(3.787051225831E0,1.001124296831E0,
-5.120251719222E-1));
#7210=CARTESIAN_POINT('',(3.787051225831E0,9.996922250178E-1,
-5.119395487030E-1));
#7211=CARTESIAN_POINT('',(3.777191159748E0,1.002688046722E0,
-5.262259996558E-1));
#7212=CARTESIAN_POINT('',(3.777191159748E0,1.001265104137E0,
-5.260418837578E-1));
#7213=CARTESIAN_POINT('',(3.777191159748E0,9.998421615527E-1,
-5.258577678598E-1));
#7214=CARTESIAN_POINT('',(3.777191159748E0,9.984192189681E-1,
-5.256736519618E-1));
#7215=CARTESIAN_POINT('',(3.774323960265E0,1.000598997908E0,
-5.388727232526E-1));
#7216=CARTESIAN_POINT('',(3.774323960265E0,9.991907211936E-1,
-5.385998228316E-1));
#7217=CARTESIAN_POINT('',(3.774323960265E0,9.977824444788E-1,
-5.383269224105E-1));
#7218=CARTESIAN_POINT('',(3.774323960265E0,9.963741677640E-1,
-5.380540219895E-1));
#7219=CARTESIAN_POINT('',(3.775417157831E0,9.987530955158E-1,
-5.469959239285E-1));
#7220=CARTESIAN_POINT('',(3.775417157831E0,9.973577776961E-1,
-5.466659957333E-1));
#7221=CARTESIAN_POINT('',(3.775417157831E0,9.959624598764E-1,
-5.463360675380E-1));
#7222=CARTESIAN_POINT('',(3.775417157831E0,9.945671420567E-1,
-5.460061393427E-1));
#7223=CARTESIAN_POINT('',(3.776251479476E0,9.979608563418E-1,
-5.501501105203E-1));
#7224=CARTESIAN_POINT('',(3.776251479476E0,9.965711003245E-1,
-5.497980388070E-1));
#7225=CARTESIAN_POINT('',(3.776251479476E0,9.951813443072E-1,
-5.494459670937E-1));
#7226=CARTESIAN_POINT('',(3.776251479476E0,9.937915882900E-1,
-5.490938953803E-1));
#7227=B_SPLINE_SURFACE_WITH_KNOTS('9950',3,3,((#7195,#7196,#7197,#7198),(#7199,
#7200,#7201,#7202),(#7203,#7204,#7205,#7206),(#7207,#7208,#7209,#7210),(#7211,
#7212,#7213,#7214),(#7215,#7216,#7217,#7218),(#7219,#7220,#7221,#7222),(#7223,
#7224,#7225,#7226)),.UNSPECIFIED.,.F.,.F.,.F.,(4,1,1,1,1,4),(4,4),(
-1.299066587830E-1,0.E0,3.333333333604E-1,6.666666666757E-1,1.E0,
1.205687037420E0),(-5.147278686791E-5,1.002625113728E0),.UNSPECIFIED.);
#7229=ORIENTED_EDGE('7885',*,*,#7228,.F.);
#7230=ORIENTED_EDGE('7882',*,*,#7174,.T.);
#7232=ORIENTED_EDGE('7892',*,*,#7231,.F.);
#7233=EDGE_LOOP('9950',(#7229,#7230,#7232));
#7234=FACE_OUTER_BOUND('9950',#7233,.F.);
#7235=ADVANCED_FACE('9950',(#7234),#7227,.F.);
#7236=CARTESIAN_POINT('',(3.789476568221E0,1.E0,-5.204124145226E-1));
#7237=DIRECTION('',(0.E0,1.E0,0.E0));
#7238=DIRECTION('',(-1.E0,0.E0,0.E0));
#7239=AXIS2_PLACEMENT_3D('',#7236,#7237,#7238);
#7240=PLANE('9952',#7239);
#7242=ORIENTED_EDGE('7891',*,*,#7241,.F.);
#7243=ORIENTED_EDGE('7887',*,*,#7176,.T.);
#7244=ORIENTED_EDGE('7885',*,*,#7228,.T.);
#7245=EDGE_LOOP('9952',(#7242,#7243,#7244));
#7246=FACE_OUTER_BOUND('9952',#7245,.F.);
#7247=ADVANCED_FACE('9952',(#7246),#7240,.T.);
#7248=CARTESIAN_POINT('',(-3.344111261896E0,8.E-1,-5.E-1));
#7249=DIRECTION('',(1.E0,0.E0,0.E0));
#7250=DIRECTION('',(0.E0,0.E0,-1.E0));
#7251=AXIS2_PLACEMENT_3D('',#7248,#7249,#7250);
#7252=CYLINDRICAL_SURFACE('9954',#7251,2.E-1);
#7254=ORIENTED_EDGE('7889',*,*,#7253,.T.);
#7256=ORIENTED_EDGE('7890',*,*,#7255,.F.);
#7257=ORIENTED_EDGE('7891',*,*,#7241,.T.);
#7258=ORIENTED_EDGE('7892',*,*,#7231,.T.);
#7259=ORIENTED_EDGE('7884',*,*,#7190,.F.);
#7261=ORIENTED_EDGE('7893',*,*,#7260,.F.);
#7263=ORIENTED_EDGE('7909',*,*,#7262,.F.);
#7265=ORIENTED_EDGE('7894',*,*,#7264,.T.);
#7266=EDGE_LOOP('9954',(#7254,#7256,#7257,#7258,#7259,#7261,#7263,#7265));
#7267=FACE_OUTER_BOUND('9954',#7266,.F.);
#7268=ADVANCED_FACE('9954',(#7267),#7252,.F.);
#7269=CARTESIAN_POINT('',(-3.189476568219E0,1.E0,-5.204124145236E-1));
#7270=DIRECTION('',(0.E0,1.E0,0.E0));
#7271=DIRECTION('',(-1.E0,0.E0,0.E0));
#7272=AXIS2_PLACEMENT_3D('',#7269,#7270,#7271);
#7273=PLANE('9951',#7272);
#7275=ORIENTED_EDGE('7888',*,*,#7274,.F.);
#7277=ORIENTED_EDGE('7886',*,*,#7276,.F.);
#7278=ORIENTED_EDGE('7889',*,*,#7253,.F.);
#7279=EDGE_LOOP('9951',(#7275,#7277,#7278));
#7280=FACE_OUTER_BOUND('9951',#7279,.F.);
#7281=ADVANCED_FACE('9951',(#7280),#7273,.T.);
#7282=CARTESIAN_POINT('',(-3.176157988650E0,9.980558932302E-1,
-5.497658815145E-1));
#7283=CARTESIAN_POINT('',(-3.176157988650E0,9.966690033569E-1,
-5.494173950546E-1));
#7284=CARTESIAN_POINT('',(-3.176157988650E0,9.952821134836E-1,
-5.490689085947E-1));
#7285=CARTESIAN_POINT('',(-3.176157988650E0,9.938952236103E-1,
-5.487204221348E-1));
#7286=CARTESIAN_POINT('',(-3.175384691128E0,9.988099929921E-1,
-5.467435965099E-1));
#7287=CARTESIAN_POINT('',(-3.175384691128E0,9.974178225220E-1,
-5.464162736538E-1));
#7288=CARTESIAN_POINT('',(-3.175384691128E0,9.960256520519E-1,
-5.460889507977E-1));
#7289=CARTESIAN_POINT('',(-3.175384691128E0,9.946334815818E-1,
-5.457616279416E-1));
#7290=CARTESIAN_POINT('',(-3.174347758998E0,1.000623597488E0,
-5.387308879466E-1));
#7291=CARTESIAN_POINT('',(-3.174347758998E0,9.992187272206E-1,
-5.384596742230E-1));
#7292=CARTESIAN_POINT('',(-3.174347758998E0,9.978138569532E-1,
-5.381884604994E-1));
#7293=CARTESIAN_POINT('',(-3.174347758998E0,9.964089866858E-1,
-5.379172467759E-1));
#7294=CARTESIAN_POINT('',(-3.177211739730E0,1.002692427764E0,
-5.261870050382E-1));
#7295=CARTESIAN_POINT('',(-3.177211739730E0,1.001273070476E0,
-5.260036300751E-1));
#7296=CARTESIAN_POINT('',(-3.177211739730E0,9.998537131878E-1,
-5.258202551121E-1));
#7297=CARTESIAN_POINT('',(-3.177211739730E0,9.984343559E-1,-5.256368801491E-1));
#7298=CARTESIAN_POINT('',(-3.187050069846E0,1.003987131263E0,
-5.122032421775E-1));
#7299=CARTESIAN_POINT('',(-3.187050069846E0,1.002558707791E0,
-5.121177887597E-1));
#7300=CARTESIAN_POINT('',(-3.187050069846E0,1.001130284319E0,
-5.120323353418E-1));
#7301=CARTESIAN_POINT('',(-3.187050069846E0,9.997018608471E-1,
-5.119468819240E-1));
#7302=CARTESIAN_POINT('',(-3.199822303401E0,1.004253261058E0,
-5.021404579982E-1));
#7303=CARTESIAN_POINT('',(-3.199822303401E0,1.002822974007E0,
-5.021254694035E-1));
#7304=CARTESIAN_POINT('',(-3.199822303401E0,1.001392686957E0,
-5.021104808088E-1));
#7305=CARTESIAN_POINT('',(-3.199822303401E0,9.999623999067E-1,
-5.020954922140E-1));
#7306=CARTESIAN_POINT('',(-3.209561373767E0,1.004186842218E0,
-4.967288529185E-1));
#7307=CARTESIAN_POINT('',(-3.209561373767E0,1.002757020267E0,
-4.967517591834E-1));
#7308=CARTESIAN_POINT('',(-3.209561373767E0,1.001327198316E0,
-4.967746654483E-1));
#7309=CARTESIAN_POINT('',(-3.209561373767E0,9.998973763647E-1,
-4.967975717132E-1));
#7310=CARTESIAN_POINT('',(-3.212671527385E0,1.004151160208E0,
-4.951594187523E-1));
#7311=CARTESIAN_POINT('',(-3.212671527385E0,1.002721588121E0,
-4.951933150075E-1));
#7312=CARTESIAN_POINT('',(-3.212671527385E0,1.001292016034E0,
-4.952272112627E-1));
#7313=CARTESIAN_POINT('',(-3.212671527385E0,9.998624439463E-1,
-4.952611075179E-1));
#7314=B_SPLINE_SURFACE_WITH_KNOTS('9953',3,3,((#7282,#7283,#7284,#7285),(#7286,
#7287,#7288,#7289),(#7290,#7291,#7292,#7293),(#7294,#7295,#7296,#7297),(#7298,
#7299,#7300,#7301),(#7302,#7303,#7304,#7305),(#7306,#7307,#7308,#7309),(#7310,
#7311,#7312,#7313)),.UNSPECIFIED.,.F.,.F.,.F.,(4,1,1,1,1,4),(4,4),(
-1.965996854044E-1,0.E0,3.333333333421E-1,6.666666666696E-1,1.E0,
1.141581212970E0),(-2.592955265480E-6,1.000132239627E0),.UNSPECIFIED.);
#7315=ORIENTED_EDGE('7888',*,*,#7274,.T.);
#7316=ORIENTED_EDGE('7894',*,*,#7264,.F.);
#7318=ORIENTED_EDGE('7908',*,*,#7317,.F.);
#7319=EDGE_LOOP('9953',(#7315,#7316,#7318));
#7320=FACE_OUTER_BOUND('9953',#7319,.F.);
#7321=ADVANCED_FACE('9953',(#7320),#7314,.F.);
#7322=CARTESIAN_POINT('',(-3.175E0,8.E-1,-4.5E-1));
#7323=DIRECTION('',(1.E0,0.E0,0.E0));
#7324=DIRECTION('',(0.E0,-1.E0,0.E0));
#7325=AXIS2_PLACEMENT_3D('',#7322,#7323,#7324);
#7326=PLANE('9956',#7325);
#7328=ORIENTED_EDGE('7906',*,*,#7327,.T.);
#7329=ORIENTED_EDGE('7879',*,*,#7145,.T.);
#7331=ORIENTED_EDGE('7907',*,*,#7330,.F.);
#7333=ORIENTED_EDGE('7897',*,*,#7332,.T.);
#7334=ORIENTED_EDGE('7886',*,*,#7276,.T.);
#7335=ORIENTED_EDGE('7908',*,*,#7317,.T.);
#7336=ORIENTED_EDGE('7909',*,*,#7262,.T.);
#7338=ORIENTED_EDGE('7921',*,*,#7337,.F.);
#7340=ORIENTED_EDGE('7917',*,*,#7339,.F.);
#7342=ORIENTED_EDGE('7910',*,*,#7341,.F.);
#7343=EDGE_LOOP('9956',(#7328,#7329,#7331,#7333,#7334,#7335,#7336,#7338,#7340,
#7342));
#7344=FACE_OUTER_BOUND('9956',#7343,.F.);
#7345=ADVANCED_FACE('9956',(#7344),#7326,.F.);
#7346=CARTESIAN_POINT('',(-3.314E0,8.E-1,-5.E-1));
#7347=DIRECTION('',(1.E0,0.E0,0.E0));
#7348=DIRECTION('',(0.E0,0.E0,-1.E0));
#7349=AXIS2_PLACEMENT_3D('',#7346,#7347,#7348);
#7350=CYLINDRICAL_SURFACE('9957',#7349,4.E-1);
#7351=ORIENTED_EDGE('7883',*,*,#7182,.F.);
#7352=ORIENTED_EDGE('7911',*,*,#7147,.T.);
#7353=ORIENTED_EDGE('7906',*,*,#7327,.F.);
#7355=ORIENTED_EDGE('7912',*,*,#7354,.F.);
#7356=EDGE_LOOP('9957',(#7351,#7352,#7353,#7355));
#7357=FACE_OUTER_BOUND('9957',#7356,.F.);
#7358=ADVANCED_FACE('9957',(#7357),#7350,.T.);
#7359=CARTESIAN_POINT('',(3.E-1,5.000000000002E-1,-9.E-1));
#7360=DIRECTION('',(0.E0,0.E0,1.E0));
#7361=DIRECTION('',(0.E0,-1.E0,0.E0));
#7362=AXIS2_PLACEMENT_3D('',#7359,#7360,#7361);
#7363=PLANE('9958',#7362);
#7365=ORIENTED_EDGE('7915',*,*,#7364,.F.);
#7366=ORIENTED_EDGE('7913',*,*,#7184,.T.);
#7367=ORIENTED_EDGE('7912',*,*,#7354,.T.);
#7368=ORIENTED_EDGE('7910',*,*,#7341,.T.);
#7370=ORIENTED_EDGE('7914',*,*,#7369,.T.);
#7371=EDGE_LOOP('9958',(#7365,#7366,#7367,#7368,#7370));
#7372=FACE_OUTER_BOUND('9958',#7371,.F.);
#7373=ADVANCED_FACE('9958',(#7372),#7363,.F.);
#7374=CARTESIAN_POINT('',(4.E-1,2.E-1,-8.E-1));
#7375=DIRECTION('',(0.E0,1.E0,0.E0));
#7376=DIRECTION('',(1.E0,0.E0,0.E0));
#7377=AXIS2_PLACEMENT_3D('',#7374,#7375,#7376);
#7378=PLANE('9959',#7377);
#7379=ORIENTED_EDGE('7915',*,*,#7364,.T.);
#7381=ORIENTED_EDGE('7918',*,*,#7380,.F.);
#7383=ORIENTED_EDGE('7919',*,*,#7382,.F.);
#7384=ORIENTED_EDGE('7916',*,*,#7186,.T.);
#7385=EDGE_LOOP('9959',(#7379,#7381,#7383,#7384));
#7386=FACE_OUTER_BOUND('9959',#7385,.F.);
#7387=ADVANCED_FACE('9959',(#7386),#7378,.F.);
#7388=CARTESIAN_POINT('',(-2.975E0,4.E-1,-6.844529179312E-1));
#7389=DIRECTION('',(0.E0,0.E0,-1.E0));
#7390=DIRECTION('',(0.E0,-1.E0,0.E0));
#7391=AXIS2_PLACEMENT_3D('',#7388,#7389,#7390);
#7392=CYLINDRICAL_SURFACE('9960',#7391,2.E-1);
#7393=ORIENTED_EDGE('7914',*,*,#7369,.F.);
#7394=ORIENTED_EDGE('7917',*,*,#7339,.T.);
#7396=ORIENTED_EDGE('7920',*,*,#7395,.F.);
#7397=ORIENTED_EDGE('7918',*,*,#7380,.T.);
#7398=EDGE_LOOP('9960',(#7393,#7394,#7396,#7397));
#7399=FACE_OUTER_BOUND('9960',#7398,.F.);
#7400=ADVANCED_FACE('9960',(#7399),#7392,.T.);
#7401=CARTESIAN_POINT('',(3.E-1,5.E-1,-7.E-1));
#7402=DIRECTION('',(0.E0,0.E0,1.E0));
#7403=DIRECTION('',(0.E0,-1.E0,0.E0));
#7404=AXIS2_PLACEMENT_3D('',#7401,#7402,#7403);
#7405=PLANE('9961',#7404);
#7406=ORIENTED_EDGE('7919',*,*,#7382,.T.);
#7407=ORIENTED_EDGE('7920',*,*,#7395,.T.);
#7408=ORIENTED_EDGE('7921',*,*,#7337,.T.);
#7409=ORIENTED_EDGE('7893',*,*,#7260,.T.);
#7410=ORIENTED_EDGE('7922',*,*,#7188,.T.);
#7411=EDGE_LOOP('9961',(#7406,#7407,#7408,#7409,#7410));
#7412=FACE_OUTER_BOUND('9961',#7411,.F.);
#7413=ADVANCED_FACE('9961',(#7412),#7405,.T.);
#7414=CARTESIAN_POINT('',(-3.3E0,9.844529179312E-1,0.E0));
#7415=DIRECTION('',(0.E0,1.E0,0.E0));
#7416=DIRECTION('',(-1.E0,0.E0,0.E0));
#7417=AXIS2_PLACEMENT_3D('',#7414,#7415,#7416);
#7418=CYLINDRICAL_SURFACE('9962',#7417,1.249999999990E-1);
#7419=ORIENTED_EDGE('7878',*,*,#7143,.F.);
#7421=ORIENTED_EDGE('7923',*,*,#7420,.F.);
#7423=ORIENTED_EDGE('7898',*,*,#7422,.F.);
#7424=ORIENTED_EDGE('7907',*,*,#7330,.T.);
#7425=EDGE_LOOP('9962',(#7419,#7421,#7423,#7424));
#7426=FACE_OUTER_BOUND('9962',#7425,.F.);
#7427=ADVANCED_FACE('9962',(#7426),#7418,.F.);
#7428=CARTESIAN_POINT('',(-3.774999999999E0,1.1E0,0.E0));
#7429=DIRECTION('',(0.E0,0.E0,1.E0));
#7430=DIRECTION('',(1.E0,0.E0,0.E0));
#7431=AXIS2_PLACEMENT_3D('',#7428,#7429,#7430);
#7432=PLANE('9963',#7431);
#7433=ORIENTED_EDGE('7877',*,*,#7141,.T.);
#7435=ORIENTED_EDGE('7924',*,*,#7434,.F.);
#7437=ORIENTED_EDGE('7899',*,*,#7436,.T.);
#7438=ORIENTED_EDGE('7923',*,*,#7420,.T.);
#7439=EDGE_LOOP('9963',(#7433,#7435,#7437,#7438));
#7440=FACE_OUTER_BOUND('9963',#7439,.F.);
#7441=ADVANCED_FACE('9963',(#7440),#7432,.F.);
#7442=CARTESIAN_POINT('',(-4.249999999999E0,9.844529179312E-1,0.E0));
#7443=DIRECTION('',(0.E0,1.E0,0.E0));
#7444=DIRECTION('',(-1.E0,0.E0,0.E0));
#7445=AXIS2_PLACEMENT_3D('',#7442,#7443,#7444);
#7446=CYLINDRICAL_SURFACE('9964',#7445,1.25E-1);
#7447=ORIENTED_EDGE('7876',*,*,#7139,.F.);
#7449=ORIENTED_EDGE('7925',*,*,#7448,.F.);
#7451=ORIENTED_EDGE('7900',*,*,#7450,.F.);
#7452=ORIENTED_EDGE('7924',*,*,#7434,.T.);
#7453=EDGE_LOOP('9964',(#7447,#7449,#7451,#7452));
#7454=FACE_OUTER_BOUND('9964',#7453,.F.);
#7455=ADVANCED_FACE('9964',(#7454),#7446,.F.);
#7456=CARTESIAN_POINT('',(-4.8875E0,0.E0,0.E0));
#7457=DIRECTION('',(0.E0,0.E0,1.E0));
#7458=DIRECTION('',(-1.E0,0.E0,0.E0));
#7459=AXIS2_PLACEMENT_3D('',#7456,#7457,#7458);
#7460=PLANE('9965',#7459);
#7462=ORIENTED_EDGE('7926',*,*,#7461,.T.);
#7464=ORIENTED_EDGE('7901',*,*,#7463,.T.);
#7465=ORIENTED_EDGE('7925',*,*,#7448,.T.);
#7466=ORIENTED_EDGE('7875',*,*,#7137,.T.);
#7468=ORIENTED_EDGE('7927',*,*,#7467,.T.);
#7469=ORIENTED_EDGE('7928',*,*,#5249,.F.);
#7471=ORIENTED_EDGE('7929',*,*,#7470,.F.);
#7473=ORIENTED_EDGE('7930',*,*,#7472,.F.);
#7474=EDGE_LOOP('9965',(#7462,#7464,#7465,#7466,#7468,#7469,#7471,#7473));
#7475=FACE_OUTER_BOUND('9965',#7474,.F.);
#7476=ADVANCED_FACE('9965',(#7475),#7460,.F.);
#7477=CARTESIAN_POINT('',(-4.9E0,7.E-1,-9.E-2));
#7478=DIRECTION('',(0.E0,0.E0,1.E0));
#7479=DIRECTION('',(1.E0,0.E0,0.E0));
#7480=AXIS2_PLACEMENT_3D('',#7477,#7478,#7479);
#7481=CYLINDRICAL_SURFACE('9966',#7480,3.E-1);
#7482=ORIENTED_EDGE('7926',*,*,#7461,.F.);
#7484=ORIENTED_EDGE('7931',*,*,#7483,.F.);
#7486=ORIENTED_EDGE('8039',*,*,#7485,.F.);
#7488=ORIENTED_EDGE('7932',*,*,#7487,.F.);
#7490=ORIENTED_EDGE('7933',*,*,#7489,.T.);
#7491=EDGE_LOOP('9966',(#7482,#7484,#7486,#7488,#7490));
#7492=FACE_OUTER_BOUND('9966',#7491,.F.);
#7493=ADVANCED_FACE('9966',(#7492),#7481,.F.);
#7494=CARTESIAN_POINT('',(-5.2E0,-2.499999999999E-1,4.5E-1));
#7495=DIRECTION('',(1.E0,0.E0,0.E0));
#7496=DIRECTION('',(0.E0,-1.E0,0.E0));
#7497=AXIS2_PLACEMENT_3D('',#7494,#7495,#7496);
#7498=PLANE('9967',#7497);
#7500=ORIENTED_EDGE('7934',*,*,#7499,.F.);
#7501=ORIENTED_EDGE('7931',*,*,#7483,.T.);
#7502=ORIENTED_EDGE('7930',*,*,#7472,.T.);
#7504=ORIENTED_EDGE('7985',*,*,#7503,.F.);
#7506=ORIENTED_EDGE('7981',*,*,#7505,.F.);
#7508=ORIENTED_EDGE('7938',*,*,#7507,.F.);
#7509=EDGE_LOOP('9967',(#7500,#7501,#7502,#7504,#7506,#7508));
#7510=FACE_OUTER_BOUND('9967',#7509,.F.);
#7511=ADVANCED_FACE('9967',(#7510),#7498,.T.);
#7512=CARTESIAN_POINT('',(-5.150000010710E0,-1.250000000380E-1,
5.000001071009E-2));
#7513=DIRECTION('',(7.071067811830E-1,0.E0,7.071067811901E-1));
#7514=DIRECTION('',(0.E0,-1.E0,0.E0));
#7515=AXIS2_PLACEMENT_3D('',#7512,#7513,#7514);
#7516=PLANE('9968',#7515);
#7517=ORIENTED_EDGE('7934',*,*,#7499,.T.);
#7519=ORIENTED_EDGE('7936',*,*,#7518,.F.);
#7521=ORIENTED_EDGE('7935',*,*,#7520,.F.);
#7523=ORIENTED_EDGE('8040',*,*,#7522,.F.);
#7524=EDGE_LOOP('9968',(#7517,#7519,#7521,#7523));
#7525=FACE_OUTER_BOUND('9968',#7524,.F.);
#7526=ADVANCED_FACE('9968',(#7525),#7516,.F.);
#7527=CARTESIAN_POINT('',(-5.E0,-1.05E0,4.999981127451E-2));
#7528=DIRECTION('',(0.E0,0.E0,1.E0));
#7529=DIRECTION('',(0.E0,-1.E0,0.E0));
#7530=AXIS2_PLACEMENT_3D('',#7527,#7528,#7529);
#7531=CONICAL_SURFACE('9969',#7530,1.499997466816E-1,4.499998766367E1);
#7532=ORIENTED_EDGE('7936',*,*,#7518,.T.);
#7534=ORIENTED_EDGE('7942',*,*,#7533,.F.);
#7536=ORIENTED_EDGE('7937',*,*,#7535,.F.);
#7538=ORIENTED_EDGE('8046',*,*,#7537,.F.);
#7539=EDGE_LOOP('9969',(#7532,#7534,#7536,#7538));
#7540=FACE_OUTER_BOUND('9969',#7539,.F.);
#7541=ADVANCED_FACE('9969',(#7540),#7531,.T.);
#7542=CARTESIAN_POINT('',(-5.E0,-1.05E0,1.000000000001E-2));
#7543=DIRECTION('',(0.E0,0.E0,1.E0));
#7544=DIRECTION('',(-1.E0,0.E0,0.E0));
#7545=AXIS2_PLACEMENT_3D('',#7542,#7543,#7544);
#7546=CYLINDRICAL_SURFACE('9970',#7545,2.E-1);
#7547=ORIENTED_EDGE('7938',*,*,#7507,.T.);
#7549=ORIENTED_EDGE('7939',*,*,#7548,.F.);
#7551=ORIENTED_EDGE('7940',*,*,#7550,.F.);
#7552=ORIENTED_EDGE('7941',*,*,#5386,.T.);
#7553=ORIENTED_EDGE('7942',*,*,#7533,.T.);
#7554=EDGE_LOOP('9970',(#7547,#7549,#7551,#7552,#7553));
#7555=FACE_OUTER_BOUND('9970',#7554,.F.);
#7556=ADVANCED_FACE('9970',(#7555),#7546,.T.);
#7557=CARTESIAN_POINT('',(-5.2E0,-9.998074707666E-1,1.E0));
#7558=DIRECTION('',(1.E0,0.E0,0.E0));
#7559=DIRECTION('',(0.E0,-1.E0,0.E0));
#7560=AXIS2_PLACEMENT_3D('',#7557,#7558,#7559);
#7561=PLANE('9976',#7560);
#7563=ORIENTED_EDGE('7957',*,*,#7562,.T.);
#7564=ORIENTED_EDGE('7939',*,*,#7548,.T.);
#7565=EDGE_LOOP('9976',(#7563,#7564));
#7566=FACE_OUTER_BOUND('9976',#7565,.F.);
#7567=ADVANCED_FACE('9976',(#7566),#7561,.F.);
#7568=CARTESIAN_POINT('',(-5.184452917931E0,-1.05E0,1.E0));
#7569=DIRECTION('',(-1.E0,0.E0,0.E0));
#7570=DIRECTION('',(0.E0,0.E0,1.E0));
#7571=AXIS2_PLACEMENT_3D('',#7568,#7569,#7570);
#7572=CYLINDRICAL_SURFACE('9985',#7571,1.E-1);
#7573=ORIENTED_EDGE('7957',*,*,#7562,.F.);
#7575=ORIENTED_EDGE('7979',*,*,#7574,.F.);
#7576=ORIENTED_EDGE('7986',*,*,#5243,.F.);
#7578=ORIENTED_EDGE('7980',*,*,#7577,.T.);
#7579=EDGE_LOOP('9985',(#7573,#7575,#7576,#7578));
#7580=FACE_OUTER_BOUND('9985',#7579,.F.);
#7581=ADVANCED_FACE('9985',(#7580),#7572,.F.);
#7582=CARTESIAN_POINT('',(-5.3E0,-1.125E0,9.E-1));
#7583=DIRECTION('',(0.E0,0.E0,1.E0));
#7584=DIRECTION('',(0.E0,1.E0,0.E0));
#7585=AXIS2_PLACEMENT_3D('',#7582,#7583,#7584);
#7586=PLANE('9986',#7585);
#7587=ORIENTED_EDGE('7981',*,*,#7505,.T.);
#7589=ORIENTED_EDGE('7984',*,*,#7588,.F.);
#7590=ORIENTED_EDGE('7982',*,*,#5245,.F.);
#7591=ORIENTED_EDGE('7979',*,*,#7574,.T.);
#7592=EDGE_LOOP('9986',(#7587,#7589,#7590,#7591));
#7593=FACE_OUTER_BOUND('9986',#7592,.F.);
#7594=ADVANCED_FACE('9986',(#7593),#7586,.T.);
#7595=CARTESIAN_POINT('',(-5.3E0,-1.2E0,4.5E-1));
#7596=DIRECTION('',(0.E0,1.E0,0.E0));
#7597=DIRECTION('',(0.E0,0.E0,1.E0));
#7598=AXIS2_PLACEMENT_3D('',#7595,#7596,#7597);
#7599=PLANE('9987',#7598);
#7600=ORIENTED_EDGE('7929',*,*,#7470,.T.);
#7601=ORIENTED_EDGE('7983',*,*,#5247,.F.);
#7602=ORIENTED_EDGE('7984',*,*,#7588,.T.);
#7603=ORIENTED_EDGE('7985',*,*,#7503,.T.);
#7604=EDGE_LOOP('9987',(#7600,#7601,#7602,#7603));
#7605=FACE_OUTER_BOUND('9987',#7604,.F.);
#7606=ADVANCED_FACE('9987',(#7605),#7599,.F.);
#7607=CARTESIAN_POINT('',(-5.05E0,-1.25E0,1.1E0));
#7608=DIRECTION('',(0.E0,0.E0,1.E0));
#7609=DIRECTION('',(1.E0,0.E0,0.E0));
#7610=AXIS2_PLACEMENT_3D('',#7607,#7608,#7609);
#7611=PLANE('9984',#7610);
#7612=ORIENTED_EDGE('7739',*,*,#5388,.T.);
#7613=ORIENTED_EDGE('7940',*,*,#7550,.T.);
#7614=ORIENTED_EDGE('7980',*,*,#7577,.F.);
#7616=ORIENTED_EDGE('7978',*,*,#7615,.T.);
#7617=ORIENTED_EDGE('7973',*,*,#5338,.T.);
#7618=ORIENTED_EDGE('7976',*,*,#5357,.T.);
#7619=EDGE_LOOP('9984',(#7612,#7613,#7614,#7616,#7617,#7618));
#7620=FACE_OUTER_BOUND('9984',#7619,.F.);
#7621=ADVANCED_FACE('9984',(#7620),#7611,.F.);
#7622=CARTESIAN_POINT('',(-5.E0,-1.05E0,1.03E0));
#7623=DIRECTION('',(0.E0,0.E0,1.E0));
#7624=DIRECTION('',(0.E0,-1.E0,0.E0));
#7625=AXIS2_PLACEMENT_3D('',#7622,#7623,#7624);
#7626=CYLINDRICAL_SURFACE('9989',#7625,4.E-1);
#7627=ORIENTED_EDGE('7978',*,*,#7615,.F.);
#7628=ORIENTED_EDGE('7995',*,*,#5241,.T.);
#7629=ORIENTED_EDGE('7965',*,*,#5287,.F.);
#7630=ORIENTED_EDGE('7996',*,*,#5340,.T.);
#7631=EDGE_LOOP('9989',(#7627,#7628,#7629,#7630));
#7632=FACE_OUTER_BOUND('9989',#7631,.F.);
#7633=ADVANCED_FACE('9989',(#7632),#7626,.T.);
#7634=CARTESIAN_POINT('',(-4.775E0,-1.199999999997E0,4.999999999709E-2));
#7635=DIRECTION('',(0.E0,7.071067811836E-1,7.071067811895E-1));
#7636=DIRECTION('',(-1.E0,0.E0,0.E0));
#7637=AXIS2_PLACEMENT_3D('',#7634,#7635,#7636);
#7638=PLANE('10015',#7637);
#7640=ORIENTED_EDGE('8047',*,*,#7639,.T.);
#7641=ORIENTED_EDGE('7937',*,*,#7535,.T.);
#7642=ORIENTED_EDGE('8048',*,*,#5384,.T.);
#7644=ORIENTED_EDGE('8049',*,*,#7643,.F.);
#7645=EDGE_LOOP('10015',(#7640,#7641,#7642,#7644));
#7646=FACE_OUTER_BOUND('10015',#7645,.F.);
#7647=ADVANCED_FACE('10015',(#7646),#7638,.F.);
#7648=CARTESIAN_POINT('',(-4.625E0,-1.75E-1,0.E0));
#7649=DIRECTION('',(0.E0,0.E0,1.E0));
#7650=DIRECTION('',(1.E0,0.E0,0.E0));
#7651=AXIS2_PLACEMENT_3D('',#7648,#7649,#7650);
#7652=PLANE('10014',#7651);
#7653=ORIENTED_EDGE('8047',*,*,#7639,.F.);
#7655=ORIENTED_EDGE('8053',*,*,#7654,.F.);
#7657=ORIENTED_EDGE('8438',*,*,#7656,.F.);
#7659=ORIENTED_EDGE('8423',*,*,#7658,.F.);
#7660=ORIENTED_EDGE('7712',*,*,#6281,.T.);
#7662=ORIENTED_EDGE('8443',*,*,#7661,.F.);
#7664=ORIENTED_EDGE('8045',*,*,#7663,.T.);
#7665=ORIENTED_EDGE('7935',*,*,#7520,.T.);
#7666=ORIENTED_EDGE('8046',*,*,#7537,.T.);
#7667=EDGE_LOOP('10014',(#7653,#7655,#7657,#7659,#7660,#7662,#7664,#7665,
#7666));
#7668=FACE_OUTER_BOUND('10014',#7667,.F.);
#7669=ADVANCED_FACE('10014',(#7668),#7652,.F.);
#7670=CARTESIAN_POINT('',(-4.55E0,-9.25E-1,5.E-1));
#7671=DIRECTION('',(1.E0,0.E0,0.E0));
#7672=DIRECTION('',(0.E0,1.E0,0.E0));
#7673=AXIS2_PLACEMENT_3D('',#7670,#7671,#7672);
#7674=PLANE('10016',#7673);
#7675=ORIENTED_EDGE('8049',*,*,#7643,.T.);
#7676=ORIENTED_EDGE('8050',*,*,#5382,.T.);
#7677=ORIENTED_EDGE('8051',*,*,#6880,.F.);
#7679=ORIENTED_EDGE('8052',*,*,#7678,.F.);
#7680=ORIENTED_EDGE('8053',*,*,#7654,.T.);
#7681=EDGE_LOOP('10016',(#7675,#7676,#7677,#7679,#7680));
#7682=FACE_OUTER_BOUND('10016',#7681,.F.);
#7683=ADVANCED_FACE('10016',(#7682),#7674,.T.);
#7684=CARTESIAN_POINT('',(-4.35E0,-6.E-1,5.E-1));
#7685=DIRECTION('',(0.E0,1.E0,0.E0));
#7686=DIRECTION('',(1.E0,0.E0,0.E0));
#7687=AXIS2_PLACEMENT_3D('',#7684,#7685,#7686);
#7688=PLANE('10160',#7687);
#7689=ORIENTED_EDGE('8438',*,*,#7656,.T.);
#7690=ORIENTED_EDGE('8052',*,*,#7678,.T.);
#7691=ORIENTED_EDGE('8439',*,*,#6878,.T.);
#7693=ORIENTED_EDGE('8440',*,*,#7692,.T.);
#7694=EDGE_LOOP('10160',(#7689,#7690,#7691,#7693));
#7695=FACE_OUTER_BOUND('10160',#7694,.F.);
#7696=ADVANCED_FACE('10160',(#7695),#7688,.F.);
#7697=CARTESIAN_POINT('',(-4.15E0,-5.E-1,2.05E0));
#7698=DIRECTION('',(1.E0,0.E0,0.E0));
#7699=DIRECTION('',(0.E0,1.E0,0.E0));
#7700=AXIS2_PLACEMENT_3D('',#7697,#7698,#7699);
#7701=PLANE('10152',#7700);
#7703=ORIENTED_EDGE('8419',*,*,#7702,.T.);
#7705=ORIENTED_EDGE('8425',*,*,#7704,.F.);
#7707=ORIENTED_EDGE('8420',*,*,#7706,.T.);
#7709=ORIENTED_EDGE('8421',*,*,#7708,.T.);
#7710=ORIENTED_EDGE('8422',*,*,#6283,.T.);
#7711=ORIENTED_EDGE('8423',*,*,#7658,.T.);
#7712=ORIENTED_EDGE('8440',*,*,#7692,.F.);
#7713=ORIENTED_EDGE('8068',*,*,#6876,.T.);
#7714=EDGE_LOOP('10152',(#7703,#7705,#7707,#7709,#7710,#7711,#7712,#7713));
#7715=FACE_OUTER_BOUND('10152',#7714,.F.);
#7716=ADVANCED_FACE('10152',(#7715),#7701,.T.);
#7717=CARTESIAN_POINT('',(-4.26E0,-7.999999999999E-1,1.05E0));
#7718=DIRECTION('',(0.E0,7.071067811880E-1,7.071067811851E-1));
#7719=DIRECTION('',(-1.E0,0.E0,0.E0));
#7720=AXIS2_PLACEMENT_3D('',#7717,#7718,#7719);
#7721=PLANE('10153',#7720);
#7723=ORIENTED_EDGE('8426',*,*,#7722,.F.);
#7724=ORIENTED_EDGE('8419',*,*,#7702,.F.);
#7725=ORIENTED_EDGE('8067',*,*,#6874,.T.);
#7727=ORIENTED_EDGE('8424',*,*,#7726,.F.);
#7728=EDGE_LOOP('10153',(#7723,#7724,#7725,#7727));
#7729=FACE_OUTER_BOUND('10153',#7728,.F.);
#7730=ADVANCED_FACE('10153',(#7729),#7721,.F.);
#7731=CARTESIAN_POINT('',(-4.21E0,-9.249999999999E-1,1.1E0));
#7732=DIRECTION('',(0.E0,0.E0,1.E0));
#7733=DIRECTION('',(-1.E0,0.E0,0.E0));
#7734=AXIS2_PLACEMENT_3D('',#7731,#7732,#7733);
#7735=PLANE('10154',#7734);
#7737=ORIENTED_EDGE('8428',*,*,#7736,.F.);
#7738=ORIENTED_EDGE('8425',*,*,#7704,.T.);
#7739=ORIENTED_EDGE('8426',*,*,#7722,.T.);
#7741=ORIENTED_EDGE('8436',*,*,#7740,.F.);
#7742=EDGE_LOOP('10154',(#7737,#7738,#7739,#7741));
#7743=FACE_OUTER_BOUND('10154',#7742,.F.);
#7744=ADVANCED_FACE('10154',(#7743),#7735,.F.);
#7745=CARTESIAN_POINT('',(-3.85E0,-1.05E0,1.05E0));
#7746=DIRECTION('',(0.E0,7.071067811865E-1,-7.071067811865E-1));
#7747=DIRECTION('',(-1.E0,0.E0,0.E0));
#7748=AXIS2_PLACEMENT_3D('',#7745,#7746,#7747);
#7749=PLANE('10155',#7748);
#7751=ORIENTED_EDGE('8431',*,*,#7750,.F.);
#7753=ORIENTED_EDGE('8427',*,*,#7752,.T.);
#7754=ORIENTED_EDGE('8428',*,*,#7736,.T.);
#7756=ORIENTED_EDGE('8429',*,*,#7755,.F.);
#7757=ORIENTED_EDGE('8066',*,*,#6870,.T.);
#7759=ORIENTED_EDGE('8430',*,*,#7758,.F.);
#7760=EDGE_LOOP('10155',(#7751,#7753,#7754,#7756,#7757,#7759));
#7761=FACE_OUTER_BOUND('10155',#7760,.F.);
#7762=ADVANCED_FACE('10155',(#7761),#7749,.T.);
#7763=CARTESIAN_POINT('',(-3.49E0,-9.249999999999E-1,1.1E0));
#7764=DIRECTION('',(0.E0,0.E0,1.E0));
#7765=DIRECTION('',(-1.E0,0.E0,0.E0));
#7766=AXIS2_PLACEMENT_3D('',#7763,#7764,#7765);
#7767=PLANE('10156',#7766);
#7768=ORIENTED_EDGE('8431',*,*,#7750,.T.);
#7770=ORIENTED_EDGE('8432',*,*,#7769,.F.);
#7772=ORIENTED_EDGE('8434',*,*,#7771,.F.);
#7774=ORIENTED_EDGE('8413',*,*,#7773,.T.);
#7775=EDGE_LOOP('10156',(#7768,#7770,#7772,#7774));
#7776=FACE_OUTER_BOUND('10156',#7775,.F.);
#7777=ADVANCED_FACE('10156',(#7776),#7767,.F.);
#7778=CARTESIAN_POINT('',(-3.38E0,-9.25E-1,1.05E0));
#7779=DIRECTION('',(7.071067811851E-1,0.E0,7.071067811880E-1));
#7780=DIRECTION('',(0.E0,-1.E0,0.E0));
#7781=AXIS2_PLACEMENT_3D('',#7778,#7779,#7780);
#7782=PLANE('10157',#7781);
#7783=ORIENTED_EDGE('8432',*,*,#7769,.T.);
#7784=ORIENTED_EDGE('8430',*,*,#7758,.T.);
#7785=ORIENTED_EDGE('8065',*,*,#6868,.T.);
#7787=ORIENTED_EDGE('8433',*,*,#7786,.F.);
#7788=EDGE_LOOP('10157',(#7783,#7784,#7785,#7787));
#7789=FACE_OUTER_BOUND('10157',#7788,.F.);
#7790=ADVANCED_FACE('10157',(#7789),#7782,.F.);
#7791=CARTESIAN_POINT('',(-3.44E0,-7.999999999999E-1,1.05E0));
#7792=DIRECTION('',(0.E0,7.071067811880E-1,7.071067811851E-1));
#7793=DIRECTION('',(-1.E0,0.E0,0.E0));
#7794=AXIS2_PLACEMENT_3D('',#7791,#7792,#7793);
#7795=PLANE('10158',#7794);
#7796=ORIENTED_EDGE('8434',*,*,#7771,.T.);
#7797=ORIENTED_EDGE('8433',*,*,#7786,.T.);
#7798=ORIENTED_EDGE('8435',*,*,#6866,.T.);
#7800=ORIENTED_EDGE('8414',*,*,#7799,.F.);
#7801=EDGE_LOOP('10158',(#7796,#7797,#7798,#7800));
#7802=FACE_OUTER_BOUND('10158',#7801,.F.);
#7803=ADVANCED_FACE('10158',(#7802),#7795,.F.);
#7804=CARTESIAN_POINT('',(-3.55E0,-5.E-1,2.55E0));
#7805=DIRECTION('',(1.E0,0.E0,0.E0));
#7806=DIRECTION('',(0.E0,-1.E0,0.E0));
#7807=AXIS2_PLACEMENT_3D('',#7804,#7805,#7806);
#7808=PLANE('10149',#7807);
#7810=ORIENTED_EDGE('8412',*,*,#7809,.F.);
#7811=ORIENTED_EDGE('8413',*,*,#7773,.F.);
#7812=ORIENTED_EDGE('8414',*,*,#7799,.T.);
#7813=ORIENTED_EDGE('8415',*,*,#6864,.T.);
#7814=ORIENTED_EDGE('8416',*,*,#6287,.T.);
#7816=ORIENTED_EDGE('8417',*,*,#7815,.F.);
#7817=EDGE_LOOP('10149',(#7810,#7811,#7812,#7813,#7814,#7816));
#7818=FACE_OUTER_BOUND('10149',#7817,.F.);
#7819=ADVANCED_FACE('10149',(#7818),#7808,.F.);
#7820=CARTESIAN_POINT('',(-3.85E0,-1.E0,2.6E0));
#7821=DIRECTION('',(0.E0,1.E0,0.E0));
#7822=DIRECTION('',(-1.E0,0.E0,0.E0));
#7823=AXIS2_PLACEMENT_3D('',#7820,#7821,#7822);
#7824=PLANE('10150',#7823);
#7825=ORIENTED_EDGE('8412',*,*,#7809,.T.);
#7827=ORIENTED_EDGE('8418',*,*,#7826,.F.);
#7828=ORIENTED_EDGE('8420',*,*,#7706,.F.);
#7829=ORIENTED_EDGE('8427',*,*,#7752,.F.);
#7830=EDGE_LOOP('10150',(#7825,#7827,#7828,#7829));
#7831=FACE_OUTER_BOUND('10150',#7830,.F.);
#7832=ADVANCED_FACE('10150',(#7831),#7824,.T.);
#7833=CARTESIAN_POINT('',(-3.85E0,-5.E-1,4.1E0));
#7834=DIRECTION('',(0.E0,0.E0,1.E0));
#7835=DIRECTION('',(-1.E0,0.E0,0.E0));
#7836=AXIS2_PLACEMENT_3D('',#7833,#7834,#7835);
#7837=PLANE('10151',#7836);
#7838=ORIENTED_EDGE('7713',*,*,#6285,.T.);
#7839=ORIENTED_EDGE('8421',*,*,#7708,.F.);
#7840=ORIENTED_EDGE('8418',*,*,#7826,.T.);
#7841=ORIENTED_EDGE('8417',*,*,#7815,.T.);
#7842=EDGE_LOOP('10151',(#7838,#7839,#7840,#7841));
#7843=FACE_OUTER_BOUND('10151',#7842,.F.);
#7844=ADVANCED_FACE('10151',(#7843),#7837,.F.);
#7845=CARTESIAN_POINT('',(-4.32E0,-9.25E-1,1.05E0));
#7846=DIRECTION('',(-7.071067811851E-1,0.E0,7.071067811880E-1));
#7847=DIRECTION('',(0.E0,-1.E0,0.E0));
#7848=AXIS2_PLACEMENT_3D('',#7845,#7846,#7847);
#7849=PLANE('10159',#7848);
#7850=ORIENTED_EDGE('8436',*,*,#7740,.T.);
#7851=ORIENTED_EDGE('8424',*,*,#7726,.T.);
#7852=ORIENTED_EDGE('8437',*,*,#6872,.T.);
#7853=ORIENTED_EDGE('8429',*,*,#7755,.T.);
#7854=EDGE_LOOP('10159',(#7850,#7851,#7852,#7853));
#7855=FACE_OUTER_BOUND('10159',#7854,.F.);
#7856=ADVANCED_FACE('10159',(#7855),#7849,.F.);
#7857=CARTESIAN_POINT('',(-4.85E0,4.E-1,2.25E0));
#7858=DIRECTION('',(1.E0,0.E0,0.E0));
#7859=DIRECTION('',(0.E0,0.E0,-1.E0));
#7860=AXIS2_PLACEMENT_3D('',#7857,#7858,#7859);
#7861=PLANE('10161',#7860);
#7863=ORIENTED_EDGE('8441',*,*,#7862,.F.);
#7865=ORIENTED_EDGE('8442',*,*,#7864,.T.);
#7866=ORIENTED_EDGE('8443',*,*,#7661,.T.);
#7867=ORIENTED_EDGE('8444',*,*,#6279,.T.);
#7868=EDGE_LOOP('10161',(#7863,#7865,#7866,#7867));
#7869=FACE_OUTER_BOUND('10161',#7868,.F.);
#7870=ADVANCED_FACE('10161',(#7869),#7861,.T.);
#7871=CARTESIAN_POINT('',(-4.9E0,3.5E-1,4.55E0));
#7872=DIRECTION('',(7.071067811865E-1,0.E0,7.071067811865E-1));
#7873=DIRECTION('',(0.E0,-1.E0,0.E0));
#7874=AXIS2_PLACEMENT_3D('',#7871,#7872,#7873);
#7875=PLANE('10162',#7874);
#7877=ORIENTED_EDGE('8043',*,*,#7876,.F.);
#7878=ORIENTED_EDGE('8441',*,*,#7862,.T.);
#7879=ORIENTED_EDGE('7729',*,*,#6266,.T.);
#7880=ORIENTED_EDGE('8445',*,*,#5298,.T.);
#7881=EDGE_LOOP('10162',(#7877,#7878,#7879,#7880));
#7882=FACE_OUTER_BOUND('10162',#7881,.F.);
#7883=ADVANCED_FACE('10162',(#7882),#7875,.T.);
#7884=CARTESIAN_POINT('',(-4.975E0,8.E-1,2.3E0));
#7885=DIRECTION('',(0.E0,1.E0,0.E0));
#7886=DIRECTION('',(-1.E0,0.E0,0.E0));
#7887=AXIS2_PLACEMENT_3D('',#7884,#7885,#7886);
#7888=PLANE('10013',#7887);
#7890=ORIENTED_EDGE('8042',*,*,#7889,.T.);
#7891=ORIENTED_EDGE('8045',*,*,#7663,.F.);
#7892=ORIENTED_EDGE('8442',*,*,#7864,.F.);
#7893=ORIENTED_EDGE('8043',*,*,#7876,.T.);
#7894=ORIENTED_EDGE('8044',*,*,#5296,.T.);
#7895=EDGE_LOOP('10013',(#7890,#7891,#7892,#7893,#7894));
#7896=FACE_OUTER_BOUND('10013',#7895,.F.);
#7897=ADVANCED_FACE('10013',(#7896),#7888,.T.);
#7898=CARTESIAN_POINT('',(-5.150000000572E0,7.499999994282E-1,2.3E0));
#7899=DIRECTION('',(-7.071067811836E-1,7.071067811894E-1,0.E0));
#7900=DIRECTION('',(0.E0,0.E0,-1.E0));
#7901=AXIS2_PLACEMENT_3D('',#7898,#7899,#7900);
#7902=PLANE('10012',#7901);
#7903=ORIENTED_EDGE('8039',*,*,#7485,.T.);
#7904=ORIENTED_EDGE('8040',*,*,#7522,.T.);
#7905=ORIENTED_EDGE('8042',*,*,#7889,.F.);
#7906=ORIENTED_EDGE('7968',*,*,#5294,.F.);
#7908=ORIENTED_EDGE('8041',*,*,#7907,.T.);
#7909=EDGE_LOOP('10012',(#7903,#7904,#7905,#7906,#7908));
#7910=FACE_OUTER_BOUND('10012',#7909,.F.);
#7911=ADVANCED_FACE('10012',(#7910),#7902,.T.);
#7912=CARTESIAN_POINT('',(-5.2E0,3.5E-1,4.525818531492E0));
#7913=DIRECTION('',(1.E0,0.E0,0.E0));
#7914=DIRECTION('',(0.E0,-1.E0,0.E0));
#7915=AXIS2_PLACEMENT_3D('',#7912,#7913,#7914);
#7916=PLANE('9972',#7915);
#7918=ORIENTED_EDGE('7946',*,*,#7917,.F.);
#7919=ORIENTED_EDGE('8041',*,*,#7907,.F.);
#7920=ORIENTED_EDGE('7967',*,*,#5292,.F.);
#7922=ORIENTED_EDGE('7961',*,*,#7921,.F.);
#7924=ORIENTED_EDGE('7947',*,*,#7923,.T.);
#7925=EDGE_LOOP('9972',(#7918,#7919,#7920,#7922,#7924));
#7926=FACE_OUTER_BOUND('9972',#7925,.F.);
#7927=ADVANCED_FACE('9972',(#7926),#7916,.F.);
#7928=CARTESIAN_POINT('',(-5.249998814552E0,3.625666679377E-1,
4.549998814552E0));
#7929=DIRECTION('',(7.071067811865E-1,0.E0,7.071067811865E-1));
#7930=DIRECTION('',(0.E0,-1.E0,0.E0));
#7931=AXIS2_PLACEMENT_3D('',#7928,#7929,#7930);
#7932=PLANE('9977',#7931);
#7933=ORIENTED_EDGE('7946',*,*,#7917,.T.);
#7935=ORIENTED_EDGE('7958',*,*,#7934,.F.);
#7937=ORIENTED_EDGE('8005',*,*,#7936,.F.);
#7939=ORIENTED_EDGE('8013',*,*,#7938,.F.);
#7940=EDGE_LOOP('9977',(#7933,#7935,#7937,#7939));
#7941=FACE_OUTER_BOUND('9977',#7940,.F.);
#7942=ADVANCED_FACE('9977',(#7941),#7932,.T.);
#7943=CARTESIAN_POINT('',(-5.184452917931E0,5.E-1,4.222508278236E0));
#7944=DIRECTION('',(-1.E0,0.E0,0.E0));
#7945=DIRECTION('',(0.E0,-9.232921490053E-1,-3.840984347601E-1));
#7946=AXIS2_PLACEMENT_3D('',#7943,#7944,#7945);
#7947=CYLINDRICAL_SURFACE('9978',#7946,5.499999999999E-1);
#7948=ORIENTED_EDGE('7947',*,*,#7923,.F.);
#7950=ORIENTED_EDGE('7960',*,*,#7949,.F.);
#7951=ORIENTED_EDGE('7987',*,*,#5255,.F.);
#7953=ORIENTED_EDGE('7959',*,*,#7952,.F.);
#7954=ORIENTED_EDGE('7958',*,*,#7934,.T.);
#7955=EDGE_LOOP('9978',(#7948,#7950,#7951,#7953,#7954));
#7956=FACE_OUTER_BOUND('9978',#7955,.F.);
#7957=ADVANCED_FACE('9978',(#7956),#7947,.T.);
#7958=CARTESIAN_POINT('',(-5.3E0,0.E0,4.525818531492E0));
#7959=DIRECTION('',(0.E0,1.E0,0.E0));
#7960=DIRECTION('',(-1.E0,0.E0,0.E0));
#7961=AXIS2_PLACEMENT_3D('',#7958,#7959,#7960);
#7962=PLANE('9979',#7961);
#7963=ORIENTED_EDGE('7960',*,*,#7949,.T.);
#7964=ORIENTED_EDGE('7961',*,*,#7921,.T.);
#7965=ORIENTED_EDGE('7962',*,*,#5290,.F.);
#7966=ORIENTED_EDGE('7988',*,*,#5257,.F.);
#7967=EDGE_LOOP('9979',(#7963,#7964,#7965,#7966));
#7968=FACE_OUTER_BOUND('9979',#7967,.F.);
#7969=ADVANCED_FACE('9979',(#7968),#7962,.T.);
#7970=CARTESIAN_POINT('',(3.E-1,6.5E-1,4.6E0));
#7971=DIRECTION('',(0.E0,0.E0,1.E0));
#7972=DIRECTION('',(-1.E0,0.E0,0.E0));
#7973=AXIS2_PLACEMENT_3D('',#7970,#7971,#7972);
#7974=PLANE('9991',#7973);
#7975=ORIENTED_EDGE('7999',*,*,#7133,.T.);
#7976=ORIENTED_EDGE('8000',*,*,#7114,.T.);
#7977=ORIENTED_EDGE('7786',*,*,#5617,.T.);
#7979=ORIENTED_EDGE('8008',*,*,#7978,.F.);
#7981=ORIENTED_EDGE('8001',*,*,#7980,.F.);
#7983=ORIENTED_EDGE('8002',*,*,#7982,.T.);
#7985=ORIENTED_EDGE('8003',*,*,#7984,.F.);
#7987=ORIENTED_EDGE('8004',*,*,#7986,.T.);
#7988=ORIENTED_EDGE('8005',*,*,#7936,.T.);
#7989=ORIENTED_EDGE('7959',*,*,#7952,.T.);
#7990=ORIENTED_EDGE('8006',*,*,#5253,.T.);
#7992=ORIENTED_EDGE('8007',*,*,#7991,.T.);
#7993=EDGE_LOOP('9991',(#7975,#7976,#7977,#7979,#7981,#7983,#7985,#7987,#7988,
#7989,#7990,#7992));
#7994=FACE_OUTER_BOUND('9991',#7993,.F.);
#7995=ADVANCED_FACE('9991',(#7994),#7974,.T.);
#7996=CARTESIAN_POINT('',(6.015547082069E0,5.E-1,4.222508278236E0));
#7997=DIRECTION('',(-1.E0,0.E0,0.E0));
#7998=DIRECTION('',(0.E0,-9.232921490053E-1,-3.840984347601E-1));
#7999=AXIS2_PLACEMENT_3D('',#7996,#7997,#7998);
#8000=CYLINDRICAL_SURFACE('9992',#7999,5.499999999999E-1);
#8002=ORIENTED_EDGE('8010',*,*,#8001,.F.);
#8003=ORIENTED_EDGE('8008',*,*,#7978,.T.);
#8004=ORIENTED_EDGE('7785',*,*,#5615,.F.);
#8006=ORIENTED_EDGE('8009',*,*,#8005,.F.);
#8008=ORIENTED_EDGE('7826',*,*,#8007,.F.);
#8009=EDGE_LOOP('9992',(#8002,#8003,#8004,#8006,#8008));
#8010=FACE_OUTER_BOUND('9992',#8009,.F.);
#8011=ADVANCED_FACE('9992',(#8010),#8000,.T.);
#8012=CARTESIAN_POINT('',(5.849999999886E0,3.625666677762E-1,4.549999999886E0));
#8013=DIRECTION('',(7.071067811865E-1,0.E0,-7.071067811865E-1));
#8014=DIRECTION('',(0.E0,-1.E0,0.E0));
#8015=AXIS2_PLACEMENT_3D('',#8012,#8013,#8014);
#8016=PLANE('9993',#8015);
#8017=ORIENTED_EDGE('8010',*,*,#8001,.T.);
#8019=ORIENTED_EDGE('7825',*,*,#8018,.T.);
#8021=ORIENTED_EDGE('8011',*,*,#8020,.F.);
#8022=ORIENTED_EDGE('8001',*,*,#7980,.T.);
#8023=EDGE_LOOP('9993',(#8017,#8019,#8021,#8022));
#8024=FACE_OUTER_BOUND('9993',#8023,.F.);
#8025=ADVANCED_FACE('9993',(#8024),#8016,.F.);
#8026=CARTESIAN_POINT('',(5.8E0,3.248300958988E-1,4.25E0));
#8027=DIRECTION('',(1.E0,0.E0,0.E0));
#8028=DIRECTION('',(0.E0,1.E0,0.E0));
#8029=AXIS2_PLACEMENT_3D('',#8026,#8027,#8028);
#8030=PLANE('9936',#8029);
#8031=ORIENTED_EDGE('7818',*,*,#5685,.T.);
#8033=ORIENTED_EDGE('7861',*,*,#8032,.F.);
#8034=ORIENTED_EDGE('7825',*,*,#8018,.F.);
#8035=ORIENTED_EDGE('7826',*,*,#8007,.T.);
#8037=ORIENTED_EDGE('8015',*,*,#8036,.F.);
#8038=EDGE_LOOP('9936',(#8031,#8033,#8034,#8035,#8037));
#8039=FACE_OUTER_BOUND('9936',#8038,.F.);
#8040=ADVANCED_FACE('9936',(#8039),#8030,.F.);
#8041=CARTESIAN_POINT('',(5.5E0,7.E-1,-9.E-2));
#8042=DIRECTION('',(0.E0,0.E0,1.E0));
#8043=DIRECTION('',(1.E0,0.E0,0.E0));
#8044=AXIS2_PLACEMENT_3D('',#8041,#8042,#8043);
#8045=CYLINDRICAL_SURFACE('9944',#8044,3.E-1);
#8047=ORIENTED_EDGE('7866',*,*,#8046,.F.);
#8049=ORIENTED_EDGE('7859',*,*,#8048,.F.);
#8051=ORIENTED_EDGE('7860',*,*,#8050,.F.);
#8052=ORIENTED_EDGE('7861',*,*,#8032,.T.);
#8054=ORIENTED_EDGE('7857',*,*,#8053,.T.);
#8055=ORIENTED_EDGE('7862',*,*,#6559,.T.);
#8056=ORIENTED_EDGE('7863',*,*,#7097,.T.);
#8057=EDGE_LOOP('9944',(#8047,#8049,#8051,#8052,#8054,#8055,#8056));
#8058=FACE_OUTER_BOUND('9944',#8057,.F.);
#8059=ADVANCED_FACE('9944',(#8058),#8045,.F.);
#8060=CARTESIAN_POINT('',(5.414276695296E0,1.056066017178E0,0.E0));
#8061=DIRECTION('',(0.E0,0.E0,1.E0));
#8062=DIRECTION('',(0.E0,1.E0,0.E0));
#8063=AXIS2_PLACEMENT_3D('',#8060,#8061,#8062);
#8064=PLANE('9945',#8063);
#8065=ORIENTED_EDGE('7864',*,*,#7110,.T.);
#8066=ORIENTED_EDGE('7874',*,*,#7130,.F.);
#8068=ORIENTED_EDGE('7865',*,*,#8067,.F.);
#8070=ORIENTED_EDGE('7903',*,*,#8069,.F.);
#8071=ORIENTED_EDGE('7866',*,*,#8046,.T.);
#8072=ORIENTED_EDGE('7867',*,*,#7095,.T.);
#8073=EDGE_LOOP('9945',(#8065,#8066,#8068,#8070,#8071,#8072));
#8074=FACE_OUTER_BOUND('9945',#8073,.F.);
#8075=ADVANCED_FACE('9945',(#8074),#8064,.F.);
#8076=CARTESIAN_POINT('',(4.849999999999E0,9.844529179312E-1,0.E0));
#8077=DIRECTION('',(0.E0,1.E0,0.E0));
#8078=DIRECTION('',(-1.E0,0.E0,0.E0));
#8079=AXIS2_PLACEMENT_3D('',#8076,#8077,#8078);
#8080=CYLINDRICAL_SURFACE('10211',#8079,1.25E-1);
#8081=ORIENTED_EDGE('7873',*,*,#7128,.F.);
#8083=ORIENTED_EDGE('8573',*,*,#8082,.F.);
#8085=ORIENTED_EDGE('7904',*,*,#8084,.F.);
#8086=ORIENTED_EDGE('7865',*,*,#8067,.T.);
#8087=EDGE_LOOP('10211',(#8081,#8083,#8085,#8086));
#8088=FACE_OUTER_BOUND('10211',#8087,.F.);
#8089=ADVANCED_FACE('10211',(#8088),#8080,.F.);
#8090=CARTESIAN_POINT('',(4.374999999999E0,1.1E0,0.E0));
#8091=DIRECTION('',(0.E0,0.E0,1.E0));
#8092=DIRECTION('',(1.E0,0.E0,0.E0));
#8093=AXIS2_PLACEMENT_3D('',#8090,#8091,#8092);
#8094=PLANE('10212',#8093);
#8095=ORIENTED_EDGE('7872',*,*,#7126,.T.);
#8096=ORIENTED_EDGE('8574',*,*,#7164,.T.);
#8098=ORIENTED_EDGE('7905',*,*,#8097,.T.);
#8099=ORIENTED_EDGE('8573',*,*,#8082,.T.);
#8100=EDGE_LOOP('10212',(#8095,#8096,#8098,#8099));
#8101=FACE_OUTER_BOUND('10212',#8100,.F.);
#8102=ADVANCED_FACE('10212',(#8101),#8094,.F.);
#8103=CARTESIAN_POINT('',(3.E-1,1.E0,1.999999407153E0));
#8104=DIRECTION('',(0.E0,1.E0,0.E0));
#8105=DIRECTION('',(-1.E0,0.E0,0.E0));
#8106=AXIS2_PLACEMENT_3D('',#8103,#8104,#8105);
#8107=PLANE('9955',#8106);
#8108=ORIENTED_EDGE('7895',*,*,#7162,.T.);
#8109=ORIENTED_EDGE('7896',*,*,#7178,.T.);
#8110=ORIENTED_EDGE('7890',*,*,#7255,.T.);
#8111=ORIENTED_EDGE('7897',*,*,#7332,.F.);
#8112=ORIENTED_EDGE('7898',*,*,#7422,.T.);
#8113=ORIENTED_EDGE('7899',*,*,#7436,.F.);
#8114=ORIENTED_EDGE('7900',*,*,#7450,.T.);
#8115=ORIENTED_EDGE('7901',*,*,#7463,.F.);
#8116=ORIENTED_EDGE('7933',*,*,#7489,.F.);
#8118=ORIENTED_EDGE('7902',*,*,#8117,.F.);
#8119=ORIENTED_EDGE('7859',*,*,#8048,.T.);
#8120=ORIENTED_EDGE('7903',*,*,#8069,.T.);
#8121=ORIENTED_EDGE('7904',*,*,#8084,.T.);
#8122=ORIENTED_EDGE('7905',*,*,#8097,.F.);
#8123=EDGE_LOOP('9955',(#8108,#8109,#8110,#8111,#8112,#8113,#8114,#8115,#8116,
#8118,#8119,#8120,#8121,#8122));
#8124=FACE_OUTER_BOUND('9955',#8123,.F.);
#8125=ADVANCED_FACE('9955',(#8124),#8107,.F.);
#8126=CARTESIAN_POINT('',(3.E-1,1.049999999685E0,4.549999999684E0));
#8127=DIRECTION('',(0.E0,7.071067811881E-1,-7.071067811850E-1));
#8128=DIRECTION('',(-1.E0,0.E0,0.E0));
#8129=AXIS2_PLACEMENT_3D('',#8126,#8127,#8128);
#8130=PLANE('9995',#8129);
#8131=ORIENTED_EDGE('8003',*,*,#7984,.T.);
#8133=ORIENTED_EDGE('8012',*,*,#8132,.T.);
#8134=ORIENTED_EDGE('7902',*,*,#8117,.T.);
#8136=ORIENTED_EDGE('8014',*,*,#8135,.F.);
#8137=EDGE_LOOP('9995',(#8131,#8133,#8134,#8136));
#8138=FACE_OUTER_BOUND('9995',#8137,.F.);
#8139=ADVANCED_FACE('9995',(#8138),#8130,.F.);
#8140=CARTESIAN_POINT('',(5.5E0,7.E-1,4.549995029871E0));
#8141=DIRECTION('',(0.E0,0.E0,1.E0));
#8142=DIRECTION('',(0.E0,-1.E0,0.E0));
#8143=AXIS2_PLACEMENT_3D('',#8140,#8141,#8142);
#8144=CONICAL_SURFACE('9994',#8143,3.500060942453E-1,4.500090562997E1);
#8145=ORIENTED_EDGE('8002',*,*,#7982,.F.);
#8146=ORIENTED_EDGE('8011',*,*,#8020,.T.);
#8147=ORIENTED_EDGE('7860',*,*,#8050,.T.);
#8148=ORIENTED_EDGE('8012',*,*,#8132,.F.);
#8149=EDGE_LOOP('9994',(#8145,#8146,#8147,#8148));
#8150=FACE_OUTER_BOUND('9994',#8149,.F.);
#8151=ADVANCED_FACE('9994',(#8150),#8144,.F.);
#8152=CARTESIAN_POINT('',(-4.9E0,7.E-1,4.549995334310E0));
#8153=DIRECTION('',(0.E0,0.E0,1.E0));
#8154=DIRECTION('',(0.E0,-1.E0,0.E0));
#8155=AXIS2_PLACEMENT_3D('',#8152,#8153,#8154);
#8156=CONICAL_SURFACE('9996',#8155,3.500063986932E-1,4.500090562992E1);
#8157=ORIENTED_EDGE('8013',*,*,#7938,.T.);
#8158=ORIENTED_EDGE('8004',*,*,#7986,.F.);
#8159=ORIENTED_EDGE('8014',*,*,#8135,.T.);
#8160=ORIENTED_EDGE('7932',*,*,#7487,.T.);
#8161=EDGE_LOOP('9996',(#8157,#8158,#8159,#8160));
#8162=FACE_OUTER_BOUND('9996',#8161,.F.);
#8163=ADVANCED_FACE('9996',(#8162),#8156,.F.);
#8164=CARTESIAN_POINT('',(5.75E0,7.500000000001E-1,3.55E0));
#8165=DIRECTION('',(7.071067811831E-1,7.071067811900E-1,0.E0));
#8166=DIRECTION('',(0.E0,0.E0,-1.E0));
#8167=AXIS2_PLACEMENT_3D('',#8164,#8165,#8166);
#8168=PLANE('9943',#8167);
#8169=ORIENTED_EDGE('7857',*,*,#8053,.F.);
#8170=ORIENTED_EDGE('7817',*,*,#5683,.F.);
#8172=ORIENTED_EDGE('7858',*,*,#8171,.F.);
#8174=ORIENTED_EDGE('7849',*,*,#8173,.F.);
#8175=EDGE_LOOP('9943',(#8169,#8170,#8172,#8174));
#8176=FACE_OUTER_BOUND('9943',#8175,.F.);
#8177=ADVANCED_FACE('9943',(#8176),#8168,.T.);
#8178=CARTESIAN_POINT('',(5.6E0,8.E-1,3.55E0));
#8179=DIRECTION('',(0.E0,1.E0,0.E0));
#8180=DIRECTION('',(-1.E0,0.E0,0.E0));
#8181=AXIS2_PLACEMENT_3D('',#8178,#8179,#8180);
#8182=PLANE('10068',#8181);
#8184=ORIENTED_EDGE('7850',*,*,#8183,.T.);
#8185=ORIENTED_EDGE('7858',*,*,#8171,.T.);
#8186=ORIENTED_EDGE('7816',*,*,#5681,.T.);
#8187=ORIENTED_EDGE('8119',*,*,#5829,.T.);
#8188=EDGE_LOOP('10068',(#8184,#8185,#8186,#8187));
#8189=FACE_OUTER_BOUND('10068',#8188,.F.);
#8190=ADVANCED_FACE('10068',(#8189),#8182,.T.);
#8191=CARTESIAN_POINT('',(5.475E0,4.E-1,3.1E0));
#8192=DIRECTION('',(0.E0,0.E0,1.E0));
#8193=DIRECTION('',(-1.E0,0.E0,0.E0));
#8194=AXIS2_PLACEMENT_3D('',#8191,#8192,#8193);
#8195=PLANE('9942',#8194);
#8196=ORIENTED_EDGE('7848',*,*,#6561,.T.);
#8197=ORIENTED_EDGE('7849',*,*,#8173,.T.);
#8198=ORIENTED_EDGE('7850',*,*,#8183,.F.);
#8199=ORIENTED_EDGE('8118',*,*,#5827,.F.);
#8201=ORIENTED_EDGE('7851',*,*,#8200,.F.);
#8203=ORIENTED_EDGE('7852',*,*,#8202,.F.);
#8205=ORIENTED_EDGE('7853',*,*,#8204,.F.);
#8206=ORIENTED_EDGE('7854',*,*,#5902,.F.);
#8208=ORIENTED_EDGE('7702',*,*,#8207,.T.);
#8209=ORIENTED_EDGE('7855',*,*,#6440,.T.);
#8210=ORIENTED_EDGE('7856',*,*,#6463,.T.);
#8211=EDGE_LOOP('9942',(#8196,#8197,#8198,#8199,#8201,#8203,#8205,#8206,#8208,
#8209,#8210));
#8212=FACE_OUTER_BOUND('9942',#8211,.F.);
#8213=ADVANCED_FACE('9942',(#8212),#8195,.F.);
#8214=CARTESIAN_POINT('',(5.5E0,3.75E-1,1.25E0));
#8215=DIRECTION('',(1.E0,0.E0,0.E0));
#8216=DIRECTION('',(0.E0,0.E0,-1.E0));
#8217=AXIS2_PLACEMENT_3D('',#8214,#8215,#8216);
#8218=PLANE('10064',#8217);
#8219=ORIENTED_EDGE('7851',*,*,#8200,.T.);
#8220=ORIENTED_EDGE('8138',*,*,#5863,.T.);
#8222=ORIENTED_EDGE('8195',*,*,#8221,.T.);
#8224=ORIENTED_EDGE('8199',*,*,#8223,.F.);
#8226=ORIENTED_EDGE('8196',*,*,#8225,.T.);
#8228=ORIENTED_EDGE('8193',*,*,#8227,.T.);
#8229=EDGE_LOOP('10064',(#8219,#8220,#8222,#8224,#8226,#8228));
#8230=FACE_OUTER_BOUND('10064',#8229,.F.);
#8231=ADVANCED_FACE('10064',(#8230),#8218,.T.);
#8232=CARTESIAN_POINT('',(5.334452917931E0,6.E-1,-5.E-1));
#8233=DIRECTION('',(1.E0,0.E0,0.E0));
#8234=DIRECTION('',(0.E0,0.E0,-1.E0));
#8235=AXIS2_PLACEMENT_3D('',#8232,#8233,#8234);
#8236=CYLINDRICAL_SURFACE('10065',#8235,1.E-1);
#8237=ORIENTED_EDGE('8195',*,*,#8221,.F.);
#8238=ORIENTED_EDGE('8197',*,*,#5861,.T.);
#8240=ORIENTED_EDGE('8191',*,*,#8239,.F.);
#8242=ORIENTED_EDGE('8198',*,*,#8241,.F.);
#8243=EDGE_LOOP('10065',(#8237,#8238,#8240,#8242));
#8244=FACE_OUTER_BOUND('10065',#8243,.F.);
#8245=ADVANCED_FACE('10065',(#8244),#8236,.T.);
#8246=CARTESIAN_POINT('',(5.35E0,3.75E-1,1.25E0));
#8247=DIRECTION('',(1.E0,0.E0,0.E0));
#8248=DIRECTION('',(0.E0,0.E0,-1.E0));
#8249=AXIS2_PLACEMENT_3D('',#8246,#8247,#8248);
#8250=PLANE('10062',#8249);
#8251=ORIENTED_EDGE('7853',*,*,#8204,.T.);
#8253=ORIENTED_EDGE('8194',*,*,#8252,.F.);
#8255=ORIENTED_EDGE('8189',*,*,#8254,.T.);
#8257=ORIENTED_EDGE('8190',*,*,#8256,.F.);
#8258=ORIENTED_EDGE('8191',*,*,#8239,.T.);
#8259=ORIENTED_EDGE('8192',*,*,#5859,.T.);
#8260=EDGE_LOOP('10062',(#8251,#8253,#8255,#8257,#8258,#8259));
#8261=FACE_OUTER_BOUND('10062',#8260,.F.);
#8262=ADVANCED_FACE('10062',(#8261),#8250,.F.);
#8263=CARTESIAN_POINT('',(5.425E0,5.E-2,1.3E0));
#8264=DIRECTION('',(0.E0,1.E0,0.E0));
#8265=DIRECTION('',(0.E0,0.E0,-1.E0));
#8266=AXIS2_PLACEMENT_3D('',#8263,#8264,#8265);
#8267=PLANE('10063',#8266);
#8268=ORIENTED_EDGE('8193',*,*,#8227,.F.);
#8270=ORIENTED_EDGE('8201',*,*,#8269,.F.);
#8271=ORIENTED_EDGE('8194',*,*,#8252,.T.);
#8272=ORIENTED_EDGE('7852',*,*,#8202,.T.);
#8273=EDGE_LOOP('10063',(#8268,#8270,#8271,#8272));
#8274=FACE_OUTER_BOUND('10063',#8273,.F.);
#8275=ADVANCED_FACE('10063',(#8274),#8267,.F.);
#8276=CARTESIAN_POINT('',(5.334452917931E0,1.5E-1,-5.E-1));
#8277=DIRECTION('',(1.E0,0.E0,0.E0));
#8278=DIRECTION('',(0.E0,-1.E0,0.E0));
#8279=AXIS2_PLACEMENT_3D('',#8276,#8277,#8278);
#8280=CYLINDRICAL_SURFACE('10067',#8279,1.E-1);
#8281=ORIENTED_EDGE('8196',*,*,#8225,.F.);
#8283=ORIENTED_EDGE('8200',*,*,#8282,.T.);
#8284=ORIENTED_EDGE('8189',*,*,#8254,.F.);
#8285=ORIENTED_EDGE('8201',*,*,#8269,.T.);
#8286=EDGE_LOOP('10067',(#8281,#8283,#8284,#8285));
#8287=FACE_OUTER_BOUND('10067',#8286,.F.);
#8288=ADVANCED_FACE('10067',(#8287),#8280,.T.);
#8289=CARTESIAN_POINT('',(5.425E0,3.75E-1,-6.E-1));
#8290=DIRECTION('',(0.E0,0.E0,1.E0));
#8291=DIRECTION('',(0.E0,1.E0,0.E0));
#8292=AXIS2_PLACEMENT_3D('',#8289,#8290,#8291);
#8293=PLANE('10066',#8292);
#8294=ORIENTED_EDGE('8198',*,*,#8241,.T.);
#8295=ORIENTED_EDGE('8190',*,*,#8256,.T.);
#8296=ORIENTED_EDGE('8200',*,*,#8282,.F.);
#8297=ORIENTED_EDGE('8199',*,*,#8223,.T.);
#8298=EDGE_LOOP('10066',(#8294,#8295,#8296,#8297));
#8299=FACE_OUTER_BOUND('10066',#8298,.F.);
#8300=ADVANCED_FACE('10066',(#8299),#8293,.F.);
#8301=CARTESIAN_POINT('',(4.924780618486E0,8.E-1,1.95E0));
#8302=DIRECTION('',(0.E0,1.E0,0.E0));
#8303=DIRECTION('',(-1.E0,0.E0,0.E0));
#8304=AXIS2_PLACEMENT_3D('',#8301,#8302,#8303);
#8305=PLANE('9908',#8304);
#8306=ORIENTED_EDGE('7691',*,*,#6360,.F.);
#8308=ORIENTED_EDGE('7692',*,*,#8307,.T.);
#8310=ORIENTED_EDGE('7693',*,*,#8309,.T.);
#8312=ORIENTED_EDGE('7694',*,*,#8311,.T.);
#8314=ORIENTED_EDGE('7695',*,*,#8313,.T.);
#8316=ORIENTED_EDGE('7696',*,*,#8315,.F.);
#8318=ORIENTED_EDGE('8583',*,*,#8317,.F.);
#8320=ORIENTED_EDGE('7697',*,*,#8319,.F.);
#8322=ORIENTED_EDGE('7698',*,*,#8321,.T.);
#8324=ORIENTED_EDGE('7699',*,*,#8323,.T.);
#8326=ORIENTED_EDGE('7700',*,*,#8325,.T.);
#8327=ORIENTED_EDGE('7701',*,*,#6426,.T.);
#8328=ORIENTED_EDGE('7847',*,*,#6442,.F.);
#8329=ORIENTED_EDGE('7702',*,*,#8207,.F.);
#8330=ORIENTED_EDGE('7703',*,*,#5900,.F.);
#8331=ORIENTED_EDGE('7704',*,*,#6152,.T.);
#8332=ORIENTED_EDGE('7705',*,*,#6185,.T.);
#8334=ORIENTED_EDGE('8621',*,*,#8333,.F.);
#8335=EDGE_LOOP('9908',(#8306,#8308,#8310,#8312,#8314,#8316,#8318,#8320,#8322,
#8324,#8326,#8327,#8328,#8329,#8330,#8331,#8332,#8334));
#8336=FACE_OUTER_BOUND('9908',#8335,.F.);
#8337=ADVANCED_FACE('9908',(#8336),#8305,.T.);
#8338=CARTESIAN_POINT('',(4.8E0,-1.6E-2,1.092820323028E0));
#8339=DIRECTION('',(0.E0,1.E0,0.E0));
#8340=DIRECTION('',(0.E0,0.E0,-1.E0));
#8341=AXIS2_PLACEMENT_3D('',#8338,#8339,#8340);
#8342=CYLINDRICAL_SURFACE('10222',#8341,2.000000000004E-1);
#8343=ORIENTED_EDGE('7842',*,*,#6408,.F.);
#8345=ORIENTED_EDGE('8587',*,*,#8344,.T.);
#8346=ORIENTED_EDGE('7692',*,*,#8307,.F.);
#8347=ORIENTED_EDGE('8588',*,*,#6358,.T.);
#8348=EDGE_LOOP('10222',(#8343,#8345,#8346,#8347));
#8349=FACE_OUTER_BOUND('10222',#8348,.F.);
#8350=ADVANCED_FACE('10222',(#8349),#8342,.F.);
#8351=CARTESIAN_POINT('',(4.825E0,4.E-1,8.763139720814E-1));
#8352=DIRECTION('',(-5.000000000008E-1,0.E0,8.660254037840E-1));
#8353=DIRECTION('',(-8.660254037840E-1,0.E0,-5.000000000008E-1));
#8354=AXIS2_PLACEMENT_3D('',#8351,#8352,#8353);
#8355=PLANE('10221',#8354);
#8356=ORIENTED_EDGE('7841',*,*,#6406,.F.);
#8358=ORIENTED_EDGE('8586',*,*,#8357,.T.);
#8359=ORIENTED_EDGE('7693',*,*,#8309,.F.);
#8360=ORIENTED_EDGE('8587',*,*,#8344,.F.);
#8361=EDGE_LOOP('10221',(#8356,#8358,#8359,#8360));
#8362=FACE_OUTER_BOUND('10221',#8361,.F.);
#8363=ADVANCED_FACE('10221',(#8362),#8355,.T.);
#8364=CARTESIAN_POINT('',(5.E0,-1.6E-2,4.E-1));
#8365=DIRECTION('',(0.E0,1.E0,0.E0));
#8366=DIRECTION('',(0.E0,0.E0,-1.E0));
#8367=AXIS2_PLACEMENT_3D('',#8364,#8365,#8366);
#8368=CYLINDRICAL_SURFACE('10220',#8367,5.E-1);
#8369=ORIENTED_EDGE('7840',*,*,#6404,.F.);
#8371=ORIENTED_EDGE('8585',*,*,#8370,.T.);
#8372=ORIENTED_EDGE('7694',*,*,#8311,.F.);
#8373=ORIENTED_EDGE('8586',*,*,#8357,.F.);
#8374=EDGE_LOOP('10220',(#8369,#8371,#8372,#8373));
#8375=FACE_OUTER_BOUND('10220',#8374,.F.);
#8376=ADVANCED_FACE('10220',(#8375),#8368,.T.);
#8377=CARTESIAN_POINT('',(4.75E0,-1.6E-2,-2.538348415311E-1));
#8378=DIRECTION('',(0.E0,1.E0,0.E0));
#8379=DIRECTION('',(0.E0,0.E0,-1.E0));
#8380=AXIS2_PLACEMENT_3D('',#8377,#8378,#8379);
#8381=CYLINDRICAL_SURFACE('10219',#8380,2.E-1);
#8382=ORIENTED_EDGE('7839',*,*,#6402,.F.);
#8384=ORIENTED_EDGE('8584',*,*,#8383,.T.);
#8385=ORIENTED_EDGE('7695',*,*,#8313,.F.);
#8386=ORIENTED_EDGE('8585',*,*,#8370,.F.);
#8387=EDGE_LOOP('10219',(#8382,#8384,#8385,#8386));
#8388=FACE_OUTER_BOUND('10219',#8387,.F.);
#8389=ADVANCED_FACE('10219',(#8388),#8381,.F.);
#8390=CARTESIAN_POINT('',(4.95E0,4.E-1,-3.769174207662E-1));
#8391=DIRECTION('',(1.E0,0.E0,0.E0));
#8392=DIRECTION('',(0.E0,0.E0,-1.E0));
#8393=AXIS2_PLACEMENT_3D('',#8390,#8391,#8392);
#8394=PLANE('10218',#8393);
#8395=ORIENTED_EDGE('7838',*,*,#6400,.T.);
#8397=ORIENTED_EDGE('8580',*,*,#8396,.T.);
#8398=ORIENTED_EDGE('7696',*,*,#8315,.T.);
#8399=ORIENTED_EDGE('8584',*,*,#8383,.F.);
#8400=EDGE_LOOP('10218',(#8395,#8397,#8398,#8399));
#8401=FACE_OUTER_BOUND('10218',#8400,.F.);
#8402=ADVANCED_FACE('10218',(#8401),#8394,.F.);
#8403=CARTESIAN_POINT('',(5.025E0,4.E-1,-5.E-1));
#8404=DIRECTION('',(0.E0,0.E0,1.E0));
#8405=DIRECTION('',(0.E0,1.E0,0.E0));
#8406=AXIS2_PLACEMENT_3D('',#8403,#8404,#8405);
#8407=PLANE('10217',#8406);
#8408=ORIENTED_EDGE('8580',*,*,#8396,.F.);
#8409=ORIENTED_EDGE('8581',*,*,#6398,.T.);
#8411=ORIENTED_EDGE('8582',*,*,#8410,.T.);
#8412=ORIENTED_EDGE('8583',*,*,#8317,.T.);
#8413=EDGE_LOOP('10217',(#8408,#8409,#8411,#8412));
#8414=FACE_OUTER_BOUND('10217',#8413,.F.);
#8415=ADVANCED_FACE('10217',(#8414),#8407,.F.);
#8416=CARTESIAN_POINT('',(5.1E0,4.E-1,-3.769174207651E-1));
#8417=DIRECTION('',(1.E0,0.E0,0.E0));
#8418=DIRECTION('',(0.E0,0.E0,-1.E0));
#8419=AXIS2_PLACEMENT_3D('',#8416,#8417,#8418);
#8420=PLANE('10216',#8419);
#8421=ORIENTED_EDGE('8579',*,*,#6396,.T.);
#8423=ORIENTED_EDGE('8578',*,*,#8422,.T.);
#8424=ORIENTED_EDGE('7697',*,*,#8319,.T.);
#8425=ORIENTED_EDGE('8582',*,*,#8410,.F.);
#8426=EDGE_LOOP('10216',(#8421,#8423,#8424,#8425));
#8427=FACE_OUTER_BOUND('10216',#8426,.F.);
#8428=ADVANCED_FACE('10216',(#8427),#8420,.T.);
#8429=CARTESIAN_POINT('',(4.75E0,-1.6E-2,-2.538348415311E-1));
#8430=DIRECTION('',(0.E0,1.E0,0.E0));
#8431=DIRECTION('',(0.E0,0.E0,-1.E0));
#8432=AXIS2_PLACEMENT_3D('',#8429,#8430,#8431);
#8433=CYLINDRICAL_SURFACE('10215',#8432,3.5E-1);
#8434=ORIENTED_EDGE('7837',*,*,#6394,.F.);
#8436=ORIENTED_EDGE('8577',*,*,#8435,.T.);
#8437=ORIENTED_EDGE('7698',*,*,#8321,.F.);
#8438=ORIENTED_EDGE('8578',*,*,#8422,.F.);
#8439=EDGE_LOOP('10215',(#8434,#8436,#8437,#8438));
#8440=FACE_OUTER_BOUND('10215',#8439,.F.);
#8441=ADVANCED_FACE('10215',(#8440),#8433,.T.);
#8442=CARTESIAN_POINT('',(5.E0,-1.6E-2,4.E-1));
#8443=DIRECTION('',(0.E0,1.E0,0.E0));
#8444=DIRECTION('',(0.E0,0.E0,-1.E0));
#8445=AXIS2_PLACEMENT_3D('',#8442,#8443,#8444);
#8446=CYLINDRICAL_SURFACE('10214',#8445,3.5E-1);
#8447=ORIENTED_EDGE('7836',*,*,#6392,.F.);
#8449=ORIENTED_EDGE('8576',*,*,#8448,.T.);
#8450=ORIENTED_EDGE('7699',*,*,#8323,.F.);
#8451=ORIENTED_EDGE('8577',*,*,#8435,.F.);
#8452=EDGE_LOOP('10214',(#8447,#8449,#8450,#8451));
#8453=FACE_OUTER_BOUND('10214',#8452,.F.);
#8454=ADVANCED_FACE('10214',(#8453),#8446,.F.);
#8455=CARTESIAN_POINT('',(4.9E0,4.E-1,7.464101615140E-1));
#8456=DIRECTION('',(-5.000000000008E-1,0.E0,8.660254037840E-1));
#8457=DIRECTION('',(-8.660254037840E-1,0.E0,-5.000000000008E-1));
#8458=AXIS2_PLACEMENT_3D('',#8455,#8456,#8457);
#8459=PLANE('10213',#8458);
#8460=ORIENTED_EDGE('8575',*,*,#6390,.F.);
#8461=ORIENTED_EDGE('7846',*,*,#6428,.T.);
#8462=ORIENTED_EDGE('7700',*,*,#8325,.F.);
#8463=ORIENTED_EDGE('8576',*,*,#8448,.F.);
#8464=EDGE_LOOP('10213',(#8460,#8461,#8462,#8463));
#8465=FACE_OUTER_BOUND('10213',#8464,.F.);
#8466=ADVANCED_FACE('10213',(#8465),#8459,.F.);
#8467=CARTESIAN_POINT('',(4.984452917932E0,6.E-1,4.4E0));
#8468=DIRECTION('',(1.E0,0.E0,0.E0));
#8469=DIRECTION('',(0.E0,1.E0,0.E0));
#8470=AXIS2_PLACEMENT_3D('',#8467,#8468,#8469);
#8471=CYLINDRICAL_SURFACE('10239',#8470,2.E-1);
#8472=ORIENTED_EDGE('7686',*,*,#6183,.F.);
#8474=ORIENTED_EDGE('8620',*,*,#8473,.T.);
#8475=ORIENTED_EDGE('7707',*,*,#6362,.F.);
#8476=ORIENTED_EDGE('8621',*,*,#8333,.T.);
#8477=EDGE_LOOP('10239',(#8472,#8474,#8475,#8476));
#8478=FACE_OUTER_BOUND('10239',#8477,.F.);
#8479=ADVANCED_FACE('10239',(#8478),#8471,.T.);
#8480=CARTESIAN_POINT('',(5.075E0,3.25E-1,4.6E0));
#8481=DIRECTION('',(0.E0,0.E0,1.E0));
#8482=DIRECTION('',(0.E0,-1.E0,0.E0));
#8483=AXIS2_PLACEMENT_3D('',#8480,#8481,#8482);
#8484=PLANE('10238',#8483);
#8486=ORIENTED_EDGE('8617',*,*,#8485,.T.);
#8487=ORIENTED_EDGE('8618',*,*,#6364,.T.);
#8488=ORIENTED_EDGE('8620',*,*,#8473,.F.);
#8489=ORIENTED_EDGE('8619',*,*,#6181,.T.);
#8490=EDGE_LOOP('10238',(#8486,#8487,#8488,#8489));
#8491=FACE_OUTER_BOUND('10238',#8490,.F.);
#8492=ADVANCED_FACE('10238',(#8491),#8484,.T.);
#8493=CARTESIAN_POINT('',(5.075E0,-1.666666666662E-2,4.576429773961E0));
#8494=DIRECTION('',(0.E0,-3.333333333267E-1,9.428090415844E-1));
#8495=DIRECTION('',(0.E0,-9.428090415844E-1,-3.333333333267E-1));
#8496=AXIS2_PLACEMENT_3D('',#8493,#8494,#8495);
#8497=PLANE('10237',#8496);
#8498=ORIENTED_EDGE('7685',*,*,#6179,.F.);
#8500=ORIENTED_EDGE('8616',*,*,#8499,.T.);
#8501=ORIENTED_EDGE('7708',*,*,#6366,.F.);
#8502=ORIENTED_EDGE('8617',*,*,#8485,.F.);
#8503=EDGE_LOOP('10237',(#8498,#8500,#8501,#8502));
#8504=FACE_OUTER_BOUND('10237',#8503,.F.);
#8505=ADVANCED_FACE('10237',(#8504),#8497,.T.);
#8506=CARTESIAN_POINT('',(4.984452917932E0,-1.E-1,4.6E0));
#8507=DIRECTION('',(1.E0,0.E0,0.E0));
#8508=DIRECTION('',(0.E0,-1.E0,0.E0));
#8509=AXIS2_PLACEMENT_3D('',#8506,#8507,#8508);
#8510=CYLINDRICAL_SURFACE('10236',#8509,5.E-2);
#8511=ORIENTED_EDGE('7684',*,*,#6177,.F.);
#8513=ORIENTED_EDGE('8615',*,*,#8512,.T.);
#8514=ORIENTED_EDGE('7709',*,*,#6368,.F.);
#8515=ORIENTED_EDGE('8616',*,*,#8499,.F.);
#8516=EDGE_LOOP('10236',(#8511,#8513,#8514,#8515));
#8517=FACE_OUTER_BOUND('10236',#8516,.F.);
#8518=ADVANCED_FACE('10236',(#8517),#8510,.F.);
#8519=CARTESIAN_POINT('',(5.075E0,-4.5E-1,4.6E0));
#8520=DIRECTION('',(0.E0,0.E0,1.E0));
#8521=DIRECTION('',(0.E0,-1.E0,0.E0));
#8522=AXIS2_PLACEMENT_3D('',#8519,#8520,#8521);
#8523=PLANE('10235',#8522);
#8525=ORIENTED_EDGE('8612',*,*,#8524,.T.);
#8526=ORIENTED_EDGE('8613',*,*,#6370,.T.);
#8527=ORIENTED_EDGE('8615',*,*,#8512,.F.);
#8528=ORIENTED_EDGE('8614',*,*,#6175,.T.);
#8529=EDGE_LOOP('10235',(#8525,#8526,#8527,#8528));
#8530=FACE_OUTER_BOUND('10235',#8529,.F.);
#8531=ADVANCED_FACE('10235',(#8530),#8523,.T.);
#8532=CARTESIAN_POINT('',(4.984452917932E0,-8.E-1,4.6E0));
#8533=DIRECTION('',(1.E0,0.E0,0.E0));
#8534=DIRECTION('',(0.E0,-3.333333333346E-1,-9.428090415816E-1));
#8535=AXIS2_PLACEMENT_3D('',#8532,#8533,#8534);
#8536=CYLINDRICAL_SURFACE('10234',#8535,4.999999999991E-2);
#8537=ORIENTED_EDGE('7683',*,*,#6173,.F.);
#8539=ORIENTED_EDGE('8611',*,*,#8538,.T.);
#8540=ORIENTED_EDGE('7710',*,*,#6372,.F.);
#8541=ORIENTED_EDGE('8612',*,*,#8524,.F.);
#8542=EDGE_LOOP('10234',(#8537,#8539,#8540,#8541));
#8543=FACE_OUTER_BOUND('10234',#8542,.F.);
#8544=ADVANCED_FACE('10234',(#8543),#8536,.F.);
#8545=CARTESIAN_POINT('',(5.075E0,-8.833333333334E-1,4.576429773961E0));
#8546=DIRECTION('',(0.E0,3.333333333266E-1,9.428090415844E-1));
#8547=DIRECTION('',(0.E0,-9.428090415844E-1,3.333333333266E-1));
#8548=AXIS2_PLACEMENT_3D('',#8545,#8546,#8547);
#8549=PLANE('10233',#8548);
#8550=ORIENTED_EDGE('7682',*,*,#6171,.F.);
#8552=ORIENTED_EDGE('8610',*,*,#8551,.T.);
#8553=ORIENTED_EDGE('7711',*,*,#6374,.F.);
#8554=ORIENTED_EDGE('8611',*,*,#8538,.F.);
#8555=EDGE_LOOP('10233',(#8550,#8552,#8553,#8554));
#8556=FACE_OUTER_BOUND('10233',#8555,.F.);
#8557=ADVANCED_FACE('10233',(#8556),#8549,.T.);
#8558=CARTESIAN_POINT('',(4.775E0,-1.2E0,4.6E0));
#8559=DIRECTION('',(0.E0,0.E0,1.E0));
#8560=DIRECTION('',(-1.E0,0.E0,0.E0));
#8561=AXIS2_PLACEMENT_3D('',#8558,#8559,#8560);
#8562=PLANE('10232',#8561);
#8563=ORIENTED_EDGE('8605',*,*,#6234,.T.);
#8564=ORIENTED_EDGE('8606',*,*,#6376,.T.);
#8565=ORIENTED_EDGE('8610',*,*,#8551,.F.);
#8566=ORIENTED_EDGE('8607',*,*,#6169,.T.);
#8567=ORIENTED_EDGE('8608',*,*,#6200,.T.);
#8569=ORIENTED_EDGE('8624',*,*,#8568,.F.);
#8571=ORIENTED_EDGE('8628',*,*,#8570,.F.);
#8573=ORIENTED_EDGE('8609',*,*,#8572,.T.);
#8574=EDGE_LOOP('10232',(#8563,#8564,#8565,#8566,#8567,#8569,#8571,#8573));
#8575=FACE_OUTER_BOUND('10232',#8574,.F.);
#8576=ADVANCED_FACE('10232',(#8575),#8562,.T.);
#8577=CARTESIAN_POINT('',(4.625E0,-1.45E0,4.3E0));
#8578=DIRECTION('',(0.E0,1.E0,0.E0));
#8579=DIRECTION('',(-1.E0,0.E0,0.E0));
#8580=AXIS2_PLACEMENT_3D('',#8577,#8578,#8579);
#8581=PLANE('10241',#8580);
#8582=ORIENTED_EDGE('8624',*,*,#8568,.T.);
#8583=ORIENTED_EDGE('8622',*,*,#6198,.T.);
#8584=ORIENTED_EDGE('8625',*,*,#6217,.T.);
#8586=ORIENTED_EDGE('8626',*,*,#8585,.F.);
#8587=EDGE_LOOP('10241',(#8582,#8583,#8584,#8586));
#8588=FACE_OUTER_BOUND('10241',#8587,.F.);
#8589=ADVANCED_FACE('10241',(#8588),#8581,.F.);
#8590=CARTESIAN_POINT('',(4.4E0,-1.375E0,4.3E0));
#8591=DIRECTION('',(1.E0,0.E0,0.E0));
#8592=DIRECTION('',(0.E0,0.E0,-1.E0));
#8593=AXIS2_PLACEMENT_3D('',#8590,#8591,#8592);
#8594=PLANE('10242',#8593);
#8596=ORIENTED_EDGE('8627',*,*,#8595,.T.);
#8597=ORIENTED_EDGE('8628',*,*,#8570,.T.);
#8598=ORIENTED_EDGE('8626',*,*,#8585,.T.);
#8599=ORIENTED_EDGE('8629',*,*,#6215,.T.);
#8600=EDGE_LOOP('10242',(#8596,#8597,#8598,#8599));
#8601=FACE_OUTER_BOUND('10242',#8600,.F.);
#8602=ADVANCED_FACE('10242',(#8601),#8594,.F.);
#8603=CARTESIAN_POINT('',(4.624999999999E0,-1.3E0,4.3E0));
#8604=DIRECTION('',(0.E0,1.E0,0.E0));
#8605=DIRECTION('',(-1.E0,0.E0,0.E0));
#8606=AXIS2_PLACEMENT_3D('',#8603,#8604,#8605);
#8607=PLANE('10231',#8606);
#8608=ORIENTED_EDGE('8609',*,*,#8572,.F.);
#8609=ORIENTED_EDGE('8627',*,*,#8595,.F.);
#8610=ORIENTED_EDGE('8603',*,*,#6213,.T.);
#8611=ORIENTED_EDGE('7735',*,*,#6236,.T.);
#8612=EDGE_LOOP('10231',(#8608,#8609,#8610,#8611));
#8613=FACE_OUTER_BOUND('10231',#8612,.F.);
#8614=ADVANCED_FACE('10231',(#8613),#8607,.T.);
#8615=CARTESIAN_POINT('',(5.9E0,-7.810681952831E-3,4.005627069559E0));
#8616=DIRECTION('',(0.E0,1.E0,0.E0));
#8617=DIRECTION('',(0.E0,0.E0,1.E0));
#8618=AXIS2_PLACEMENT_3D('',#8615,#8616,#8617);
#8619=PLANE('9997',#8618);
#8620=ORIENTED_EDGE('7819',*,*,#5687,.T.);
#8621=ORIENTED_EDGE('8015',*,*,#8036,.T.);
#8622=ORIENTED_EDGE('8009',*,*,#8005,.T.);
#8623=ORIENTED_EDGE('8016',*,*,#5613,.T.);
#8624=EDGE_LOOP('9997',(#8620,#8621,#8622,#8623));
#8625=FACE_OUTER_BOUND('9997',#8624,.F.);
#8626=ADVANCED_FACE('9997',(#8625),#8619,.F.);
#8627=CARTESIAN_POINT('',(-4.9E0,7.E-1,-9.2E-2));
#8628=DIRECTION('',(0.E0,0.E0,1.E0));
#8629=DIRECTION('',(1.E0,0.E0,0.E0));
#8630=AXIS2_PLACEMENT_3D('',#8627,#8628,#8629);
#8631=CYLINDRICAL_SURFACE('9990',#8630,5.E-1);
#8632=ORIENTED_EDGE('7997',*,*,#7135,.T.);
#8633=ORIENTED_EDGE('8007',*,*,#7991,.F.);
#8634=ORIENTED_EDGE('7998',*,*,#5251,.T.);
#8635=ORIENTED_EDGE('7927',*,*,#7467,.F.);
#8636=EDGE_LOOP('9990',(#8632,#8633,#8634,#8635));
#8637=FACE_OUTER_BOUND('9990',#8636,.F.);
#8638=ADVANCED_FACE('9990',(#8637),#8631,.T.);
#8639=CARTESIAN_POINT('',(5.750000010710E0,-9.500000000380E-1,
5.000001071009E-2));
#8640=DIRECTION('',(-7.071067811830E-1,0.E0,7.071067811901E-1));
#8641=DIRECTION('',(0.E0,-1.E0,0.E0));
#8642=AXIS2_PLACEMENT_3D('',#8639,#8640,#8641);
#8643=PLANE('10032',#8642);
#8644=ORIENTED_EDGE('8105',*,*,#6545,.T.);
#8646=ORIENTED_EDGE('8109',*,*,#8645,.F.);
#8648=ORIENTED_EDGE('8106',*,*,#8647,.F.);
#8649=ORIENTED_EDGE('8074',*,*,#6922,.T.);
#8650=EDGE_LOOP('10032',(#8644,#8646,#8648,#8649));
#8651=FACE_OUTER_BOUND('10032',#8650,.F.);
#8652=ADVANCED_FACE('10032',(#8651),#8643,.F.);
#8653=CARTESIAN_POINT('',(5.475E0,-8.5E-1,5.E-1));
#8654=DIRECTION('',(0.E0,1.E0,0.E0));
#8655=DIRECTION('',(-1.E0,0.E0,0.E0));
#8656=AXIS2_PLACEMENT_3D('',#8653,#8654,#8655);
#8657=PLANE('10033',#8656);
#8658=ORIENTED_EDGE('8107',*,*,#6543,.T.);
#8660=ORIENTED_EDGE('8111',*,*,#8659,.F.);
#8662=ORIENTED_EDGE('8235',*,*,#8661,.F.);
#8664=ORIENTED_EDGE('8108',*,*,#8663,.F.);
#8665=ORIENTED_EDGE('8109',*,*,#8645,.T.);
#8666=EDGE_LOOP('10033',(#8658,#8660,#8662,#8664,#8665));
#8667=FACE_OUTER_BOUND('10033',#8666,.F.);
#8668=ADVANCED_FACE('10033',(#8667),#8657,.T.);
#8669=CARTESIAN_POINT('',(5.475E0,-5.25E-1,1.E0));
#8670=DIRECTION('',(0.E0,0.E0,1.E0));
#8671=DIRECTION('',(-1.E0,0.E0,0.E0));
#8672=AXIS2_PLACEMENT_3D('',#8669,#8670,#8671);
#8673=PLANE('10034',#8672);
#8674=ORIENTED_EDGE('8110',*,*,#6541,.T.);
#8676=ORIENTED_EDGE('8116',*,*,#8675,.F.);
#8678=ORIENTED_EDGE('8236',*,*,#8677,.F.);
#8679=ORIENTED_EDGE('8111',*,*,#8659,.T.);
#8680=EDGE_LOOP('10034',(#8674,#8676,#8678,#8679));
#8681=FACE_OUTER_BOUND('10034',#8680,.F.);
#8682=ADVANCED_FACE('10034',(#8681),#8673,.F.);
#8683=CARTESIAN_POINT('',(4.975E0,-2.E-1,1.1E0));
#8684=DIRECTION('',(0.E0,1.E0,0.E0));
#8685=DIRECTION('',(-1.E0,0.E0,0.E0));
#8686=AXIS2_PLACEMENT_3D('',#8683,#8684,#8685);
#8687=PLANE('10035',#8686);
#8688=ORIENTED_EDGE('8112',*,*,#6539,.T.);
#8689=ORIENTED_EDGE('8113',*,*,#6579,.T.);
#8690=ORIENTED_EDGE('7832',*,*,#6601,.T.);
#8692=ORIENTED_EDGE('8136',*,*,#8691,.F.);
#8694=ORIENTED_EDGE('8186',*,*,#8693,.F.);
#8696=ORIENTED_EDGE('8151',*,*,#8695,.F.);
#8697=ORIENTED_EDGE('7831',*,*,#6593,.T.);
#8698=ORIENTED_EDGE('8114',*,*,#6625,.F.);
#8700=ORIENTED_EDGE('8115',*,*,#8699,.F.);
#8702=ORIENTED_EDGE('8237',*,*,#8701,.F.);
#8703=ORIENTED_EDGE('8116',*,*,#8675,.T.);
#8704=EDGE_LOOP('10035',(#8688,#8689,#8690,#8692,#8694,#8696,#8697,#8698,#8700,
#8702,#8703));
#8705=FACE_OUTER_BOUND('10035',#8704,.F.);
#8706=ADVANCED_FACE('10035',(#8705),#8687,.T.);
#8707=CARTESIAN_POINT('',(5.5E0,-2.85E-1,2.475E0));
#8708=DIRECTION('',(1.E0,0.E0,0.E0));
#8709=DIRECTION('',(0.E0,1.E0,0.E0));
#8710=AXIS2_PLACEMENT_3D('',#8707,#8708,#8709);
#8711=PLANE('10038',#8710);
#8713=ORIENTED_EDGE('8178',*,*,#8712,.F.);
#8715=ORIENTED_EDGE('8134',*,*,#8714,.F.);
#8717=ORIENTED_EDGE('8135',*,*,#8716,.F.);
#8718=ORIENTED_EDGE('8136',*,*,#8691,.T.);
#8719=ORIENTED_EDGE('8137',*,*,#6599,.T.);
#8721=ORIENTED_EDGE('8181',*,*,#8720,.F.);
#8722=EDGE_LOOP('10038',(#8713,#8715,#8717,#8718,#8719,#8721));
#8723=FACE_OUTER_BOUND('10038',#8722,.F.);
#8724=ADVANCED_FACE('10038',(#8723),#8711,.F.);
#8725=CARTESIAN_POINT('',(5.425E0,-2.85E-1,3.1E0));
#8726=DIRECTION('',(0.E0,0.E0,1.E0));
#8727=DIRECTION('',(0.E0,1.E0,0.E0));
#8728=AXIS2_PLACEMENT_3D('',#8725,#8726,#8727);
#8729=PLANE('10058',#8728);
#8730=ORIENTED_EDGE('8178',*,*,#8712,.T.);
#8732=ORIENTED_EDGE('8180',*,*,#8731,.F.);
#8734=ORIENTED_EDGE('8179',*,*,#8733,.T.);
#8736=ORIENTED_EDGE('8184',*,*,#8735,.F.);
#8737=EDGE_LOOP('10058',(#8730,#8732,#8734,#8736));
#8738=FACE_OUTER_BOUND('10058',#8737,.F.);
#8739=ADVANCED_FACE('10058',(#8738),#8729,.F.);
#8740=CARTESIAN_POINT('',(5.425E0,-5.E-2,2.6E0));
#8741=DIRECTION('',(0.E0,1.E0,0.E0));
#8742=DIRECTION('',(-1.E0,0.E0,0.E0));
#8743=AXIS2_PLACEMENT_3D('',#8740,#8741,#8742);
#8744=PLANE('10059',#8743);
#8745=ORIENTED_EDGE('8180',*,*,#8731,.T.);
#8746=ORIENTED_EDGE('8181',*,*,#8720,.T.);
#8747=ORIENTED_EDGE('8182',*,*,#6597,.T.);
#8749=ORIENTED_EDGE('8183',*,*,#8748,.T.);
#8750=EDGE_LOOP('10059',(#8745,#8746,#8747,#8749));
#8751=FACE_OUTER_BOUND('10059',#8750,.F.);
#8752=ADVANCED_FACE('10059',(#8751),#8744,.F.);
#8753=CARTESIAN_POINT('',(5.35E0,-2.85E-1,2.475E0));
#8754=DIRECTION('',(1.E0,0.E0,0.E0));
#8755=DIRECTION('',(0.E0,-1.E0,0.E0));
#8756=AXIS2_PLACEMENT_3D('',#8753,#8754,#8755);
#8757=PLANE('10041',#8756);
#8758=ORIENTED_EDGE('8179',*,*,#8733,.F.);
#8759=ORIENTED_EDGE('8183',*,*,#8748,.F.);
#8760=ORIENTED_EDGE('8150',*,*,#6595,.T.);
#8761=ORIENTED_EDGE('8151',*,*,#8695,.T.);
#8763=ORIENTED_EDGE('8188',*,*,#8762,.F.);
#8765=ORIENTED_EDGE('8185',*,*,#8764,.F.);
#8766=EDGE_LOOP('10041',(#8758,#8759,#8760,#8761,#8763,#8765));
#8767=FACE_OUTER_BOUND('10041',#8766,.F.);
#8768=ADVANCED_FACE('10041',(#8767),#8757,.T.);
#8769=CARTESIAN_POINT('',(5.425E0,-3.6E-1,1.85E0));
#8770=DIRECTION('',(0.E0,0.E0,1.E0));
#8771=DIRECTION('',(1.E0,0.E0,0.E0));
#8772=AXIS2_PLACEMENT_3D('',#8769,#8770,#8771);
#8773=PLANE('10061',#8772);
#8774=ORIENTED_EDGE('8186',*,*,#8693,.T.);
#8775=ORIENTED_EDGE('8135',*,*,#8716,.T.);
#8777=ORIENTED_EDGE('8187',*,*,#8776,.T.);
#8778=ORIENTED_EDGE('8188',*,*,#8762,.T.);
#8779=EDGE_LOOP('10061',(#8774,#8775,#8777,#8778));
#8780=FACE_OUTER_BOUND('10061',#8779,.F.);
#8781=ADVANCED_FACE('10061',(#8780),#8773,.T.);
#8782=CARTESIAN_POINT('',(5.425E0,-5.2E-1,2.475E0));
#8783=DIRECTION('',(0.E0,1.E0,0.E0));
#8784=DIRECTION('',(1.E0,0.E0,0.E0));
#8785=AXIS2_PLACEMENT_3D('',#8782,#8783,#8784);
#8786=PLANE('10060',#8785);
#8787=ORIENTED_EDGE('8184',*,*,#8735,.T.);
#8788=ORIENTED_EDGE('8185',*,*,#8764,.T.);
#8789=ORIENTED_EDGE('8187',*,*,#8776,.F.);
#8790=ORIENTED_EDGE('8134',*,*,#8714,.T.);
#8791=EDGE_LOOP('10060',(#8787,#8788,#8789,#8790));
#8792=FACE_OUTER_BOUND('10060',#8791,.F.);
#8793=ADVANCED_FACE('10060',(#8792),#8786,.T.);
#8794=CARTESIAN_POINT('',(4.925E0,-6.75E-1,0.E0));
#8795=DIRECTION('',(0.E0,0.E0,1.E0));
#8796=DIRECTION('',(1.E0,0.E0,0.E0));
#8797=AXIS2_PLACEMENT_3D('',#8794,#8795,#8796);
#8798=PLANE('10081',#8797);
#8799=ORIENTED_EDGE('8072',*,*,#6909,.T.);
#8800=ORIENTED_EDGE('8233',*,*,#6924,.T.);
#8801=ORIENTED_EDGE('8106',*,*,#8647,.T.);
#8802=ORIENTED_EDGE('8108',*,*,#8663,.T.);
#8804=ORIENTED_EDGE('8234',*,*,#8803,.F.);
#8805=ORIENTED_EDGE('8115',*,*,#8699,.T.);
#8806=ORIENTED_EDGE('8204',*,*,#6623,.T.);
#8808=ORIENTED_EDGE('8231',*,*,#8807,.T.);
#8809=ORIENTED_EDGE('8070',*,*,#6892,.T.);
#8810=EDGE_LOOP('10081',(#8799,#8800,#8801,#8802,#8804,#8805,#8806,#8808,
#8809));
#8811=FACE_OUTER_BOUND('10081',#8810,.F.);
#8812=ADVANCED_FACE('10081',(#8811),#8798,.F.);
#8813=CARTESIAN_POINT('',(5.15E0,-5.25E-1,5.E-1));
#8814=DIRECTION('',(1.E0,0.E0,0.E0));
#8815=DIRECTION('',(0.E0,1.E0,0.E0));
#8816=AXIS2_PLACEMENT_3D('',#8813,#8814,#8815);
#8817=PLANE('10082',#8816);
#8818=ORIENTED_EDGE('8234',*,*,#8803,.T.);
#8819=ORIENTED_EDGE('8235',*,*,#8661,.T.);
#8820=ORIENTED_EDGE('8236',*,*,#8677,.T.);
#8821=ORIENTED_EDGE('8237',*,*,#8701,.T.);
#8822=EDGE_LOOP('10082',(#8818,#8819,#8820,#8821));
#8823=FACE_OUTER_BOUND('10082',#8822,.F.);
#8824=ADVANCED_FACE('10082',(#8823),#8817,.T.);
#8825=CARTESIAN_POINT('',(4.35E0,-6.E-1,5.E-1));
#8826=DIRECTION('',(0.E0,1.E0,0.E0));
#8827=DIRECTION('',(1.E0,0.E0,0.E0));
#8828=AXIS2_PLACEMENT_3D('',#8825,#8826,#8827);
#8829=PLANE('10080',#8828);
#8830=ORIENTED_EDGE('8231',*,*,#8807,.F.);
#8831=ORIENTED_EDGE('8203',*,*,#6621,.T.);
#8832=ORIENTED_EDGE('8056',*,*,#6762,.T.);
#8833=ORIENTED_EDGE('8232',*,*,#6894,.T.);
#8834=EDGE_LOOP('10080',(#8830,#8831,#8832,#8833));
#8835=FACE_OUTER_BOUND('10080',#8834,.F.);
#8836=ADVANCED_FACE('10080',(#8835),#8829,.F.);
#8837=CARTESIAN_POINT('',(4.26E0,-7.999999999999E-1,1.05E0));
#8838=DIRECTION('',(0.E0,7.071067811880E-1,7.071067811851E-1));
#8839=DIRECTION('',(-1.E0,0.E0,0.E0));
#8840=AXIS2_PLACEMENT_3D('',#8837,#8838,#8839);
#8841=PLANE('10078',#8840);
#8842=ORIENTED_EDGE('8223',*,*,#6734,.T.);
#8843=ORIENTED_EDGE('8227',*,*,#6749,.T.);
#8844=ORIENTED_EDGE('8228',*,*,#6765,.T.);
#8845=ORIENTED_EDGE('8202',*,*,#6617,.F.);
#8846=EDGE_LOOP('10078',(#8842,#8843,#8844,#8845));
#8847=FACE_OUTER_BOUND('10078',#8846,.F.);
#8848=ADVANCED_FACE('10078',(#8847),#8841,.F.);
#8849=CARTESIAN_POINT('',(3.38E0,-9.25E-1,1.05E0));
#8850=DIRECTION('',(-7.071067811851E-1,0.E0,7.071067811880E-1));
#8851=DIRECTION('',(0.E0,-1.E0,0.E0));
#8852=AXIS2_PLACEMENT_3D('',#8849,#8850,#8851);
#8853=PLANE('10079',#8852);
#8854=ORIENTED_EDGE('8229',*,*,#6703,.T.);
#8855=ORIENTED_EDGE('8216',*,*,#6689,.T.);
#8856=ORIENTED_EDGE('8230',*,*,#6769,.T.);
#8857=ORIENTED_EDGE('8220',*,*,#6717,.T.);
#8858=EDGE_LOOP('10079',(#8854,#8855,#8856,#8857));
#8859=FACE_OUTER_BOUND('10079',#8858,.F.);
#8860=ADVANCED_FACE('10079',(#8859),#8853,.F.);
#8861=CARTESIAN_POINT('',(3.05E0,-5.E-1,2.55E0));
#8862=DIRECTION('',(1.E0,0.E0,0.E0));
#8863=DIRECTION('',(0.E0,-1.E0,0.E0));
#8864=AXIS2_PLACEMENT_3D('',#8861,#8862,#8863);
#8865=PLANE('10083',#8864);
#8867=ORIENTED_EDGE('8238',*,*,#8866,.F.);
#8869=ORIENTED_EDGE('8259',*,*,#8868,.F.);
#8871=ORIENTED_EDGE('8239',*,*,#8870,.T.);
#8872=ORIENTED_EDGE('8240',*,*,#6774,.T.);
#8873=ORIENTED_EDGE('8241',*,*,#6335,.T.);
#8875=ORIENTED_EDGE('8242',*,*,#8874,.F.);
#8876=EDGE_LOOP('10083',(#8867,#8869,#8871,#8872,#8873,#8875));
#8877=FACE_OUTER_BOUND('10083',#8876,.F.);
#8878=ADVANCED_FACE('10083',(#8877),#8865,.F.);
#8879=CARTESIAN_POINT('',(2.75E0,-1.E0,2.6E0));
#8880=DIRECTION('',(0.E0,1.E0,0.E0));
#8881=DIRECTION('',(-1.E0,0.E0,0.E0));
#8882=AXIS2_PLACEMENT_3D('',#8879,#8880,#8881);
#8883=PLANE('10084',#8882);
#8884=ORIENTED_EDGE('8238',*,*,#8866,.T.);
#8886=ORIENTED_EDGE('8243',*,*,#8885,.F.);
#8888=ORIENTED_EDGE('8246',*,*,#8887,.F.);
#8890=ORIENTED_EDGE('8255',*,*,#8889,.F.);
#8891=EDGE_LOOP('10084',(#8884,#8886,#8888,#8890));
#8892=FACE_OUTER_BOUND('10084',#8891,.F.);
#8893=ADVANCED_FACE('10084',(#8892),#8883,.T.);
#8894=CARTESIAN_POINT('',(2.75E0,-5.E-1,4.1E0));
#8895=DIRECTION('',(0.E0,0.E0,1.E0));
#8896=DIRECTION('',(-1.E0,0.E0,0.E0));
#8897=AXIS2_PLACEMENT_3D('',#8894,#8895,#8896);
#8898=PLANE('10085',#8897);
#8899=ORIENTED_EDGE('7719',*,*,#6333,.T.);
#8901=ORIENTED_EDGE('8247',*,*,#8900,.F.);
#8902=ORIENTED_EDGE('8243',*,*,#8885,.T.);
#8903=ORIENTED_EDGE('8242',*,*,#8874,.T.);
#8904=EDGE_LOOP('10085',(#8899,#8901,#8902,#8903));
#8905=FACE_OUTER_BOUND('10085',#8904,.F.);
#8906=ADVANCED_FACE('10085',(#8905),#8898,.F.);
#8907=CARTESIAN_POINT('',(2.45E0,-5.E-1,2.55E0));
#8908=DIRECTION('',(1.E0,0.E0,0.E0));
#8909=DIRECTION('',(0.E0,1.E0,0.E0));
#8910=AXIS2_PLACEMENT_3D('',#8907,#8908,#8909);
#8911=PLANE('10086',#8910);
#8913=ORIENTED_EDGE('8244',*,*,#8912,.T.);
#8915=ORIENTED_EDGE('8245',*,*,#8914,.F.);
#8916=ORIENTED_EDGE('8246',*,*,#8887,.T.);
#8917=ORIENTED_EDGE('8247',*,*,#8900,.T.);
#8918=ORIENTED_EDGE('8248',*,*,#6331,.T.);
#8919=ORIENTED_EDGE('8249',*,*,#6786,.T.);
#8920=EDGE_LOOP('10086',(#8913,#8915,#8916,#8917,#8918,#8919));
#8921=FACE_OUTER_BOUND('10086',#8920,.F.);
#8922=ADVANCED_FACE('10086',(#8921),#8911,.T.);
#8923=CARTESIAN_POINT('',(2.34E0,-7.999999999999E-1,1.05E0));
#8924=DIRECTION('',(0.E0,7.071067811880E-1,7.071067811851E-1));
#8925=DIRECTION('',(-1.E0,0.E0,0.E0));
#8926=AXIS2_PLACEMENT_3D('',#8923,#8924,#8925);
#8927=PLANE('10087',#8926);
#8929=ORIENTED_EDGE('8250',*,*,#8928,.F.);
#8930=ORIENTED_EDGE('8244',*,*,#8912,.F.);
#8931=ORIENTED_EDGE('8251',*,*,#6784,.T.);
#8933=ORIENTED_EDGE('8252',*,*,#8932,.F.);
#8934=EDGE_LOOP('10087',(#8929,#8930,#8931,#8933));
#8935=FACE_OUTER_BOUND('10087',#8934,.F.);
#8936=ADVANCED_FACE('10087',(#8935),#8927,.F.);
#8937=CARTESIAN_POINT('',(2.39E0,-9.25E-1,1.1E0));
#8938=DIRECTION('',(0.E0,0.E0,1.E0));
#8939=DIRECTION('',(-1.E0,0.E0,0.E0));
#8940=AXIS2_PLACEMENT_3D('',#8937,#8938,#8939);
#8941=PLANE('10088',#8940);
#8943=ORIENTED_EDGE('8253',*,*,#8942,.F.);
#8944=ORIENTED_EDGE('8245',*,*,#8914,.T.);
#8945=ORIENTED_EDGE('8250',*,*,#8928,.T.);
#8947=ORIENTED_EDGE('8265',*,*,#8946,.F.);
#8948=EDGE_LOOP('10088',(#8943,#8944,#8945,#8947));
#8949=FACE_OUTER_BOUND('10088',#8948,.F.);
#8950=ADVANCED_FACE('10088',(#8949),#8941,.F.);
#8951=CARTESIAN_POINT('',(2.75E0,-1.05E0,1.05E0));
#8952=DIRECTION('',(0.E0,7.071067811865E-1,-7.071067811865E-1));
#8953=DIRECTION('',(-1.E0,0.E0,0.E0));
#8954=AXIS2_PLACEMENT_3D('',#8951,#8952,#8953);
#8955=PLANE('10089',#8954);
#8957=ORIENTED_EDGE('8254',*,*,#8956,.F.);
#8958=ORIENTED_EDGE('8255',*,*,#8889,.T.);
#8959=ORIENTED_EDGE('8253',*,*,#8942,.T.);
#8961=ORIENTED_EDGE('8256',*,*,#8960,.F.);
#8962=ORIENTED_EDGE('8257',*,*,#6780,.T.);
#8964=ORIENTED_EDGE('8258',*,*,#8963,.F.);
#8965=EDGE_LOOP('10089',(#8957,#8958,#8959,#8961,#8962,#8964));
#8966=FACE_OUTER_BOUND('10089',#8965,.F.);
#8967=ADVANCED_FACE('10089',(#8966),#8955,.T.);
#8968=CARTESIAN_POINT('',(3.11E0,-9.25E-1,1.1E0));
#8969=DIRECTION('',(0.E0,0.E0,1.E0));
#8970=DIRECTION('',(-1.E0,0.E0,0.E0));
#8971=AXIS2_PLACEMENT_3D('',#8968,#8969,#8970);
#8972=PLANE('10090',#8971);
#8973=ORIENTED_EDGE('8254',*,*,#8956,.T.);
#8975=ORIENTED_EDGE('8260',*,*,#8974,.F.);
#8977=ORIENTED_EDGE('8263',*,*,#8976,.F.);
#8978=ORIENTED_EDGE('8259',*,*,#8868,.T.);
#8979=EDGE_LOOP('10090',(#8973,#8975,#8977,#8978));
#8980=FACE_OUTER_BOUND('10090',#8979,.F.);
#8981=ADVANCED_FACE('10090',(#8980),#8972,.F.);
#8982=CARTESIAN_POINT('',(3.22E0,-9.25E-1,1.05E0));
#8983=DIRECTION('',(7.071067811851E-1,0.E0,7.071067811880E-1));
#8984=DIRECTION('',(0.E0,-1.E0,0.E0));
#8985=AXIS2_PLACEMENT_3D('',#8982,#8983,#8984);
#8986=PLANE('10091',#8985);
#8987=ORIENTED_EDGE('8260',*,*,#8974,.T.);
#8988=ORIENTED_EDGE('8258',*,*,#8963,.T.);
#8989=ORIENTED_EDGE('8261',*,*,#6778,.T.);
#8991=ORIENTED_EDGE('8262',*,*,#8990,.F.);
#8992=EDGE_LOOP('10091',(#8987,#8988,#8989,#8991));
#8993=FACE_OUTER_BOUND('10091',#8992,.F.);
#8994=ADVANCED_FACE('10091',(#8993),#8986,.F.);
#8995=CARTESIAN_POINT('',(3.16E0,-7.999999999999E-1,1.05E0));
#8996=DIRECTION('',(0.E0,7.071067811880E-1,7.071067811851E-1));
#8997=DIRECTION('',(-1.E0,0.E0,0.E0));
#8998=AXIS2_PLACEMENT_3D('',#8995,#8996,#8997);
#8999=PLANE('10092',#8998);
#9000=ORIENTED_EDGE('8263',*,*,#8976,.T.);
#9001=ORIENTED_EDGE('8262',*,*,#8990,.T.);
#9002=ORIENTED_EDGE('8264',*,*,#6776,.T.);
#9003=ORIENTED_EDGE('8239',*,*,#8870,.F.);
#9004=EDGE_LOOP('10092',(#9000,#9001,#9002,#9003));
#9005=FACE_OUTER_BOUND('10092',#9004,.F.);
#9006=ADVANCED_FACE('10092',(#9005),#8999,.F.);
#9007=CARTESIAN_POINT('',(2.28E0,-9.25E-1,1.05E0));
#9008=DIRECTION('',(-7.071067811851E-1,0.E0,7.071067811880E-1));
#9009=DIRECTION('',(0.E0,-1.E0,0.E0));
#9010=AXIS2_PLACEMENT_3D('',#9007,#9008,#9009);
#9011=PLANE('10093',#9010);
#9012=ORIENTED_EDGE('8265',*,*,#8946,.T.);
#9013=ORIENTED_EDGE('8252',*,*,#8932,.T.);
#9014=ORIENTED_EDGE('8266',*,*,#6782,.T.);
#9015=ORIENTED_EDGE('8256',*,*,#8960,.T.);
#9016=EDGE_LOOP('10093',(#9012,#9013,#9014,#9015));
#9017=FACE_OUTER_BOUND('10093',#9016,.F.);
#9018=ADVANCED_FACE('10093',(#9017),#9011,.F.);
#9019=CARTESIAN_POINT('',(1.95E0,-5.E-1,2.55E0));
#9020=DIRECTION('',(1.E0,0.E0,0.E0));
#9021=DIRECTION('',(0.E0,-1.E0,0.E0));
#9022=AXIS2_PLACEMENT_3D('',#9019,#9020,#9021);
#9023=PLANE('10094',#9022);
#9025=ORIENTED_EDGE('8267',*,*,#9024,.F.);
#9027=ORIENTED_EDGE('8288',*,*,#9026,.F.);
#9029=ORIENTED_EDGE('8268',*,*,#9028,.T.);
#9030=ORIENTED_EDGE('8269',*,*,#6789,.T.);
#9031=ORIENTED_EDGE('8270',*,*,#6327,.T.);
#9033=ORIENTED_EDGE('8271',*,*,#9032,.F.);
#9034=EDGE_LOOP('10094',(#9025,#9027,#9029,#9030,#9031,#9033));
#9035=FACE_OUTER_BOUND('10094',#9034,.F.);
#9036=ADVANCED_FACE('10094',(#9035),#9023,.F.);
#9037=CARTESIAN_POINT('',(1.65E0,-1.E0,2.6E0));
#9038=DIRECTION('',(0.E0,1.E0,0.E0));
#9039=DIRECTION('',(-1.E0,0.E0,0.E0));
#9040=AXIS2_PLACEMENT_3D('',#9037,#9038,#9039);
#9041=PLANE('10095',#9040);
#9042=ORIENTED_EDGE('8267',*,*,#9024,.T.);
#9044=ORIENTED_EDGE('8272',*,*,#9043,.F.);
#9046=ORIENTED_EDGE('8275',*,*,#9045,.F.);
#9048=ORIENTED_EDGE('8284',*,*,#9047,.F.);
#9049=EDGE_LOOP('10095',(#9042,#9044,#9046,#9048));
#9050=FACE_OUTER_BOUND('10095',#9049,.F.);
#9051=ADVANCED_FACE('10095',(#9050),#9041,.T.);
#9052=CARTESIAN_POINT('',(1.65E0,-5.E-1,4.1E0));
#9053=DIRECTION('',(0.E0,0.E0,1.E0));
#9054=DIRECTION('',(-1.E0,0.E0,0.E0));
#9055=AXIS2_PLACEMENT_3D('',#9052,#9053,#9054);
#9056=PLANE('10096',#9055);
#9057=ORIENTED_EDGE('7718',*,*,#6325,.T.);
#9059=ORIENTED_EDGE('8276',*,*,#9058,.F.);
#9060=ORIENTED_EDGE('8272',*,*,#9043,.T.);
#9061=ORIENTED_EDGE('8271',*,*,#9032,.T.);
#9062=EDGE_LOOP('10096',(#9057,#9059,#9060,#9061));
#9063=FACE_OUTER_BOUND('10096',#9062,.F.);
#9064=ADVANCED_FACE('10096',(#9063),#9056,.F.);
#9065=CARTESIAN_POINT('',(1.35E0,-5.E-1,2.55E0));
#9066=DIRECTION('',(1.E0,0.E0,0.E0));
#9067=DIRECTION('',(0.E0,1.E0,0.E0));
#9068=AXIS2_PLACEMENT_3D('',#9065,#9066,#9067);
#9069=PLANE('10097',#9068);
#9071=ORIENTED_EDGE('8273',*,*,#9070,.T.);
#9073=ORIENTED_EDGE('8274',*,*,#9072,.F.);
#9074=ORIENTED_EDGE('8275',*,*,#9045,.T.);
#9075=ORIENTED_EDGE('8276',*,*,#9058,.T.);
#9076=ORIENTED_EDGE('8277',*,*,#6323,.T.);
#9077=ORIENTED_EDGE('8278',*,*,#6801,.T.);
#9078=EDGE_LOOP('10097',(#9071,#9073,#9074,#9075,#9076,#9077));
#9079=FACE_OUTER_BOUND('10097',#9078,.F.);
#9080=ADVANCED_FACE('10097',(#9079),#9069,.T.);
#9081=CARTESIAN_POINT('',(1.24E0,-7.999999999999E-1,1.05E0));
#9082=DIRECTION('',(0.E0,7.071067811880E-1,7.071067811851E-1));
#9083=DIRECTION('',(-1.E0,0.E0,0.E0));
#9084=AXIS2_PLACEMENT_3D('',#9081,#9082,#9083);
#9085=PLANE('10098',#9084);
#9087=ORIENTED_EDGE('8279',*,*,#9086,.F.);
#9088=ORIENTED_EDGE('8273',*,*,#9070,.F.);
#9089=ORIENTED_EDGE('8280',*,*,#6799,.T.);
#9091=ORIENTED_EDGE('8281',*,*,#9090,.F.);
#9092=EDGE_LOOP('10098',(#9087,#9088,#9089,#9091));
#9093=FACE_OUTER_BOUND('10098',#9092,.F.);
#9094=ADVANCED_FACE('10098',(#9093),#9085,.F.);
#9095=CARTESIAN_POINT('',(1.29E0,-9.249999999999E-1,1.1E0));
#9096=DIRECTION('',(0.E0,0.E0,1.E0));
#9097=DIRECTION('',(-1.E0,0.E0,0.E0));
#9098=AXIS2_PLACEMENT_3D('',#9095,#9096,#9097);
#9099=PLANE('10099',#9098);
#9101=ORIENTED_EDGE('8282',*,*,#9100,.F.);
#9102=ORIENTED_EDGE('8274',*,*,#9072,.T.);
#9103=ORIENTED_EDGE('8279',*,*,#9086,.T.);
#9105=ORIENTED_EDGE('8294',*,*,#9104,.F.);
#9106=EDGE_LOOP('10099',(#9101,#9102,#9103,#9105));
#9107=FACE_OUTER_BOUND('10099',#9106,.F.);
#9108=ADVANCED_FACE('10099',(#9107),#9099,.F.);
#9109=CARTESIAN_POINT('',(1.65E0,-1.05E0,1.05E0));
#9110=DIRECTION('',(0.E0,7.071067811865E-1,-7.071067811865E-1));
#9111=DIRECTION('',(-1.E0,0.E0,0.E0));
#9112=AXIS2_PLACEMENT_3D('',#9109,#9110,#9111);
#9113=PLANE('10100',#9112);
#9115=ORIENTED_EDGE('8283',*,*,#9114,.F.);
#9116=ORIENTED_EDGE('8284',*,*,#9047,.T.);
#9117=ORIENTED_EDGE('8282',*,*,#9100,.T.);
#9119=ORIENTED_EDGE('8285',*,*,#9118,.F.);
#9120=ORIENTED_EDGE('8286',*,*,#6795,.T.);
#9122=ORIENTED_EDGE('8287',*,*,#9121,.F.);
#9123=EDGE_LOOP('10100',(#9115,#9116,#9117,#9119,#9120,#9122));
#9124=FACE_OUTER_BOUND('10100',#9123,.F.);
#9125=ADVANCED_FACE('10100',(#9124),#9113,.T.);
#9126=CARTESIAN_POINT('',(2.01E0,-9.25E-1,1.1E0));
#9127=DIRECTION('',(0.E0,0.E0,1.E0));
#9128=DIRECTION('',(-1.E0,0.E0,0.E0));
#9129=AXIS2_PLACEMENT_3D('',#9126,#9127,#9128);
#9130=PLANE('10101',#9129);
#9131=ORIENTED_EDGE('8283',*,*,#9114,.T.);
#9133=ORIENTED_EDGE('8289',*,*,#9132,.F.);
#9135=ORIENTED_EDGE('8292',*,*,#9134,.F.);
#9136=ORIENTED_EDGE('8288',*,*,#9026,.T.);
#9137=EDGE_LOOP('10101',(#9131,#9133,#9135,#9136));
#9138=FACE_OUTER_BOUND('10101',#9137,.F.);
#9139=ADVANCED_FACE('10101',(#9138),#9130,.F.);
#9140=CARTESIAN_POINT('',(2.12E0,-9.25E-1,1.05E0));
#9141=DIRECTION('',(7.071067811851E-1,0.E0,7.071067811880E-1));
#9142=DIRECTION('',(0.E0,-1.E0,0.E0));
#9143=AXIS2_PLACEMENT_3D('',#9140,#9141,#9142);
#9144=PLANE('10102',#9143);
#9145=ORIENTED_EDGE('8289',*,*,#9132,.T.);
#9146=ORIENTED_EDGE('8287',*,*,#9121,.T.);
#9147=ORIENTED_EDGE('8290',*,*,#6793,.T.);
#9149=ORIENTED_EDGE('8291',*,*,#9148,.F.);
#9150=EDGE_LOOP('10102',(#9145,#9146,#9147,#9149));
#9151=FACE_OUTER_BOUND('10102',#9150,.F.);
#9152=ADVANCED_FACE('10102',(#9151),#9144,.F.);
#9153=CARTESIAN_POINT('',(2.06E0,-7.999999999999E-1,1.05E0));
#9154=DIRECTION('',(0.E0,7.071067811880E-1,7.071067811851E-1));
#9155=DIRECTION('',(-1.E0,0.E0,0.E0));
#9156=AXIS2_PLACEMENT_3D('',#9153,#9154,#9155);
#9157=PLANE('10103',#9156);
#9158=ORIENTED_EDGE('8292',*,*,#9134,.T.);
#9159=ORIENTED_EDGE('8291',*,*,#9148,.T.);
#9160=ORIENTED_EDGE('8293',*,*,#6791,.T.);
#9161=ORIENTED_EDGE('8268',*,*,#9028,.F.);
#9162=EDGE_LOOP('10103',(#9158,#9159,#9160,#9161));
#9163=FACE_OUTER_BOUND('10103',#9162,.F.);
#9164=ADVANCED_FACE('10103',(#9163),#9157,.F.);
#9165=CARTESIAN_POINT('',(1.18E0,-9.25E-1,1.05E0));
#9166=DIRECTION('',(-7.071067811851E-1,0.E0,7.071067811880E-1));
#9167=DIRECTION('',(0.E0,-1.E0,0.E0));
#9168=AXIS2_PLACEMENT_3D('',#9165,#9166,#9167);
#9169=PLANE('10104',#9168);
#9170=ORIENTED_EDGE('8294',*,*,#9104,.T.);
#9171=ORIENTED_EDGE('8281',*,*,#9090,.T.);
#9172=ORIENTED_EDGE('8295',*,*,#6797,.T.);
#9173=ORIENTED_EDGE('8285',*,*,#9118,.T.);
#9174=EDGE_LOOP('10104',(#9170,#9171,#9172,#9173));
#9175=FACE_OUTER_BOUND('10104',#9174,.F.);
#9176=ADVANCED_FACE('10104',(#9175),#9169,.F.);
#9177=CARTESIAN_POINT('',(8.5E-1,-5.E-1,2.55E0));
#9178=DIRECTION('',(1.E0,0.E0,0.E0));
#9179=DIRECTION('',(0.E0,-1.E0,0.E0));
#9180=AXIS2_PLACEMENT_3D('',#9177,#9178,#9179);
#9181=PLANE('10105',#9180);
#9183=ORIENTED_EDGE('8296',*,*,#9182,.F.);
#9185=ORIENTED_EDGE('8317',*,*,#9184,.F.);
#9187=ORIENTED_EDGE('8297',*,*,#9186,.T.);
#9188=ORIENTED_EDGE('8298',*,*,#6804,.T.);
#9189=ORIENTED_EDGE('8299',*,*,#6319,.T.);
#9191=ORIENTED_EDGE('8300',*,*,#9190,.F.);
#9192=EDGE_LOOP('10105',(#9183,#9185,#9187,#9188,#9189,#9191));
#9193=FACE_OUTER_BOUND('10105',#9192,.F.);
#9194=ADVANCED_FACE('10105',(#9193),#9181,.F.);
#9195=CARTESIAN_POINT('',(5.5E-1,-1.E0,2.6E0));
#9196=DIRECTION('',(0.E0,1.E0,0.E0));
#9197=DIRECTION('',(-1.E0,0.E0,0.E0));
#9198=AXIS2_PLACEMENT_3D('',#9195,#9196,#9197);
#9199=PLANE('10106',#9198);
#9200=ORIENTED_EDGE('8296',*,*,#9182,.T.);
#9202=ORIENTED_EDGE('8301',*,*,#9201,.F.);
#9204=ORIENTED_EDGE('8304',*,*,#9203,.F.);
#9206=ORIENTED_EDGE('8313',*,*,#9205,.F.);
#9207=EDGE_LOOP('10106',(#9200,#9202,#9204,#9206));
#9208=FACE_OUTER_BOUND('10106',#9207,.F.);
#9209=ADVANCED_FACE('10106',(#9208),#9199,.T.);
#9210=CARTESIAN_POINT('',(5.5E-1,-5.E-1,4.1E0));
#9211=DIRECTION('',(0.E0,0.E0,1.E0));
#9212=DIRECTION('',(-1.E0,0.E0,0.E0));
#9213=AXIS2_PLACEMENT_3D('',#9210,#9211,#9212);
#9214=PLANE('10107',#9213);
#9215=ORIENTED_EDGE('7717',*,*,#6317,.T.);
#9217=ORIENTED_EDGE('8305',*,*,#9216,.F.);
#9218=ORIENTED_EDGE('8301',*,*,#9201,.T.);
#9219=ORIENTED_EDGE('8300',*,*,#9190,.T.);
#9220=EDGE_LOOP('10107',(#9215,#9217,#9218,#9219));
#9221=FACE_OUTER_BOUND('10107',#9220,.F.);
#9222=ADVANCED_FACE('10107',(#9221),#9214,.F.);
#9223=CARTESIAN_POINT('',(2.5E-1,-5.E-1,2.55E0));
#9224=DIRECTION('',(1.E0,0.E0,0.E0));
#9225=DIRECTION('',(0.E0,1.E0,0.E0));
#9226=AXIS2_PLACEMENT_3D('',#9223,#9224,#9225);
#9227=PLANE('10108',#9226);
#9229=ORIENTED_EDGE('8302',*,*,#9228,.T.);
#9231=ORIENTED_EDGE('8303',*,*,#9230,.F.);
#9232=ORIENTED_EDGE('8304',*,*,#9203,.T.);
#9233=ORIENTED_EDGE('8305',*,*,#9216,.T.);
#9234=ORIENTED_EDGE('8306',*,*,#6315,.T.);
#9235=ORIENTED_EDGE('8307',*,*,#6816,.T.);
#9236=EDGE_LOOP('10108',(#9229,#9231,#9232,#9233,#9234,#9235));
#9237=FACE_OUTER_BOUND('10108',#9236,.F.);
#9238=ADVANCED_FACE('10108',(#9237),#9227,.T.);
#9239=CARTESIAN_POINT('',(1.4E-1,-7.999999999999E-1,1.05E0));
#9240=DIRECTION('',(0.E0,7.071067811880E-1,7.071067811851E-1));
#9241=DIRECTION('',(-1.E0,0.E0,0.E0));
#9242=AXIS2_PLACEMENT_3D('',#9239,#9240,#9241);
#9243=PLANE('10109',#9242);
#9245=ORIENTED_EDGE('8308',*,*,#9244,.F.);
#9246=ORIENTED_EDGE('8302',*,*,#9228,.F.);
#9247=ORIENTED_EDGE('8309',*,*,#6814,.T.);
#9249=ORIENTED_EDGE('8310',*,*,#9248,.F.);
#9250=EDGE_LOOP('10109',(#9245,#9246,#9247,#9249));
#9251=FACE_OUTER_BOUND('10109',#9250,.F.);
#9252=ADVANCED_FACE('10109',(#9251),#9243,.F.);
#9253=CARTESIAN_POINT('',(1.9E-1,-9.249999999999E-1,1.1E0));
#9254=DIRECTION('',(0.E0,0.E0,1.E0));
#9255=DIRECTION('',(-1.E0,0.E0,0.E0));
#9256=AXIS2_PLACEMENT_3D('',#9253,#9254,#9255);
#9257=PLANE('10110',#9256);
#9259=ORIENTED_EDGE('8311',*,*,#9258,.F.);
#9260=ORIENTED_EDGE('8303',*,*,#9230,.T.);
#9261=ORIENTED_EDGE('8308',*,*,#9244,.T.);
#9263=ORIENTED_EDGE('8323',*,*,#9262,.F.);
#9264=EDGE_LOOP('10110',(#9259,#9260,#9261,#9263));
#9265=FACE_OUTER_BOUND('10110',#9264,.F.);
#9266=ADVANCED_FACE('10110',(#9265),#9257,.F.);
#9267=CARTESIAN_POINT('',(5.5E-1,-1.05E0,1.05E0));
#9268=DIRECTION('',(0.E0,7.071067811865E-1,-7.071067811865E-1));
#9269=DIRECTION('',(-1.E0,0.E0,0.E0));
#9270=AXIS2_PLACEMENT_3D('',#9267,#9268,#9269);
#9271=PLANE('10111',#9270);
#9273=ORIENTED_EDGE('8312',*,*,#9272,.F.);
#9274=ORIENTED_EDGE('8313',*,*,#9205,.T.);
#9275=ORIENTED_EDGE('8311',*,*,#9258,.T.);
#9277=ORIENTED_EDGE('8314',*,*,#9276,.F.);
#9278=ORIENTED_EDGE('8315',*,*,#6810,.T.);
#9280=ORIENTED_EDGE('8316',*,*,#9279,.F.);
#9281=EDGE_LOOP('10111',(#9273,#9274,#9275,#9277,#9278,#9280));
#9282=FACE_OUTER_BOUND('10111',#9281,.F.);
#9283=ADVANCED_FACE('10111',(#9282),#9271,.T.);
#9284=CARTESIAN_POINT('',(9.1E-1,-9.25E-1,1.1E0));
#9285=DIRECTION('',(0.E0,0.E0,1.E0));
#9286=DIRECTION('',(-1.E0,0.E0,0.E0));
#9287=AXIS2_PLACEMENT_3D('',#9284,#9285,#9286);
#9288=PLANE('10112',#9287);
#9289=ORIENTED_EDGE('8312',*,*,#9272,.T.);
#9291=ORIENTED_EDGE('8318',*,*,#9290,.F.);
#9293=ORIENTED_EDGE('8321',*,*,#9292,.F.);
#9294=ORIENTED_EDGE('8317',*,*,#9184,.T.);
#9295=EDGE_LOOP('10112',(#9289,#9291,#9293,#9294));
#9296=FACE_OUTER_BOUND('10112',#9295,.F.);
#9297=ADVANCED_FACE('10112',(#9296),#9288,.F.);
#9298=CARTESIAN_POINT('',(1.02E0,-9.25E-1,1.05E0));
#9299=DIRECTION('',(7.071067811865E-1,0.E0,7.071067811865E-1));
#9300=DIRECTION('',(0.E0,-1.E0,0.E0));
#9301=AXIS2_PLACEMENT_3D('',#9298,#9299,#9300);
#9302=PLANE('10113',#9301);
#9303=ORIENTED_EDGE('8318',*,*,#9290,.T.);
#9304=ORIENTED_EDGE('8316',*,*,#9279,.T.);
#9305=ORIENTED_EDGE('8319',*,*,#6808,.T.);
#9307=ORIENTED_EDGE('8320',*,*,#9306,.F.);
#9308=EDGE_LOOP('10113',(#9303,#9304,#9305,#9307));
#9309=FACE_OUTER_BOUND('10113',#9308,.F.);
#9310=ADVANCED_FACE('10113',(#9309),#9302,.F.);
#9311=CARTESIAN_POINT('',(9.6E-1,-7.999999999999E-1,1.05E0));
#9312=DIRECTION('',(0.E0,7.071067811880E-1,7.071067811851E-1));
#9313=DIRECTION('',(-1.E0,0.E0,0.E0));
#9314=AXIS2_PLACEMENT_3D('',#9311,#9312,#9313);
#9315=PLANE('10114',#9314);
#9316=ORIENTED_EDGE('8321',*,*,#9292,.T.);
#9317=ORIENTED_EDGE('8320',*,*,#9306,.T.);
#9318=ORIENTED_EDGE('8322',*,*,#6806,.T.);
#9319=ORIENTED_EDGE('8297',*,*,#9186,.F.);
#9320=EDGE_LOOP('10114',(#9316,#9317,#9318,#9319));
#9321=FACE_OUTER_BOUND('10114',#9320,.F.);
#9322=ADVANCED_FACE('10114',(#9321),#9315,.F.);
#9323=CARTESIAN_POINT('',(7.999999999988E-2,-9.25E-1,1.05E0));
#9324=DIRECTION('',(7.071067811881E-1,0.E0,-7.071067811850E-1));
#9325=DIRECTION('',(0.E0,-1.E0,0.E0));
#9326=AXIS2_PLACEMENT_3D('',#9323,#9324,#9325);
#9327=PLANE('10115',#9326);
#9328=ORIENTED_EDGE('8323',*,*,#9262,.T.);
#9329=ORIENTED_EDGE('8310',*,*,#9248,.T.);
#9330=ORIENTED_EDGE('8324',*,*,#6812,.T.);
#9331=ORIENTED_EDGE('8314',*,*,#9276,.T.);
#9332=EDGE_LOOP('10115',(#9328,#9329,#9330,#9331));
#9333=FACE_OUTER_BOUND('10115',#9332,.F.);
#9334=ADVANCED_FACE('10115',(#9333),#9327,.T.);
#9335=CARTESIAN_POINT('',(-2.5E-1,-5.E-1,2.55E0));
#9336=DIRECTION('',(1.E0,0.E0,0.E0));
#9337=DIRECTION('',(0.E0,-1.E0,0.E0));
#9338=AXIS2_PLACEMENT_3D('',#9335,#9336,#9337);
#9339=PLANE('10116',#9338);
#9341=ORIENTED_EDGE('8325',*,*,#9340,.F.);
#9343=ORIENTED_EDGE('8346',*,*,#9342,.F.);
#9345=ORIENTED_EDGE('8326',*,*,#9344,.T.);
#9346=ORIENTED_EDGE('8327',*,*,#6819,.T.);
#9347=ORIENTED_EDGE('8328',*,*,#6311,.T.);
#9349=ORIENTED_EDGE('8329',*,*,#9348,.F.);
#9350=EDGE_LOOP('10116',(#9341,#9343,#9345,#9346,#9347,#9349));
#9351=FACE_OUTER_BOUND('10116',#9350,.F.);
#9352=ADVANCED_FACE('10116',(#9351),#9339,.F.);
#9353=CARTESIAN_POINT('',(-5.5E-1,-1.E0,2.6E0));
#9354=DIRECTION('',(0.E0,1.E0,0.E0));
#9355=DIRECTION('',(-1.E0,0.E0,0.E0));
#9356=AXIS2_PLACEMENT_3D('',#9353,#9354,#9355);
#9357=PLANE('10117',#9356);
#9358=ORIENTED_EDGE('8325',*,*,#9340,.T.);
#9360=ORIENTED_EDGE('8330',*,*,#9359,.F.);
#9362=ORIENTED_EDGE('8333',*,*,#9361,.F.);
#9364=ORIENTED_EDGE('8342',*,*,#9363,.F.);
#9365=EDGE_LOOP('10117',(#9358,#9360,#9362,#9364));
#9366=FACE_OUTER_BOUND('10117',#9365,.F.);
#9367=ADVANCED_FACE('10117',(#9366),#9357,.T.);
#9368=CARTESIAN_POINT('',(-5.5E-1,-5.E-1,4.1E0));
#9369=DIRECTION('',(0.E0,0.E0,1.E0));
#9370=DIRECTION('',(-1.E0,0.E0,0.E0));
#9371=AXIS2_PLACEMENT_3D('',#9368,#9369,#9370);
#9372=PLANE('10118',#9371);
#9373=ORIENTED_EDGE('7716',*,*,#6309,.T.);
#9375=ORIENTED_EDGE('8334',*,*,#9374,.F.);
#9376=ORIENTED_EDGE('8330',*,*,#9359,.T.);
#9377=ORIENTED_EDGE('8329',*,*,#9348,.T.);
#9378=EDGE_LOOP('10118',(#9373,#9375,#9376,#9377));
#9379=FACE_OUTER_BOUND('10118',#9378,.F.);
#9380=ADVANCED_FACE('10118',(#9379),#9372,.F.);
#9381=CARTESIAN_POINT('',(-8.5E-1,-5.E-1,2.55E0));
#9382=DIRECTION('',(1.E0,0.E0,0.E0));
#9383=DIRECTION('',(0.E0,1.E0,0.E0));
#9384=AXIS2_PLACEMENT_3D('',#9381,#9382,#9383);
#9385=PLANE('10119',#9384);
#9387=ORIENTED_EDGE('8331',*,*,#9386,.T.);
#9389=ORIENTED_EDGE('8332',*,*,#9388,.F.);
#9390=ORIENTED_EDGE('8333',*,*,#9361,.T.);
#9391=ORIENTED_EDGE('8334',*,*,#9374,.T.);
#9392=ORIENTED_EDGE('8335',*,*,#6307,.T.);
#9393=ORIENTED_EDGE('8336',*,*,#6831,.T.);
#9394=EDGE_LOOP('10119',(#9387,#9389,#9390,#9391,#9392,#9393));
#9395=FACE_OUTER_BOUND('10119',#9394,.F.);
#9396=ADVANCED_FACE('10119',(#9395),#9385,.T.);
#9397=CARTESIAN_POINT('',(-9.6E-1,-7.999999999999E-1,1.05E0));
#9398=DIRECTION('',(0.E0,7.071067811880E-1,7.071067811851E-1));
#9399=DIRECTION('',(-1.E0,0.E0,0.E0));
#9400=AXIS2_PLACEMENT_3D('',#9397,#9398,#9399);
#9401=PLANE('10120',#9400);
#9403=ORIENTED_EDGE('8337',*,*,#9402,.F.);
#9404=ORIENTED_EDGE('8331',*,*,#9386,.F.);
#9405=ORIENTED_EDGE('8338',*,*,#6829,.T.);
#9407=ORIENTED_EDGE('8339',*,*,#9406,.F.);
#9408=EDGE_LOOP('10120',(#9403,#9404,#9405,#9407));
#9409=FACE_OUTER_BOUND('10120',#9408,.F.);
#9410=ADVANCED_FACE('10120',(#9409),#9401,.F.);
#9411=CARTESIAN_POINT('',(-9.1E-1,-9.25E-1,1.1E0));
#9412=DIRECTION('',(0.E0,0.E0,1.E0));
#9413=DIRECTION('',(-1.E0,0.E0,0.E0));
#9414=AXIS2_PLACEMENT_3D('',#9411,#9412,#9413);
#9415=PLANE('10121',#9414);
#9417=ORIENTED_EDGE('8340',*,*,#9416,.F.);
#9418=ORIENTED_EDGE('8332',*,*,#9388,.T.);
#9419=ORIENTED_EDGE('8337',*,*,#9402,.T.);
#9421=ORIENTED_EDGE('8352',*,*,#9420,.F.);
#9422=EDGE_LOOP('10121',(#9417,#9418,#9419,#9421));
#9423=FACE_OUTER_BOUND('10121',#9422,.F.);
#9424=ADVANCED_FACE('10121',(#9423),#9415,.F.);
#9425=CARTESIAN_POINT('',(-5.5E-1,-1.05E0,1.05E0));
#9426=DIRECTION('',(0.E0,7.071067811865E-1,-7.071067811865E-1));
#9427=DIRECTION('',(-1.E0,0.E0,0.E0));
#9428=AXIS2_PLACEMENT_3D('',#9425,#9426,#9427);
#9429=PLANE('10122',#9428);
#9431=ORIENTED_EDGE('8341',*,*,#9430,.F.);
#9432=ORIENTED_EDGE('8342',*,*,#9363,.T.);
#9433=ORIENTED_EDGE('8340',*,*,#9416,.T.);
#9435=ORIENTED_EDGE('8343',*,*,#9434,.F.);
#9436=ORIENTED_EDGE('8344',*,*,#6825,.T.);
#9438=ORIENTED_EDGE('8345',*,*,#9437,.F.);
#9439=EDGE_LOOP('10122',(#9431,#9432,#9433,#9435,#9436,#9438));
#9440=FACE_OUTER_BOUND('10122',#9439,.F.);
#9441=ADVANCED_FACE('10122',(#9440),#9429,.T.);
#9442=CARTESIAN_POINT('',(-1.9E-1,-9.249999999999E-1,1.1E0));
#9443=DIRECTION('',(0.E0,0.E0,1.E0));
#9444=DIRECTION('',(-1.E0,0.E0,0.E0));
#9445=AXIS2_PLACEMENT_3D('',#9442,#9443,#9444);
#9446=PLANE('10123',#9445);
#9447=ORIENTED_EDGE('8341',*,*,#9430,.T.);
#9449=ORIENTED_EDGE('8347',*,*,#9448,.F.);
#9451=ORIENTED_EDGE('8350',*,*,#9450,.F.);
#9452=ORIENTED_EDGE('8346',*,*,#9342,.T.);
#9453=EDGE_LOOP('10123',(#9447,#9449,#9451,#9452));
#9454=FACE_OUTER_BOUND('10123',#9453,.F.);
#9455=ADVANCED_FACE('10123',(#9454),#9446,.F.);
#9456=CARTESIAN_POINT('',(-7.999999999988E-2,-9.25E-1,1.05E0));
#9457=DIRECTION('',(7.071067811881E-1,0.E0,7.071067811850E-1));
#9458=DIRECTION('',(0.E0,-1.E0,0.E0));
#9459=AXIS2_PLACEMENT_3D('',#9456,#9457,#9458);
#9460=PLANE('10124',#9459);
#9461=ORIENTED_EDGE('8347',*,*,#9448,.T.);
#9462=ORIENTED_EDGE('8345',*,*,#9437,.T.);
#9463=ORIENTED_EDGE('8348',*,*,#6823,.T.);
#9465=ORIENTED_EDGE('8349',*,*,#9464,.F.);
#9466=EDGE_LOOP('10124',(#9461,#9462,#9463,#9465));
#9467=FACE_OUTER_BOUND('10124',#9466,.F.);
#9468=ADVANCED_FACE('10124',(#9467),#9460,.F.);
#9469=CARTESIAN_POINT('',(-1.4E-1,-7.999999999999E-1,1.05E0));
#9470=DIRECTION('',(0.E0,7.071067811880E-1,7.071067811851E-1));
#9471=DIRECTION('',(-1.E0,0.E0,0.E0));
#9472=AXIS2_PLACEMENT_3D('',#9469,#9470,#9471);
#9473=PLANE('10125',#9472);
#9474=ORIENTED_EDGE('8350',*,*,#9450,.T.);
#9475=ORIENTED_EDGE('8349',*,*,#9464,.T.);
#9476=ORIENTED_EDGE('8351',*,*,#6821,.T.);
#9477=ORIENTED_EDGE('8326',*,*,#9344,.F.);
#9478=EDGE_LOOP('10125',(#9474,#9475,#9476,#9477));
#9479=FACE_OUTER_BOUND('10125',#9478,.F.);
#9480=ADVANCED_FACE('10125',(#9479),#9473,.F.);
#9481=CARTESIAN_POINT('',(-1.02E0,-9.25E-1,1.05E0));
#9482=DIRECTION('',(7.071067811865E-1,0.E0,-7.071067811865E-1));
#9483=DIRECTION('',(0.E0,-1.E0,0.E0));
#9484=AXIS2_PLACEMENT_3D('',#9481,#9482,#9483);
#9485=PLANE('10126',#9484);
#9486=ORIENTED_EDGE('8352',*,*,#9420,.T.);
#9487=ORIENTED_EDGE('8339',*,*,#9406,.T.);
#9488=ORIENTED_EDGE('8353',*,*,#6827,.T.);
#9489=ORIENTED_EDGE('8343',*,*,#9434,.T.);
#9490=EDGE_LOOP('10126',(#9486,#9487,#9488,#9489));
#9491=FACE_OUTER_BOUND('10126',#9490,.F.);
#9492=ADVANCED_FACE('10126',(#9491),#9485,.T.);
#9493=CARTESIAN_POINT('',(-1.35E0,-5.E-1,2.55E0));
#9494=DIRECTION('',(1.E0,0.E0,0.E0));
#9495=DIRECTION('',(0.E0,-1.E0,0.E0));
#9496=AXIS2_PLACEMENT_3D('',#9493,#9494,#9495);
#9497=PLANE('10127',#9496);
#9499=ORIENTED_EDGE('8354',*,*,#9498,.F.);
#9501=ORIENTED_EDGE('8375',*,*,#9500,.F.);
#9503=ORIENTED_EDGE('8355',*,*,#9502,.T.);
#9504=ORIENTED_EDGE('8356',*,*,#6834,.T.);
#9505=ORIENTED_EDGE('8357',*,*,#6303,.T.);
#9507=ORIENTED_EDGE('8358',*,*,#9506,.F.);
#9508=EDGE_LOOP('10127',(#9499,#9501,#9503,#9504,#9505,#9507));
#9509=FACE_OUTER_BOUND('10127',#9508,.F.);
#9510=ADVANCED_FACE('10127',(#9509),#9497,.F.);
#9511=CARTESIAN_POINT('',(-1.65E0,-1.E0,2.6E0));
#9512=DIRECTION('',(0.E0,1.E0,0.E0));
#9513=DIRECTION('',(-1.E0,0.E0,0.E0));
#9514=AXIS2_PLACEMENT_3D('',#9511,#9512,#9513);
#9515=PLANE('10128',#9514);
#9516=ORIENTED_EDGE('8354',*,*,#9498,.T.);
#9518=ORIENTED_EDGE('8359',*,*,#9517,.F.);
#9520=ORIENTED_EDGE('8362',*,*,#9519,.F.);
#9522=ORIENTED_EDGE('8371',*,*,#9521,.F.);
#9523=EDGE_LOOP('10128',(#9516,#9518,#9520,#9522));
#9524=FACE_OUTER_BOUND('10128',#9523,.F.);
#9525=ADVANCED_FACE('10128',(#9524),#9515,.T.);
#9526=CARTESIAN_POINT('',(-1.65E0,-5.E-1,4.1E0));
#9527=DIRECTION('',(0.E0,0.E0,1.E0));
#9528=DIRECTION('',(-1.E0,0.E0,0.E0));
#9529=AXIS2_PLACEMENT_3D('',#9526,#9527,#9528);
#9530=PLANE('10129',#9529);
#9531=ORIENTED_EDGE('7715',*,*,#6301,.T.);
#9533=ORIENTED_EDGE('8363',*,*,#9532,.F.);
#9534=ORIENTED_EDGE('8359',*,*,#9517,.T.);
#9535=ORIENTED_EDGE('8358',*,*,#9506,.T.);
#9536=EDGE_LOOP('10129',(#9531,#9533,#9534,#9535));
#9537=FACE_OUTER_BOUND('10129',#9536,.F.);
#9538=ADVANCED_FACE('10129',(#9537),#9530,.F.);
#9539=CARTESIAN_POINT('',(-1.95E0,-5.E-1,2.55E0));
#9540=DIRECTION('',(1.E0,0.E0,0.E0));
#9541=DIRECTION('',(0.E0,1.E0,0.E0));
#9542=AXIS2_PLACEMENT_3D('',#9539,#9540,#9541);
#9543=PLANE('10130',#9542);
#9545=ORIENTED_EDGE('8360',*,*,#9544,.T.);
#9547=ORIENTED_EDGE('8361',*,*,#9546,.F.);
#9548=ORIENTED_EDGE('8362',*,*,#9519,.T.);
#9549=ORIENTED_EDGE('8363',*,*,#9532,.T.);
#9550=ORIENTED_EDGE('8364',*,*,#6299,.T.);
#9551=ORIENTED_EDGE('8365',*,*,#6846,.T.);
#9552=EDGE_LOOP('10130',(#9545,#9547,#9548,#9549,#9550,#9551));
#9553=FACE_OUTER_BOUND('10130',#9552,.F.);
#9554=ADVANCED_FACE('10130',(#9553),#9543,.T.);
#9555=CARTESIAN_POINT('',(-2.06E0,-7.999999999999E-1,1.05E0));
#9556=DIRECTION('',(0.E0,7.071067811880E-1,7.071067811851E-1));
#9557=DIRECTION('',(-1.E0,0.E0,0.E0));
#9558=AXIS2_PLACEMENT_3D('',#9555,#9556,#9557);
#9559=PLANE('10131',#9558);
#9561=ORIENTED_EDGE('8366',*,*,#9560,.F.);
#9562=ORIENTED_EDGE('8360',*,*,#9544,.F.);
#9563=ORIENTED_EDGE('8367',*,*,#6844,.T.);
#9565=ORIENTED_EDGE('8368',*,*,#9564,.F.);
#9566=EDGE_LOOP('10131',(#9561,#9562,#9563,#9565));
#9567=FACE_OUTER_BOUND('10131',#9566,.F.);
#9568=ADVANCED_FACE('10131',(#9567),#9559,.F.);
#9569=CARTESIAN_POINT('',(-2.01E0,-9.249999999999E-1,1.1E0));
#9570=DIRECTION('',(0.E0,0.E0,1.E0));
#9571=DIRECTION('',(-1.E0,0.E0,0.E0));
#9572=AXIS2_PLACEMENT_3D('',#9569,#9570,#9571);
#9573=PLANE('10132',#9572);
#9575=ORIENTED_EDGE('8369',*,*,#9574,.F.);
#9576=ORIENTED_EDGE('8361',*,*,#9546,.T.);
#9577=ORIENTED_EDGE('8366',*,*,#9560,.T.);
#9579=ORIENTED_EDGE('8381',*,*,#9578,.F.);
#9580=EDGE_LOOP('10132',(#9575,#9576,#9577,#9579));
#9581=FACE_OUTER_BOUND('10132',#9580,.F.);
#9582=ADVANCED_FACE('10132',(#9581),#9573,.F.);
#9583=CARTESIAN_POINT('',(-1.65E0,-1.05E0,1.05E0));
#9584=DIRECTION('',(0.E0,7.071067811865E-1,-7.071067811865E-1));
#9585=DIRECTION('',(-1.E0,0.E0,0.E0));
#9586=AXIS2_PLACEMENT_3D('',#9583,#9584,#9585);
#9587=PLANE('10133',#9586);
#9589=ORIENTED_EDGE('8370',*,*,#9588,.F.);
#9590=ORIENTED_EDGE('8371',*,*,#9521,.T.);
#9591=ORIENTED_EDGE('8369',*,*,#9574,.T.);
#9593=ORIENTED_EDGE('8372',*,*,#9592,.F.);
#9594=ORIENTED_EDGE('8373',*,*,#6840,.T.);
#9596=ORIENTED_EDGE('8374',*,*,#9595,.F.);
#9597=EDGE_LOOP('10133',(#9589,#9590,#9591,#9593,#9594,#9596));
#9598=FACE_OUTER_BOUND('10133',#9597,.F.);
#9599=ADVANCED_FACE('10133',(#9598),#9587,.T.);
#9600=CARTESIAN_POINT('',(-1.29E0,-9.25E-1,1.1E0));
#9601=DIRECTION('',(0.E0,0.E0,1.E0));
#9602=DIRECTION('',(-1.E0,0.E0,0.E0));
#9603=AXIS2_PLACEMENT_3D('',#9600,#9601,#9602);
#9604=PLANE('10134',#9603);
#9605=ORIENTED_EDGE('8370',*,*,#9588,.T.);
#9607=ORIENTED_EDGE('8376',*,*,#9606,.F.);
#9609=ORIENTED_EDGE('8379',*,*,#9608,.F.);
#9610=ORIENTED_EDGE('8375',*,*,#9500,.T.);
#9611=EDGE_LOOP('10134',(#9605,#9607,#9609,#9610));
#9612=FACE_OUTER_BOUND('10134',#9611,.F.);
#9613=ADVANCED_FACE('10134',(#9612),#9604,.F.);
#9614=CARTESIAN_POINT('',(-1.18E0,-9.25E-1,1.05E0));
#9615=DIRECTION('',(7.071067811851E-1,0.E0,7.071067811880E-1));
#9616=DIRECTION('',(0.E0,-1.E0,0.E0));
#9617=AXIS2_PLACEMENT_3D('',#9614,#9615,#9616);
#9618=PLANE('10135',#9617);
#9619=ORIENTED_EDGE('8376',*,*,#9606,.T.);
#9620=ORIENTED_EDGE('8374',*,*,#9595,.T.);
#9621=ORIENTED_EDGE('8377',*,*,#6838,.T.);
#9623=ORIENTED_EDGE('8378',*,*,#9622,.F.);
#9624=EDGE_LOOP('10135',(#9619,#9620,#9621,#9623));
#9625=FACE_OUTER_BOUND('10135',#9624,.F.);
#9626=ADVANCED_FACE('10135',(#9625),#9618,.F.);
#9627=CARTESIAN_POINT('',(-1.24E0,-7.999999999999E-1,1.05E0));
#9628=DIRECTION('',(0.E0,7.071067811880E-1,7.071067811851E-1));
#9629=DIRECTION('',(-1.E0,0.E0,0.E0));
#9630=AXIS2_PLACEMENT_3D('',#9627,#9628,#9629);
#9631=PLANE('10136',#9630);
#9632=ORIENTED_EDGE('8379',*,*,#9608,.T.);
#9633=ORIENTED_EDGE('8378',*,*,#9622,.T.);
#9634=ORIENTED_EDGE('8380',*,*,#6836,.T.);
#9635=ORIENTED_EDGE('8355',*,*,#9502,.F.);
#9636=EDGE_LOOP('10136',(#9632,#9633,#9634,#9635));
#9637=FACE_OUTER_BOUND('10136',#9636,.F.);
#9638=ADVANCED_FACE('10136',(#9637),#9631,.F.);
#9639=CARTESIAN_POINT('',(-2.12E0,-9.25E-1,1.05E0));
#9640=DIRECTION('',(-7.071067811851E-1,0.E0,7.071067811880E-1));
#9641=DIRECTION('',(0.E0,-1.E0,0.E0));
#9642=AXIS2_PLACEMENT_3D('',#9639,#9640,#9641);
#9643=PLANE('10137',#9642);
#9644=ORIENTED_EDGE('8381',*,*,#9578,.T.);
#9645=ORIENTED_EDGE('8368',*,*,#9564,.T.);
#9646=ORIENTED_EDGE('8382',*,*,#6842,.T.);
#9647=ORIENTED_EDGE('8372',*,*,#9592,.T.);
#9648=EDGE_LOOP('10137',(#9644,#9645,#9646,#9647));
#9649=FACE_OUTER_BOUND('10137',#9648,.F.);
#9650=ADVANCED_FACE('10137',(#9649),#9643,.F.);
#9651=CARTESIAN_POINT('',(-2.45E0,-5.E-1,2.55E0));
#9652=DIRECTION('',(1.E0,0.E0,0.E0));
#9653=DIRECTION('',(0.E0,-1.E0,0.E0));
#9654=AXIS2_PLACEMENT_3D('',#9651,#9652,#9653);
#9655=PLANE('10138',#9654);
#9657=ORIENTED_EDGE('8383',*,*,#9656,.F.);
#9659=ORIENTED_EDGE('8404',*,*,#9658,.F.);
#9661=ORIENTED_EDGE('8384',*,*,#9660,.T.);
#9662=ORIENTED_EDGE('8385',*,*,#6849,.T.);
#9663=ORIENTED_EDGE('8386',*,*,#6295,.T.);
#9665=ORIENTED_EDGE('8387',*,*,#9664,.F.);
#9666=EDGE_LOOP('10138',(#9657,#9659,#9661,#9662,#9663,#9665));
#9667=FACE_OUTER_BOUND('10138',#9666,.F.);
#9668=ADVANCED_FACE('10138',(#9667),#9655,.F.);
#9669=CARTESIAN_POINT('',(-2.75E0,-1.E0,2.6E0));
#9670=DIRECTION('',(0.E0,1.E0,0.E0));
#9671=DIRECTION('',(-1.E0,0.E0,0.E0));
#9672=AXIS2_PLACEMENT_3D('',#9669,#9670,#9671);
#9673=PLANE('10139',#9672);
#9674=ORIENTED_EDGE('8383',*,*,#9656,.T.);
#9676=ORIENTED_EDGE('8388',*,*,#9675,.F.);
#9678=ORIENTED_EDGE('8391',*,*,#9677,.F.);
#9680=ORIENTED_EDGE('8400',*,*,#9679,.F.);
#9681=EDGE_LOOP('10139',(#9674,#9676,#9678,#9680));
#9682=FACE_OUTER_BOUND('10139',#9681,.F.);
#9683=ADVANCED_FACE('10139',(#9682),#9673,.T.);
#9684=CARTESIAN_POINT('',(-2.75E0,-5.E-1,4.1E0));
#9685=DIRECTION('',(0.E0,0.E0,1.E0));
#9686=DIRECTION('',(-1.E0,0.E0,0.E0));
#9687=AXIS2_PLACEMENT_3D('',#9684,#9685,#9686);
#9688=PLANE('10140',#9687);
#9689=ORIENTED_EDGE('7714',*,*,#6293,.T.);
#9691=ORIENTED_EDGE('8392',*,*,#9690,.F.);
#9692=ORIENTED_EDGE('8388',*,*,#9675,.T.);
#9693=ORIENTED_EDGE('8387',*,*,#9664,.T.);
#9694=EDGE_LOOP('10140',(#9689,#9691,#9692,#9693));
#9695=FACE_OUTER_BOUND('10140',#9694,.F.);
#9696=ADVANCED_FACE('10140',(#9695),#9688,.F.);
#9697=CARTESIAN_POINT('',(-3.05E0,-5.E-1,2.55E0));
#9698=DIRECTION('',(1.E0,0.E0,0.E0));
#9699=DIRECTION('',(0.E0,1.E0,0.E0));
#9700=AXIS2_PLACEMENT_3D('',#9697,#9698,#9699);
#9701=PLANE('10141',#9700);
#9703=ORIENTED_EDGE('8389',*,*,#9702,.T.);
#9705=ORIENTED_EDGE('8390',*,*,#9704,.F.);
#9706=ORIENTED_EDGE('8391',*,*,#9677,.T.);
#9707=ORIENTED_EDGE('8392',*,*,#9690,.T.);
#9708=ORIENTED_EDGE('8393',*,*,#6291,.T.);
#9709=ORIENTED_EDGE('8394',*,*,#6861,.T.);
#9710=EDGE_LOOP('10141',(#9703,#9705,#9706,#9707,#9708,#9709));
#9711=FACE_OUTER_BOUND('10141',#9710,.F.);
#9712=ADVANCED_FACE('10141',(#9711),#9701,.T.);
#9713=CARTESIAN_POINT('',(-3.16E0,-7.999999999999E-1,1.05E0));
#9714=DIRECTION('',(0.E0,7.071067811880E-1,7.071067811851E-1));
#9715=DIRECTION('',(-1.E0,0.E0,0.E0));
#9716=AXIS2_PLACEMENT_3D('',#9713,#9714,#9715);
#9717=PLANE('10142',#9716);
#9719=ORIENTED_EDGE('8395',*,*,#9718,.F.);
#9720=ORIENTED_EDGE('8389',*,*,#9702,.F.);
#9721=ORIENTED_EDGE('8396',*,*,#6859,.T.);
#9723=ORIENTED_EDGE('8397',*,*,#9722,.F.);
#9724=EDGE_LOOP('10142',(#9719,#9720,#9721,#9723));
#9725=FACE_OUTER_BOUND('10142',#9724,.F.);
#9726=ADVANCED_FACE('10142',(#9725),#9717,.F.);
#9727=CARTESIAN_POINT('',(-3.11E0,-9.25E-1,1.1E0));
#9728=DIRECTION('',(0.E0,0.E0,1.E0));
#9729=DIRECTION('',(-1.E0,0.E0,0.E0));
#9730=AXIS2_PLACEMENT_3D('',#9727,#9728,#9729);
#9731=PLANE('10143',#9730);
#9733=ORIENTED_EDGE('8398',*,*,#9732,.F.);
#9734=ORIENTED_EDGE('8390',*,*,#9704,.T.);
#9735=ORIENTED_EDGE('8395',*,*,#9718,.T.);
#9737=ORIENTED_EDGE('8410',*,*,#9736,.F.);
#9738=EDGE_LOOP('10143',(#9733,#9734,#9735,#9737));
#9739=FACE_OUTER_BOUND('10143',#9738,.F.);
#9740=ADVANCED_FACE('10143',(#9739),#9731,.F.);
#9741=CARTESIAN_POINT('',(-2.75E0,-1.05E0,1.05E0));
#9742=DIRECTION('',(0.E0,7.071067811865E-1,-7.071067811865E-1));
#9743=DIRECTION('',(-1.E0,0.E0,0.E0));
#9744=AXIS2_PLACEMENT_3D('',#9741,#9742,#9743);
#9745=PLANE('10144',#9744);
#9747=ORIENTED_EDGE('8399',*,*,#9746,.F.);
#9748=ORIENTED_EDGE('8400',*,*,#9679,.T.);
#9749=ORIENTED_EDGE('8398',*,*,#9732,.T.);
#9751=ORIENTED_EDGE('8401',*,*,#9750,.F.);
#9752=ORIENTED_EDGE('8402',*,*,#6855,.T.);
#9754=ORIENTED_EDGE('8403',*,*,#9753,.F.);
#9755=EDGE_LOOP('10144',(#9747,#9748,#9749,#9751,#9752,#9754));
#9756=FACE_OUTER_BOUND('10144',#9755,.F.);
#9757=ADVANCED_FACE('10144',(#9756),#9745,.T.);
#9758=CARTESIAN_POINT('',(-2.39E0,-9.25E-1,1.1E0));
#9759=DIRECTION('',(0.E0,0.E0,1.E0));
#9760=DIRECTION('',(-1.E0,0.E0,0.E0));
#9761=AXIS2_PLACEMENT_3D('',#9758,#9759,#9760);
#9762=PLANE('10145',#9761);
#9763=ORIENTED_EDGE('8399',*,*,#9746,.T.);
#9765=ORIENTED_EDGE('8405',*,*,#9764,.F.);
#9767=ORIENTED_EDGE('8408',*,*,#9766,.F.);
#9768=ORIENTED_EDGE('8404',*,*,#9658,.T.);
#9769=EDGE_LOOP('10145',(#9763,#9765,#9767,#9768));
#9770=FACE_OUTER_BOUND('10145',#9769,.F.);
#9771=ADVANCED_FACE('10145',(#9770),#9762,.F.);
#9772=CARTESIAN_POINT('',(-2.28E0,-9.25E-1,1.05E0));
#9773=DIRECTION('',(7.071067811851E-1,0.E0,7.071067811880E-1));
#9774=DIRECTION('',(0.E0,-1.E0,0.E0));
#9775=AXIS2_PLACEMENT_3D('',#9772,#9773,#9774);
#9776=PLANE('10146',#9775);
#9777=ORIENTED_EDGE('8405',*,*,#9764,.T.);
#9778=ORIENTED_EDGE('8403',*,*,#9753,.T.);
#9779=ORIENTED_EDGE('8406',*,*,#6853,.T.);
#9781=ORIENTED_EDGE('8407',*,*,#9780,.F.);
#9782=EDGE_LOOP('10146',(#9777,#9778,#9779,#9781));
#9783=FACE_OUTER_BOUND('10146',#9782,.F.);
#9784=ADVANCED_FACE('10146',(#9783),#9776,.F.);
#9785=CARTESIAN_POINT('',(-2.34E0,-7.999999999999E-1,1.05E0));
#9786=DIRECTION('',(0.E0,7.071067811880E-1,7.071067811851E-1));
#9787=DIRECTION('',(-1.E0,0.E0,0.E0));
#9788=AXIS2_PLACEMENT_3D('',#9785,#9786,#9787);
#9789=PLANE('10147',#9788);
#9790=ORIENTED_EDGE('8408',*,*,#9766,.T.);
#9791=ORIENTED_EDGE('8407',*,*,#9780,.T.);
#9792=ORIENTED_EDGE('8409',*,*,#6851,.T.);
#9793=ORIENTED_EDGE('8384',*,*,#9660,.F.);
#9794=EDGE_LOOP('10147',(#9790,#9791,#9792,#9793));
#9795=FACE_OUTER_BOUND('10147',#9794,.F.);
#9796=ADVANCED_FACE('10147',(#9795),#9789,.F.);
#9797=CARTESIAN_POINT('',(-3.22E0,-9.25E-1,1.05E0));
#9798=DIRECTION('',(-7.071067811851E-1,0.E0,7.071067811880E-1));
#9799=DIRECTION('',(0.E0,-1.E0,0.E0));
#9800=AXIS2_PLACEMENT_3D('',#9797,#9798,#9799);
#9801=PLANE('10148',#9800);
#9802=ORIENTED_EDGE('8410',*,*,#9736,.T.);
#9803=ORIENTED_EDGE('8397',*,*,#9722,.T.);
#9804=ORIENTED_EDGE('8411',*,*,#6857,.T.);
#9805=ORIENTED_EDGE('8401',*,*,#9750,.T.);
#9806=EDGE_LOOP('10148',(#9802,#9803,#9804,#9805));
#9807=FACE_OUTER_BOUND('10148',#9806,.F.);
#9808=ADVANCED_FACE('10148',(#9807),#9801,.F.);
#9809=CARTESIAN_POINT('',(6.015547082069E0,5.E-1,2.877491721764E0));
#9810=DIRECTION('',(-1.E0,0.E0,0.E0));
#9811=DIRECTION('',(0.E0,-7.272727272723E-1,-6.863485850251E-1));
#9812=AXIS2_PLACEMENT_3D('',#9809,#9810,#9811);
#9813=CYLINDRICAL_SURFACE('10223',#9812,5.500000000003E-1);
#9814=ORIENTED_EDGE('7722',*,*,#6459,.T.);
#9815=ORIENTED_EDGE('7780',*,*,#5652,.F.);
#9816=ORIENTED_EDGE('8589',*,*,#6524,.F.);
#9817=ORIENTED_EDGE('7823',*,*,#6564,.F.);
#9818=EDGE_LOOP('10223',(#9814,#9815,#9816,#9817));
#9819=FACE_OUTER_BOUND('10223',#9818,.F.);
#9820=ADVANCED_FACE('10223',(#9819),#9813,.T.);
#9821=CARTESIAN_POINT('',(6.015547082069E0,-3.5E-1,2.55E0));
#9822=DIRECTION('',(-1.E0,0.E0,0.E0));
#9823=DIRECTION('',(0.E0,0.E0,-1.E0));
#9824=AXIS2_PLACEMENT_3D('',#9821,#9822,#9823);
#9825=CYLINDRICAL_SURFACE('9932',#9824,2.5E-1);
#9827=ORIENTED_EDGE('7811',*,*,#9826,.T.);
#9828=ORIENTED_EDGE('7782',*,*,#5658,.F.);
#9830=ORIENTED_EDGE('7812',*,*,#9829,.T.);
#9832=ORIENTED_EDGE('7795',*,*,#9831,.F.);
#9833=EDGE_LOOP('9932',(#9827,#9828,#9830,#9832));
#9834=FACE_OUTER_BOUND('9932',#9833,.F.);
#9835=ADVANCED_FACE('9932',(#9834),#9825,.T.);
#9836=CARTESIAN_POINT('',(5.9E0,-6.E-1,2.525E0));
#9837=DIRECTION('',(0.E0,1.E0,0.E0));
#9838=DIRECTION('',(0.E0,0.E0,-1.E0));
#9839=AXIS2_PLACEMENT_3D('',#9836,#9837,#9838);
#9840=PLANE('9929',#9839);
#9842=ORIENTED_EDGE('7794',*,*,#9841,.T.);
#9844=ORIENTED_EDGE('7810',*,*,#9843,.F.);
#9845=ORIENTED_EDGE('7804',*,*,#5660,.T.);
#9846=ORIENTED_EDGE('7811',*,*,#9826,.F.);
#9847=EDGE_LOOP('9929',(#9842,#9844,#9845,#9846));
#9848=FACE_OUTER_BOUND('9929',#9847,.F.);
#9849=ADVANCED_FACE('9929',(#9848),#9840,.T.);
#9850=CARTESIAN_POINT('',(5.8E0,-4.75E-1,2.425E0));
#9851=DIRECTION('',(1.E0,0.E0,0.E0));
#9852=DIRECTION('',(0.E0,1.E0,0.E0));
#9853=AXIS2_PLACEMENT_3D('',#9850,#9851,#9852);
#9854=PLANE('9925',#9853);
#9855=ORIENTED_EDGE('7794',*,*,#9841,.F.);
#9856=ORIENTED_EDGE('7795',*,*,#9831,.T.);
#9858=ORIENTED_EDGE('7796',*,*,#9857,.T.);
#9860=ORIENTED_EDGE('7797',*,*,#9859,.T.);
#9861=EDGE_LOOP('9925',(#9855,#9856,#9858,#9860));
#9862=FACE_OUTER_BOUND('9925',#9861,.F.);
#9863=ADVANCED_FACE('9925',(#9862),#9854,.T.);
#9864=CARTESIAN_POINT('',(5.9E0,-3.75E-1,2.3E0));
#9865=DIRECTION('',(0.E0,0.E0,1.E0));
#9866=DIRECTION('',(0.E0,-1.E0,0.E0));
#9867=AXIS2_PLACEMENT_3D('',#9864,#9865,#9866);
#9868=PLANE('9924',#9867);
#9869=ORIENTED_EDGE('7796',*,*,#9857,.F.);
#9870=ORIENTED_EDGE('7812',*,*,#9829,.F.);
#9871=ORIENTED_EDGE('7793',*,*,#5664,.T.);
#9873=ORIENTED_EDGE('7809',*,*,#9872,.F.);
#9874=EDGE_LOOP('9924',(#9869,#9870,#9871,#9873));
#9875=FACE_OUTER_BOUND('9924',#9874,.F.);
#9876=ADVANCED_FACE('9924',(#9875),#9868,.T.);
#9877=CARTESIAN_POINT('',(5.784452917931E0,-4.E-1,2.5E0));
#9878=DIRECTION('',(1.E0,0.E0,0.E0));
#9879=DIRECTION('',(0.E0,-1.E0,0.E0));
#9880=AXIS2_PLACEMENT_3D('',#9877,#9878,#9879);
#9881=CYLINDRICAL_SURFACE('9931',#9880,2.E-1);
#9882=ORIENTED_EDGE('7797',*,*,#9859,.F.);
#9883=ORIENTED_EDGE('7809',*,*,#9872,.T.);
#9884=ORIENTED_EDGE('7783',*,*,#5662,.F.);
#9885=ORIENTED_EDGE('7810',*,*,#9843,.T.);
#9886=EDGE_LOOP('9931',(#9882,#9883,#9884,#9885));
#9887=FACE_OUTER_BOUND('9931',#9886,.F.);
#9888=ADVANCED_FACE('9931',(#9887),#9881,.F.);
#9889=CARTESIAN_POINT('',(-4.5E0,-1.35E0,2.85E0));
#9890=DIRECTION('',(1.E0,0.E0,0.E0));
#9891=DIRECTION('',(0.E0,0.E0,1.E0));
#9892=AXIS2_PLACEMENT_3D('',#9889,#9890,#9891);
#9893=PLANE('10006',#9892);
#9894=ORIENTED_EDGE('7741',*,*,#5391,.T.);
#9895=ORIENTED_EDGE('7977',*,*,#5360,.T.);
#9896=ORIENTED_EDGE('8028',*,*,#5345,.T.);
#9898=ORIENTED_EDGE('8029',*,*,#9897,.F.);
#9899=EDGE_LOOP('10006',(#9894,#9895,#9896,#9898));
#9900=FACE_OUTER_BOUND('10006',#9899,.F.);
#9901=ADVANCED_FACE('10006',(#9900),#9893,.T.);
#9902=CARTESIAN_POINT('',(-4.7E0,-1.465547082069E0,4.4E0));
#9903=DIRECTION('',(0.E0,1.E0,0.E0));
#9904=DIRECTION('',(0.E0,0.E0,1.E0));
#9905=AXIS2_PLACEMENT_3D('',#9902,#9903,#9904);
#9906=CYLINDRICAL_SURFACE('10007',#9905,2.E-1);
#9907=ORIENTED_EDGE('7742',*,*,#5393,.F.);
#9908=ORIENTED_EDGE('8029',*,*,#9897,.T.);
#9909=ORIENTED_EDGE('7975',*,*,#5343,.F.);
#9910=ORIENTED_EDGE('8030',*,*,#5326,.T.);
#9912=ORIENTED_EDGE('8031',*,*,#9911,.T.);
#9913=EDGE_LOOP('10007',(#9907,#9908,#9909,#9910,#9912));
#9914=FACE_OUTER_BOUND('10007',#9913,.F.);
#9915=ADVANCED_FACE('10007',(#9914),#9906,.T.);
#9916=CARTESIAN_POINT('',(-4.763397459621E0,-1.299999553505E0,
4.549999553505E0));
#9917=DIRECTION('',(0.E0,7.071067811865E-1,7.071067811865E-1));
#9918=DIRECTION('',(-1.E0,0.E0,0.E0));
#9919=AXIS2_PLACEMENT_3D('',#9916,#9917,#9918);
#9920=PLANE('10008',#9919);
#9921=ORIENTED_EDGE('7743',*,*,#5395,.T.);
#9922=ORIENTED_EDGE('8031',*,*,#9911,.F.);
#9923=ORIENTED_EDGE('8032',*,*,#5324,.T.);
#9925=ORIENTED_EDGE('8033',*,*,#9924,.F.);
#9926=EDGE_LOOP('10008',(#9921,#9922,#9923,#9925));
#9927=FACE_OUTER_BOUND('10008',#9926,.F.);
#9928=ADVANCED_FACE('10008',(#9927),#9920,.T.);
#9929=CARTESIAN_POINT('',(-5.E0,-1.05E0,4.549998343011E0));
#9930=DIRECTION('',(0.E0,0.E0,1.E0));
#9931=DIRECTION('',(0.E0,-1.E0,0.E0));
#9932=AXIS2_PLACEMENT_3D('',#9929,#9930,#9931);
#9933=CONICAL_SURFACE('10009',#9932,2.500028080138E-1,4.500051165030E1);
#9935=ORIENTED_EDGE('7943',*,*,#9934,.T.);
#9936=ORIENTED_EDGE('8033',*,*,#9924,.T.);
#9937=ORIENTED_EDGE('7971',*,*,#5322,.F.);
#9939=ORIENTED_EDGE('8034',*,*,#9938,.F.);
#9940=EDGE_LOOP('10009',(#9935,#9936,#9937,#9939));
#9941=FACE_OUTER_BOUND('10009',#9940,.F.);
#9942=ADVANCED_FACE('10009',(#9941),#9933,.F.);
#9943=CARTESIAN_POINT('',(-5.E0,-1.05E0,1.000000000001E-2));
#9944=DIRECTION('',(0.E0,0.E0,1.E0));
#9945=DIRECTION('',(-1.E0,0.E0,0.E0));
#9946=AXIS2_PLACEMENT_3D('',#9943,#9944,#9945);
#9947=CYLINDRICAL_SURFACE('9971',#9946,2.E-1);
#9948=ORIENTED_EDGE('7943',*,*,#9934,.F.);
#9950=ORIENTED_EDGE('7944',*,*,#9949,.F.);
#9951=ORIENTED_EDGE('7969',*,*,#5314,.F.);
#9952=ORIENTED_EDGE('7945',*,*,#5397,.T.);
#9953=EDGE_LOOP('9971',(#9948,#9950,#9951,#9952));
#9954=FACE_OUTER_BOUND('9971',#9953,.F.);
#9955=ADVANCED_FACE('9971',(#9954),#9947,.T.);
#9956=CARTESIAN_POINT('',(-5.2E0,-8.250158472940E-1,4.549999107010E0));
#9957=DIRECTION('',(1.E0,0.E0,0.E0));
#9958=DIRECTION('',(0.E0,-1.E0,0.E0));
#9959=AXIS2_PLACEMENT_3D('',#9956,#9957,#9958);
#9960=PLANE('9975',#9959);
#9962=ORIENTED_EDGE('7956',*,*,#9961,.F.);
#9964=ORIENTED_EDGE('8038',*,*,#9963,.F.);
#9965=ORIENTED_EDGE('7970',*,*,#5316,.F.);
#9966=ORIENTED_EDGE('7944',*,*,#9949,.T.);
#9967=EDGE_LOOP('9975',(#9962,#9964,#9965,#9966));
#9968=FACE_OUTER_BOUND('9975',#9967,.F.);
#9969=ADVANCED_FACE('9975',(#9968),#9960,.F.);
#9970=CARTESIAN_POINT('',(-5.249999550993E0,-8.250158472940E-1,
4.549999550993E0));
#9971=DIRECTION('',(7.071067811865E-1,0.E0,7.071067811865E-1));
#9972=DIRECTION('',(0.E0,-1.E0,0.E0));
#9973=AXIS2_PLACEMENT_3D('',#9970,#9971,#9972);
#9974=PLANE('10010',#9973);
#9975=ORIENTED_EDGE('7956',*,*,#9961,.T.);
#9976=ORIENTED_EDGE('8034',*,*,#9938,.T.);
#9977=ORIENTED_EDGE('8035',*,*,#5320,.T.);
#9979=ORIENTED_EDGE('8036',*,*,#9978,.F.);
#9980=EDGE_LOOP('10010',(#9975,#9976,#9977,#9979));
#9981=FACE_OUTER_BOUND('10010',#9980,.F.);
#9982=ADVANCED_FACE('10010',(#9981),#9974,.T.);
#9983=CARTESIAN_POINT('',(-5.25E0,-6.E-1,4.55E0));
#9984=DIRECTION('',(0.E0,1.E0,0.E0));
#9985=DIRECTION('',(1.E0,0.E0,0.E0));
#9986=AXIS2_PLACEMENT_3D('',#9983,#9984,#9985);
#9987=PLANE('10011',#9986);
#9988=ORIENTED_EDGE('8036',*,*,#9978,.T.);
#9989=ORIENTED_EDGE('8037',*,*,#5318,.T.);
#9990=ORIENTED_EDGE('8038',*,*,#9963,.T.);
#9991=EDGE_LOOP('10011',(#9988,#9989,#9990));
#9992=FACE_OUTER_BOUND('10011',#9991,.F.);
#9993=ADVANCED_FACE('10011',(#9992),#9987,.F.);
#9994=CARTESIAN_POINT('',(-4.15E0,-1.325E0,3.15E0));
#9995=DIRECTION('',(1.E0,0.E0,0.E0));
#9996=DIRECTION('',(0.E0,0.E0,1.E0));
#9997=AXIS2_PLACEMENT_3D('',#9994,#9995,#9996);
#9998=PLANE('10210',#9997);
#10000=ORIENTED_EDGE('8570',*,*,#9999,.T.);
#10001=ORIENTED_EDGE('8571',*,*,#5400,.T.);
#10002=ORIENTED_EDGE('8572',*,*,#5310,.T.);
#10004=ORIENTED_EDGE('8477',*,*,#10003,.T.);
#10005=EDGE_LOOP('10210',(#10000,#10001,#10002,#10004));
#10006=FACE_OUTER_BOUND('10210',#10005,.F.);
#10007=ADVANCED_FACE('10210',(#10006),#9998,.F.);
#10008=CARTESIAN_POINT('',(-4.1E0,-1.325E0,1.65E0));
#10009=DIRECTION('',(7.071067811865E-1,0.E0,7.071067811865E-1));
#10010=DIRECTION('',(0.E0,-1.E0,0.E0));
#10011=AXIS2_PLACEMENT_3D('',#10008,#10009,#10010);
#10012=PLANE('10209',#10011);
#10014=ORIENTED_EDGE('8476',*,*,#10013,.F.);
#10016=ORIENTED_EDGE('8566',*,*,#10015,.T.);
#10017=ORIENTED_EDGE('7745',*,*,#5402,.F.);
#10018=ORIENTED_EDGE('8570',*,*,#9999,.F.);
#10019=EDGE_LOOP('10209',(#10014,#10016,#10017,#10018));
#10020=FACE_OUTER_BOUND('10209',#10019,.F.);
#10021=ADVANCED_FACE('10209',(#10020),#10012,.F.);
#10022=CARTESIAN_POINT('',(0.E0,-1.4E0,2.9E0));
#10023=DIRECTION('',(0.E0,1.E0,0.E0));
#10024=DIRECTION('',(1.E0,0.E0,0.E0));
#10025=AXIS2_PLACEMENT_3D('',#10022,#10023,#10024);
#10026=PLANE('10170',#10025);
#10028=ORIENTED_EDGE('8461',*,*,#10027,.T.);
#10030=ORIENTED_EDGE('8452',*,*,#10029,.T.);
#10032=ORIENTED_EDGE('8453',*,*,#10031,.T.);
#10034=ORIENTED_EDGE('8462',*,*,#10033,.T.);
#10036=ORIENTED_EDGE('8459',*,*,#10035,.T.);
#10038=ORIENTED_EDGE('8463',*,*,#10037,.T.);
#10040=ORIENTED_EDGE('8481',*,*,#10039,.F.);
#10042=ORIENTED_EDGE('8482',*,*,#10041,.F.);
#10044=ORIENTED_EDGE('8485',*,*,#10043,.F.);
#10046=ORIENTED_EDGE('8464',*,*,#10045,.T.);
#10048=ORIENTED_EDGE('8491',*,*,#10047,.F.);
#10050=ORIENTED_EDGE('8465',*,*,#10049,.T.);
#10052=ORIENTED_EDGE('8495',*,*,#10051,.F.);
#10054=ORIENTED_EDGE('8496',*,*,#10053,.F.);
#10056=ORIENTED_EDGE('8499',*,*,#10055,.F.);
#10058=ORIENTED_EDGE('8466',*,*,#10057,.T.);
#10060=ORIENTED_EDGE('8505',*,*,#10059,.F.);
#10062=ORIENTED_EDGE('8467',*,*,#10061,.T.);
#10064=ORIENTED_EDGE('8509',*,*,#10063,.F.);
#10066=ORIENTED_EDGE('8510',*,*,#10065,.F.);
#10068=ORIENTED_EDGE('8513',*,*,#10067,.F.);
#10070=ORIENTED_EDGE('8468',*,*,#10069,.T.);
#10072=ORIENTED_EDGE('8519',*,*,#10071,.F.);
#10074=ORIENTED_EDGE('8469',*,*,#10073,.T.);
#10076=ORIENTED_EDGE('8523',*,*,#10075,.F.);
#10078=ORIENTED_EDGE('8524',*,*,#10077,.F.);
#10080=ORIENTED_EDGE('8527',*,*,#10079,.F.);
#10082=ORIENTED_EDGE('8470',*,*,#10081,.T.);
#10084=ORIENTED_EDGE('8533',*,*,#10083,.F.);
#10086=ORIENTED_EDGE('8471',*,*,#10085,.T.);
#10088=ORIENTED_EDGE('8537',*,*,#10087,.F.);
#10090=ORIENTED_EDGE('8538',*,*,#10089,.F.);
#10092=ORIENTED_EDGE('8541',*,*,#10091,.F.);
#10094=ORIENTED_EDGE('8472',*,*,#10093,.T.);
#10096=ORIENTED_EDGE('8547',*,*,#10095,.F.);
#10098=ORIENTED_EDGE('8473',*,*,#10097,.T.);
#10100=ORIENTED_EDGE('8551',*,*,#10099,.F.);
#10102=ORIENTED_EDGE('8552',*,*,#10101,.F.);
#10104=ORIENTED_EDGE('8555',*,*,#10103,.F.);
#10106=ORIENTED_EDGE('8474',*,*,#10105,.T.);
#10108=ORIENTED_EDGE('8561',*,*,#10107,.F.);
#10110=ORIENTED_EDGE('8475',*,*,#10109,.T.);
#10112=ORIENTED_EDGE('8565',*,*,#10111,.F.);
#10114=ORIENTED_EDGE('8567',*,*,#10113,.F.);
#10115=ORIENTED_EDGE('8476',*,*,#10013,.T.);
#10116=ORIENTED_EDGE('8477',*,*,#10003,.F.);
#10117=ORIENTED_EDGE('8478',*,*,#5308,.T.);
#10119=ORIENTED_EDGE('8447',*,*,#10118,.T.);
#10120=EDGE_LOOP('10170',(#10028,#10030,#10032,#10034,#10036,#10038,#10040,
#10042,#10044,#10046,#10048,#10050,#10052,#10054,#10056,#10058,#10060,#10062,
#10064,#10066,#10068,#10070,#10072,#10074,#10076,#10078,#10080,#10082,#10084,
#10086,#10088,#10090,#10092,#10094,#10096,#10098,#10100,#10102,#10104,#10106,
#10108,#10110,#10112,#10114,#10115,#10116,#10117,#10119));
#10121=FACE_OUTER_BOUND('10170',#10120,.F.);
#10122=ADVANCED_FACE('10170',(#10121),#10026,.F.);
#10123=CARTESIAN_POINT('',(4.1E0,-1.325E0,1.65E0));
#10124=DIRECTION('',(7.071067811865E-1,0.E0,-7.071067811865E-1));
#10125=DIRECTION('',(0.E0,-1.E0,0.E0));
#10126=AXIS2_PLACEMENT_3D('',#10123,#10124,#10125);
#10127=PLANE('10164',#10126);
#10129=ORIENTED_EDGE('8450',*,*,#10128,.F.);
#10130=ORIENTED_EDGE('8461',*,*,#10027,.F.);
#10132=ORIENTED_EDGE('8446',*,*,#10131,.T.);
#10133=ORIENTED_EDGE('7760',*,*,#5490,.F.);
#10134=EDGE_LOOP('10164',(#10129,#10130,#10132,#10133));
#10135=FACE_OUTER_BOUND('10164',#10134,.F.);
#10136=ADVANCED_FACE('10164',(#10135),#10127,.T.);
#10137=CARTESIAN_POINT('',(3.8E0,-1.325E0,1.6E0));
#10138=DIRECTION('',(0.E0,0.E0,1.E0));
#10139=DIRECTION('',(-1.E0,0.E0,0.E0));
#10140=AXIS2_PLACEMENT_3D('',#10137,#10138,#10139);
#10141=PLANE('10165',#10140);
#10142=ORIENTED_EDGE('8450',*,*,#10128,.T.);
#10143=ORIENTED_EDGE('8451',*,*,#5488,.T.);
#10145=ORIENTED_EDGE('8454',*,*,#10144,.F.);
#10146=ORIENTED_EDGE('8452',*,*,#10029,.F.);
#10147=EDGE_LOOP('10165',(#10142,#10143,#10145,#10146));
#10148=FACE_OUTER_BOUND('10165',#10147,.F.);
#10149=ADVANCED_FACE('10165',(#10148),#10141,.F.);
#10150=CARTESIAN_POINT('',(3.55E0,-1.325E0,1.45E0));
#10151=DIRECTION('',(1.E0,0.E0,0.E0));
#10152=DIRECTION('',(0.E0,0.E0,-1.E0));
#10153=AXIS2_PLACEMENT_3D('',#10150,#10151,#10152);
#10154=PLANE('10166',#10153);
#10156=ORIENTED_EDGE('8456',*,*,#10155,.F.);
#10157=ORIENTED_EDGE('8453',*,*,#10031,.F.);
#10158=ORIENTED_EDGE('8454',*,*,#10144,.T.);
#10159=ORIENTED_EDGE('8455',*,*,#5486,.T.);
#10160=EDGE_LOOP('10166',(#10156,#10157,#10158,#10159));
#10161=FACE_OUTER_BOUND('10166',#10160,.F.);
#10162=ADVANCED_FACE('10166',(#10161),#10154,.T.);
#10163=CARTESIAN_POINT('',(3.5E0,-1.325E0,1.25E0));
#10164=DIRECTION('',(7.071067811865E-1,0.E0,-7.071067811865E-1));
#10165=DIRECTION('',(0.E0,-1.E0,0.E0));
#10166=AXIS2_PLACEMENT_3D('',#10163,#10164,#10165);
#10167=PLANE('10167',#10166);
#10169=ORIENTED_EDGE('8457',*,*,#10168,.F.);
#10170=ORIENTED_EDGE('8462',*,*,#10033,.F.);
#10171=ORIENTED_EDGE('8456',*,*,#10155,.T.);
#10172=ORIENTED_EDGE('7759',*,*,#5484,.F.);
#10173=EDGE_LOOP('10167',(#10169,#10170,#10171,#10172));
#10174=FACE_OUTER_BOUND('10167',#10173,.F.);
#10175=ADVANCED_FACE('10167',(#10174),#10167,.T.);
#10176=CARTESIAN_POINT('',(3.3E0,-1.325E0,1.2E0));
#10177=DIRECTION('',(0.E0,0.E0,1.E0));
#10178=DIRECTION('',(-1.E0,0.E0,0.E0));
#10179=AXIS2_PLACEMENT_3D('',#10176,#10177,#10178);
#10180=PLANE('10168',#10179);
#10181=ORIENTED_EDGE('8457',*,*,#10168,.T.);
#10182=ORIENTED_EDGE('8458',*,*,#5482,.T.);
#10184=ORIENTED_EDGE('8460',*,*,#10183,.F.);
#10185=ORIENTED_EDGE('8459',*,*,#10035,.F.);
#10186=EDGE_LOOP('10168',(#10181,#10182,#10184,#10185));
#10187=FACE_OUTER_BOUND('10168',#10186,.F.);
#10188=ADVANCED_FACE('10168',(#10187),#10180,.F.);
#10189=CARTESIAN_POINT('',(3.1E0,-1.325E0,1.25E0));
#10190=DIRECTION('',(7.071067811865E-1,0.E0,7.071067811865E-1));
#10191=DIRECTION('',(0.E0,-1.E0,0.E0));
#10192=AXIS2_PLACEMENT_3D('',#10189,#10190,#10191);
#10193=PLANE('10169',#10192);
#10194=ORIENTED_EDGE('8463',*,*,#10037,.F.);
#10195=ORIENTED_EDGE('8460',*,*,#10183,.T.);
#10196=ORIENTED_EDGE('7758',*,*,#5480,.F.);
#10198=ORIENTED_EDGE('8479',*,*,#10197,.F.);
#10199=EDGE_LOOP('10169',(#10194,#10195,#10196,#10198));
#10200=FACE_OUTER_BOUND('10169',#10199,.F.);
#10201=ADVANCED_FACE('10169',(#10200),#10193,.F.);
#10202=CARTESIAN_POINT('',(3.05E0,-1.325E0,1.45E0));
#10203=DIRECTION('',(1.E0,0.E0,0.E0));
#10204=DIRECTION('',(0.E0,0.E0,1.E0));
#10205=AXIS2_PLACEMENT_3D('',#10202,#10203,#10204);
#10206=PLANE('10171',#10205);
#10207=ORIENTED_EDGE('8479',*,*,#10197,.T.);
#10208=ORIENTED_EDGE('8480',*,*,#5478,.T.);
#10210=ORIENTED_EDGE('8483',*,*,#10209,.F.);
#10211=ORIENTED_EDGE('8481',*,*,#10039,.T.);
#10212=EDGE_LOOP('10171',(#10207,#10208,#10210,#10211));
#10213=FACE_OUTER_BOUND('10171',#10212,.F.);
#10214=ADVANCED_FACE('10171',(#10213),#10206,.F.);
#10215=CARTESIAN_POINT('',(2.75E0,-1.325E0,1.6E0));
#10216=DIRECTION('',(0.E0,0.E0,1.E0));
#10217=DIRECTION('',(-1.E0,0.E0,0.E0));
#10218=AXIS2_PLACEMENT_3D('',#10215,#10216,#10217);
#10219=PLANE('10172',#10218);
#10220=ORIENTED_EDGE('8482',*,*,#10041,.T.);
#10221=ORIENTED_EDGE('8483',*,*,#10209,.T.);
#10222=ORIENTED_EDGE('8484',*,*,#5476,.T.);
#10224=ORIENTED_EDGE('8486',*,*,#10223,.F.);
#10225=EDGE_LOOP('10172',(#10220,#10221,#10222,#10224));
#10226=FACE_OUTER_BOUND('10172',#10225,.F.);
#10227=ADVANCED_FACE('10172',(#10226),#10219,.F.);
#10228=CARTESIAN_POINT('',(2.45E0,-1.325E0,1.45E0));
#10229=DIRECTION('',(1.E0,0.E0,0.E0));
#10230=DIRECTION('',(0.E0,0.E0,-1.E0));
#10231=AXIS2_PLACEMENT_3D('',#10228,#10229,#10230);
#10232=PLANE('10173',#10231);
#10234=ORIENTED_EDGE('8489',*,*,#10233,.F.);
#10235=ORIENTED_EDGE('8485',*,*,#10043,.T.);
#10236=ORIENTED_EDGE('8486',*,*,#10223,.T.);
#10237=ORIENTED_EDGE('8487',*,*,#5474,.T.);
#10238=EDGE_LOOP('10173',(#10234,#10235,#10236,#10237));
#10239=FACE_OUTER_BOUND('10173',#10238,.F.);
#10240=ADVANCED_FACE('10173',(#10239),#10232,.T.);
#10241=CARTESIAN_POINT('',(2.4E0,-1.325E0,1.25E0));
#10242=DIRECTION('',(7.071067811865E-1,0.E0,-7.071067811865E-1));
#10243=DIRECTION('',(0.E0,-1.E0,0.E0));
#10244=AXIS2_PLACEMENT_3D('',#10241,#10242,#10243);
#10245=PLANE('10174',#10244);
#10247=ORIENTED_EDGE('8488',*,*,#10246,.F.);
#10248=ORIENTED_EDGE('8464',*,*,#10045,.F.);
#10249=ORIENTED_EDGE('8489',*,*,#10233,.T.);
#10250=ORIENTED_EDGE('7757',*,*,#5472,.F.);
#10251=EDGE_LOOP('10174',(#10247,#10248,#10249,#10250));
#10252=FACE_OUTER_BOUND('10174',#10251,.F.);
#10253=ADVANCED_FACE('10174',(#10252),#10245,.T.);
#10254=CARTESIAN_POINT('',(2.2E0,-1.325E0,1.2E0));
#10255=DIRECTION('',(0.E0,0.E0,1.E0));
#10256=DIRECTION('',(-1.E0,0.E0,0.E0));
#10257=AXIS2_PLACEMENT_3D('',#10254,#10255,#10256);
#10258=PLANE('10175',#10257);
#10259=ORIENTED_EDGE('8488',*,*,#10246,.T.);
#10260=ORIENTED_EDGE('8490',*,*,#5470,.T.);
#10262=ORIENTED_EDGE('8492',*,*,#10261,.F.);
#10263=ORIENTED_EDGE('8491',*,*,#10047,.T.);
#10264=EDGE_LOOP('10175',(#10259,#10260,#10262,#10263));
#10265=FACE_OUTER_BOUND('10175',#10264,.F.);
#10266=ADVANCED_FACE('10175',(#10265),#10258,.F.);
#10267=CARTESIAN_POINT('',(2.E0,-1.325E0,1.25E0));
#10268=DIRECTION('',(7.071067811865E-1,0.E0,7.071067811865E-1));
#10269=DIRECTION('',(0.E0,-1.E0,0.E0));
#10270=AXIS2_PLACEMENT_3D('',#10267,#10268,#10269);
#10271=PLANE('10176',#10270);
#10272=ORIENTED_EDGE('8465',*,*,#10049,.F.);
#10273=ORIENTED_EDGE('8492',*,*,#10261,.T.);
#10274=ORIENTED_EDGE('7756',*,*,#5468,.F.);
#10276=ORIENTED_EDGE('8493',*,*,#10275,.F.);
#10277=EDGE_LOOP('10176',(#10272,#10273,#10274,#10276));
#10278=FACE_OUTER_BOUND('10176',#10277,.F.);
#10279=ADVANCED_FACE('10176',(#10278),#10271,.F.);
#10280=CARTESIAN_POINT('',(1.95E0,-1.325E0,1.45E0));
#10281=DIRECTION('',(1.E0,0.E0,0.E0));
#10282=DIRECTION('',(0.E0,0.E0,1.E0));
#10283=AXIS2_PLACEMENT_3D('',#10280,#10281,#10282);
#10284=PLANE('10177',#10283);
#10285=ORIENTED_EDGE('8493',*,*,#10275,.T.);
#10286=ORIENTED_EDGE('8494',*,*,#5466,.T.);
#10288=ORIENTED_EDGE('8497',*,*,#10287,.F.);
#10289=ORIENTED_EDGE('8495',*,*,#10051,.T.);
#10290=EDGE_LOOP('10177',(#10285,#10286,#10288,#10289));
#10291=FACE_OUTER_BOUND('10177',#10290,.F.);
#10292=ADVANCED_FACE('10177',(#10291),#10284,.F.);
#10293=CARTESIAN_POINT('',(1.65E0,-1.325E0,1.6E0));
#10294=DIRECTION('',(0.E0,0.E0,1.E0));
#10295=DIRECTION('',(-1.E0,0.E0,0.E0));
#10296=AXIS2_PLACEMENT_3D('',#10293,#10294,#10295);
#10297=PLANE('10178',#10296);
#10298=ORIENTED_EDGE('8496',*,*,#10053,.T.);
#10299=ORIENTED_EDGE('8497',*,*,#10287,.T.);
#10300=ORIENTED_EDGE('8498',*,*,#5464,.T.);
#10302=ORIENTED_EDGE('8500',*,*,#10301,.F.);
#10303=EDGE_LOOP('10178',(#10298,#10299,#10300,#10302));
#10304=FACE_OUTER_BOUND('10178',#10303,.F.);
#10305=ADVANCED_FACE('10178',(#10304),#10297,.F.);
#10306=CARTESIAN_POINT('',(1.35E0,-1.325E0,1.45E0));
#10307=DIRECTION('',(1.E0,0.E0,0.E0));
#10308=DIRECTION('',(0.E0,0.E0,-1.E0));
#10309=AXIS2_PLACEMENT_3D('',#10306,#10307,#10308);
#10310=PLANE('10179',#10309);
#10312=ORIENTED_EDGE('8503',*,*,#10311,.F.);
#10313=ORIENTED_EDGE('8499',*,*,#10055,.T.);
#10314=ORIENTED_EDGE('8500',*,*,#10301,.T.);
#10315=ORIENTED_EDGE('8501',*,*,#5462,.T.);
#10316=EDGE_LOOP('10179',(#10312,#10313,#10314,#10315));
#10317=FACE_OUTER_BOUND('10179',#10316,.F.);
#10318=ADVANCED_FACE('10179',(#10317),#10310,.T.);
#10319=CARTESIAN_POINT('',(1.3E0,-1.325E0,1.25E0));
#10320=DIRECTION('',(7.071067811865E-1,0.E0,-7.071067811865E-1));
#10321=DIRECTION('',(0.E0,-1.E0,0.E0));
#10322=AXIS2_PLACEMENT_3D('',#10319,#10320,#10321);
#10323=PLANE('10180',#10322);
#10325=ORIENTED_EDGE('8502',*,*,#10324,.F.);
#10326=ORIENTED_EDGE('8466',*,*,#10057,.F.);
#10327=ORIENTED_EDGE('8503',*,*,#10311,.T.);
#10328=ORIENTED_EDGE('7755',*,*,#5460,.F.);
#10329=EDGE_LOOP('10180',(#10325,#10326,#10327,#10328));
#10330=FACE_OUTER_BOUND('10180',#10329,.F.);
#10331=ADVANCED_FACE('10180',(#10330),#10323,.T.);
#10332=CARTESIAN_POINT('',(1.1E0,-1.325E0,1.2E0));
#10333=DIRECTION('',(0.E0,0.E0,1.E0));
#10334=DIRECTION('',(-1.E0,0.E0,0.E0));
#10335=AXIS2_PLACEMENT_3D('',#10332,#10333,#10334);
#10336=PLANE('10181',#10335);
#10337=ORIENTED_EDGE('8502',*,*,#10324,.T.);
#10338=ORIENTED_EDGE('8504',*,*,#5458,.T.);
#10340=ORIENTED_EDGE('8506',*,*,#10339,.F.);
#10341=ORIENTED_EDGE('8505',*,*,#10059,.T.);
#10342=EDGE_LOOP('10181',(#10337,#10338,#10340,#10341));
#10343=FACE_OUTER_BOUND('10181',#10342,.F.);
#10344=ADVANCED_FACE('10181',(#10343),#10336,.F.);
#10345=CARTESIAN_POINT('',(9.E-1,-1.325E0,1.25E0));
#10346=DIRECTION('',(7.071067811894E-1,0.E0,7.071067811836E-1));
#10347=DIRECTION('',(0.E0,-1.E0,0.E0));
#10348=AXIS2_PLACEMENT_3D('',#10345,#10346,#10347);
#10349=PLANE('10182',#10348);
#10350=ORIENTED_EDGE('8467',*,*,#10061,.F.);
#10351=ORIENTED_EDGE('8506',*,*,#10339,.T.);
#10352=ORIENTED_EDGE('7754',*,*,#5456,.F.);
#10354=ORIENTED_EDGE('8507',*,*,#10353,.F.);
#10355=EDGE_LOOP('10182',(#10350,#10351,#10352,#10354));
#10356=FACE_OUTER_BOUND('10182',#10355,.F.);
#10357=ADVANCED_FACE('10182',(#10356),#10349,.F.);
#10358=CARTESIAN_POINT('',(8.5E-1,-1.325E0,1.45E0));
#10359=DIRECTION('',(1.E0,0.E0,0.E0));
#10360=DIRECTION('',(0.E0,0.E0,1.E0));
#10361=AXIS2_PLACEMENT_3D('',#10358,#10359,#10360);
#10362=PLANE('10183',#10361);
#10363=ORIENTED_EDGE('8507',*,*,#10353,.T.);
#10364=ORIENTED_EDGE('8508',*,*,#5454,.T.);
#10366=ORIENTED_EDGE('8511',*,*,#10365,.F.);
#10367=ORIENTED_EDGE('8509',*,*,#10063,.T.);
#10368=EDGE_LOOP('10183',(#10363,#10364,#10366,#10367));
#10369=FACE_OUTER_BOUND('10183',#10368,.F.);
#10370=ADVANCED_FACE('10183',(#10369),#10362,.F.);
#10371=CARTESIAN_POINT('',(5.5E-1,-1.325E0,1.6E0));
#10372=DIRECTION('',(0.E0,0.E0,1.E0));
#10373=DIRECTION('',(-1.E0,0.E0,0.E0));
#10374=AXIS2_PLACEMENT_3D('',#10371,#10372,#10373);
#10375=PLANE('10184',#10374);
#10376=ORIENTED_EDGE('8510',*,*,#10065,.T.);
#10377=ORIENTED_EDGE('8511',*,*,#10365,.T.);
#10378=ORIENTED_EDGE('8512',*,*,#5452,.T.);
#10380=ORIENTED_EDGE('8514',*,*,#10379,.F.);
#10381=EDGE_LOOP('10184',(#10376,#10377,#10378,#10380));
#10382=FACE_OUTER_BOUND('10184',#10381,.F.);
#10383=ADVANCED_FACE('10184',(#10382),#10375,.F.);
#10384=CARTESIAN_POINT('',(2.5E-1,-1.325E0,1.45E0));
#10385=DIRECTION('',(1.E0,0.E0,0.E0));
#10386=DIRECTION('',(0.E0,0.E0,-1.E0));
#10387=AXIS2_PLACEMENT_3D('',#10384,#10385,#10386);
#10388=PLANE('10185',#10387);
#10390=ORIENTED_EDGE('8517',*,*,#10389,.F.);
#10391=ORIENTED_EDGE('8513',*,*,#10067,.T.);
#10392=ORIENTED_EDGE('8514',*,*,#10379,.T.);
#10393=ORIENTED_EDGE('8515',*,*,#5450,.T.);
#10394=EDGE_LOOP('10185',(#10390,#10391,#10392,#10393));
#10395=FACE_OUTER_BOUND('10185',#10394,.F.);
#10396=ADVANCED_FACE('10185',(#10395),#10388,.T.);
#10397=CARTESIAN_POINT('',(2.E-1,-1.325E0,1.25E0));
#10398=DIRECTION('',(7.071067811894E-1,0.E0,-7.071067811836E-1));
#10399=DIRECTION('',(0.E0,-1.E0,0.E0));
#10400=AXIS2_PLACEMENT_3D('',#10397,#10398,#10399);
#10401=PLANE('10186',#10400);
#10403=ORIENTED_EDGE('8516',*,*,#10402,.F.);
#10404=ORIENTED_EDGE('8468',*,*,#10069,.F.);
#10405=ORIENTED_EDGE('8517',*,*,#10389,.T.);
#10406=ORIENTED_EDGE('7753',*,*,#5448,.F.);
#10407=EDGE_LOOP('10186',(#10403,#10404,#10405,#10406));
#10408=FACE_OUTER_BOUND('10186',#10407,.F.);
#10409=ADVANCED_FACE('10186',(#10408),#10401,.T.);
#10410=CARTESIAN_POINT('',(0.E0,-1.325E0,1.2E0));
#10411=DIRECTION('',(0.E0,0.E0,1.E0));
#10412=DIRECTION('',(-1.E0,0.E0,0.E0));
#10413=AXIS2_PLACEMENT_3D('',#10410,#10411,#10412);
#10414=PLANE('10187',#10413);
#10415=ORIENTED_EDGE('8516',*,*,#10402,.T.);
#10416=ORIENTED_EDGE('8518',*,*,#5446,.T.);
#10418=ORIENTED_EDGE('8520',*,*,#10417,.F.);
#10419=ORIENTED_EDGE('8519',*,*,#10071,.T.);
#10420=EDGE_LOOP('10187',(#10415,#10416,#10418,#10419));
#10421=FACE_OUTER_BOUND('10187',#10420,.F.);
#10422=ADVANCED_FACE('10187',(#10421),#10414,.F.);
#10423=CARTESIAN_POINT('',(-2.E-1,-1.325E0,1.25E0));
#10424=DIRECTION('',(7.071067811894E-1,0.E0,7.071067811836E-1));
#10425=DIRECTION('',(0.E0,-1.E0,0.E0));
#10426=AXIS2_PLACEMENT_3D('',#10423,#10424,#10425);
#10427=PLANE('10188',#10426);
#10428=ORIENTED_EDGE('8469',*,*,#10073,.F.);
#10429=ORIENTED_EDGE('8520',*,*,#10417,.T.);
#10430=ORIENTED_EDGE('7752',*,*,#5444,.F.);
#10432=ORIENTED_EDGE('8521',*,*,#10431,.F.);
#10433=EDGE_LOOP('10188',(#10428,#10429,#10430,#10432));
#10434=FACE_OUTER_BOUND('10188',#10433,.F.);
#10435=ADVANCED_FACE('10188',(#10434),#10427,.F.);
#10436=CARTESIAN_POINT('',(-2.5E-1,-1.325E0,1.45E0));
#10437=DIRECTION('',(1.E0,0.E0,0.E0));
#10438=DIRECTION('',(0.E0,0.E0,1.E0));
#10439=AXIS2_PLACEMENT_3D('',#10436,#10437,#10438);
#10440=PLANE('10189',#10439);
#10441=ORIENTED_EDGE('8521',*,*,#10431,.T.);
#10442=ORIENTED_EDGE('8522',*,*,#5442,.T.);
#10444=ORIENTED_EDGE('8525',*,*,#10443,.F.);
#10445=ORIENTED_EDGE('8523',*,*,#10075,.T.);
#10446=EDGE_LOOP('10189',(#10441,#10442,#10444,#10445));
#10447=FACE_OUTER_BOUND('10189',#10446,.F.);
#10448=ADVANCED_FACE('10189',(#10447),#10440,.F.);
#10449=CARTESIAN_POINT('',(-5.5E-1,-1.325E0,1.6E0));
#10450=DIRECTION('',(0.E0,0.E0,1.E0));
#10451=DIRECTION('',(-1.E0,0.E0,0.E0));
#10452=AXIS2_PLACEMENT_3D('',#10449,#10450,#10451);
#10453=PLANE('10190',#10452);
#10454=ORIENTED_EDGE('8524',*,*,#10077,.T.);
#10455=ORIENTED_EDGE('8525',*,*,#10443,.T.);
#10456=ORIENTED_EDGE('8526',*,*,#5440,.T.);
#10458=ORIENTED_EDGE('8528',*,*,#10457,.F.);
#10459=EDGE_LOOP('10190',(#10454,#10455,#10456,#10458));
#10460=FACE_OUTER_BOUND('10190',#10459,.F.);
#10461=ADVANCED_FACE('10190',(#10460),#10453,.F.);
#10462=CARTESIAN_POINT('',(-8.5E-1,-1.325E0,1.45E0));
#10463=DIRECTION('',(1.E0,0.E0,0.E0));
#10464=DIRECTION('',(0.E0,0.E0,-1.E0));
#10465=AXIS2_PLACEMENT_3D('',#10462,#10463,#10464);
#10466=PLANE('10191',#10465);
#10468=ORIENTED_EDGE('8531',*,*,#10467,.F.);
#10469=ORIENTED_EDGE('8527',*,*,#10079,.T.);
#10470=ORIENTED_EDGE('8528',*,*,#10457,.T.);
#10471=ORIENTED_EDGE('8529',*,*,#5438,.T.);
#10472=EDGE_LOOP('10191',(#10468,#10469,#10470,#10471));
#10473=FACE_OUTER_BOUND('10191',#10472,.F.);
#10474=ADVANCED_FACE('10191',(#10473),#10466,.T.);
#10475=CARTESIAN_POINT('',(-9.E-1,-1.325E0,1.25E0));
#10476=DIRECTION('',(7.071067811894E-1,0.E0,-7.071067811836E-1));
#10477=DIRECTION('',(0.E0,-1.E0,0.E0));
#10478=AXIS2_PLACEMENT_3D('',#10475,#10476,#10477);
#10479=PLANE('10192',#10478);
#10481=ORIENTED_EDGE('8530',*,*,#10480,.F.);
#10482=ORIENTED_EDGE('8470',*,*,#10081,.F.);
#10483=ORIENTED_EDGE('8531',*,*,#10467,.T.);
#10484=ORIENTED_EDGE('7751',*,*,#5436,.F.);
#10485=EDGE_LOOP('10192',(#10481,#10482,#10483,#10484));
#10486=FACE_OUTER_BOUND('10192',#10485,.F.);
#10487=ADVANCED_FACE('10192',(#10486),#10479,.T.);
#10488=CARTESIAN_POINT('',(-1.1E0,-1.325E0,1.2E0));
#10489=DIRECTION('',(0.E0,0.E0,1.E0));
#10490=DIRECTION('',(-1.E0,0.E0,0.E0));
#10491=AXIS2_PLACEMENT_3D('',#10488,#10489,#10490);
#10492=PLANE('10193',#10491);
#10493=ORIENTED_EDGE('8530',*,*,#10480,.T.);
#10494=ORIENTED_EDGE('8532',*,*,#5434,.T.);
#10496=ORIENTED_EDGE('8534',*,*,#10495,.F.);
#10497=ORIENTED_EDGE('8533',*,*,#10083,.T.);
#10498=EDGE_LOOP('10193',(#10493,#10494,#10496,#10497));
#10499=FACE_OUTER_BOUND('10193',#10498,.F.);
#10500=ADVANCED_FACE('10193',(#10499),#10492,.F.);
#10501=CARTESIAN_POINT('',(-1.3E0,-1.325E0,1.25E0));
#10502=DIRECTION('',(7.071067811865E-1,0.E0,7.071067811865E-1));
#10503=DIRECTION('',(0.E0,-1.E0,0.E0));
#10504=AXIS2_PLACEMENT_3D('',#10501,#10502,#10503);
#10505=PLANE('10194',#10504);
#10506=ORIENTED_EDGE('8471',*,*,#10085,.F.);
#10507=ORIENTED_EDGE('8534',*,*,#10495,.T.);
#10508=ORIENTED_EDGE('7750',*,*,#5432,.F.);
#10510=ORIENTED_EDGE('8535',*,*,#10509,.F.);
#10511=EDGE_LOOP('10194',(#10506,#10507,#10508,#10510));
#10512=FACE_OUTER_BOUND('10194',#10511,.F.);
#10513=ADVANCED_FACE('10194',(#10512),#10505,.F.);
#10514=CARTESIAN_POINT('',(-1.35E0,-1.325E0,1.45E0));
#10515=DIRECTION('',(1.E0,0.E0,0.E0));
#10516=DIRECTION('',(0.E0,0.E0,1.E0));
#10517=AXIS2_PLACEMENT_3D('',#10514,#10515,#10516);
#10518=PLANE('10195',#10517);
#10519=ORIENTED_EDGE('8535',*,*,#10509,.T.);
#10520=ORIENTED_EDGE('8536',*,*,#5430,.T.);
#10522=ORIENTED_EDGE('8539',*,*,#10521,.F.);
#10523=ORIENTED_EDGE('8537',*,*,#10087,.T.);
#10524=EDGE_LOOP('10195',(#10519,#10520,#10522,#10523));
#10525=FACE_OUTER_BOUND('10195',#10524,.F.);
#10526=ADVANCED_FACE('10195',(#10525),#10518,.F.);
#10527=CARTESIAN_POINT('',(-1.65E0,-1.325E0,1.6E0));
#10528=DIRECTION('',(0.E0,0.E0,1.E0));
#10529=DIRECTION('',(-1.E0,0.E0,0.E0));
#10530=AXIS2_PLACEMENT_3D('',#10527,#10528,#10529);
#10531=PLANE('10196',#10530);
#10532=ORIENTED_EDGE('8538',*,*,#10089,.T.);
#10533=ORIENTED_EDGE('8539',*,*,#10521,.T.);
#10534=ORIENTED_EDGE('8540',*,*,#5428,.T.);
#10536=ORIENTED_EDGE('8542',*,*,#10535,.F.);
#10537=EDGE_LOOP('10196',(#10532,#10533,#10534,#10536));
#10538=FACE_OUTER_BOUND('10196',#10537,.F.);
#10539=ADVANCED_FACE('10196',(#10538),#10531,.F.);
#10540=CARTESIAN_POINT('',(-1.95E0,-1.325E0,1.45E0));
#10541=DIRECTION('',(1.E0,0.E0,0.E0));
#10542=DIRECTION('',(0.E0,0.E0,-1.E0));
#10543=AXIS2_PLACEMENT_3D('',#10540,#10541,#10542);
#10544=PLANE('10197',#10543);
#10546=ORIENTED_EDGE('8545',*,*,#10545,.F.);
#10547=ORIENTED_EDGE('8541',*,*,#10091,.T.);
#10548=ORIENTED_EDGE('8542',*,*,#10535,.T.);
#10549=ORIENTED_EDGE('8543',*,*,#5426,.T.);
#10550=EDGE_LOOP('10197',(#10546,#10547,#10548,#10549));
#10551=FACE_OUTER_BOUND('10197',#10550,.F.);
#10552=ADVANCED_FACE('10197',(#10551),#10544,.T.);
#10553=CARTESIAN_POINT('',(-2.E0,-1.325E0,1.25E0));
#10554=DIRECTION('',(7.071067811865E-1,0.E0,-7.071067811865E-1));
#10555=DIRECTION('',(0.E0,-1.E0,0.E0));
#10556=AXIS2_PLACEMENT_3D('',#10553,#10554,#10555);
#10557=PLANE('10198',#10556);
#10559=ORIENTED_EDGE('8544',*,*,#10558,.F.);
#10560=ORIENTED_EDGE('8472',*,*,#10093,.F.);
#10561=ORIENTED_EDGE('8545',*,*,#10545,.T.);
#10562=ORIENTED_EDGE('7749',*,*,#5424,.F.);
#10563=EDGE_LOOP('10198',(#10559,#10560,#10561,#10562));
#10564=FACE_OUTER_BOUND('10198',#10563,.F.);
#10565=ADVANCED_FACE('10198',(#10564),#10557,.T.);
#10566=CARTESIAN_POINT('',(-2.2E0,-1.325E0,1.2E0));
#10567=DIRECTION('',(0.E0,0.E0,1.E0));
#10568=DIRECTION('',(-1.E0,0.E0,0.E0));
#10569=AXIS2_PLACEMENT_3D('',#10566,#10567,#10568);
#10570=PLANE('10199',#10569);
#10571=ORIENTED_EDGE('8544',*,*,#10558,.T.);
#10572=ORIENTED_EDGE('8546',*,*,#5422,.T.);
#10574=ORIENTED_EDGE('8548',*,*,#10573,.F.);
#10575=ORIENTED_EDGE('8547',*,*,#10095,.T.);
#10576=EDGE_LOOP('10199',(#10571,#10572,#10574,#10575));
#10577=FACE_OUTER_BOUND('10199',#10576,.F.);
#10578=ADVANCED_FACE('10199',(#10577),#10570,.F.);
#10579=CARTESIAN_POINT('',(-2.4E0,-1.325E0,1.25E0));
#10580=DIRECTION('',(7.071067811865E-1,0.E0,7.071067811865E-1));
#10581=DIRECTION('',(0.E0,-1.E0,0.E0));
#10582=AXIS2_PLACEMENT_3D('',#10579,#10580,#10581);
#10583=PLANE('10200',#10582);
#10584=ORIENTED_EDGE('8473',*,*,#10097,.F.);
#10585=ORIENTED_EDGE('8548',*,*,#10573,.T.);
#10586=ORIENTED_EDGE('7748',*,*,#5420,.F.);
#10588=ORIENTED_EDGE('8549',*,*,#10587,.F.);
#10589=EDGE_LOOP('10200',(#10584,#10585,#10586,#10588));
#10590=FACE_OUTER_BOUND('10200',#10589,.F.);
#10591=ADVANCED_FACE('10200',(#10590),#10583,.F.);
#10592=CARTESIAN_POINT('',(-2.45E0,-1.325E0,1.45E0));
#10593=DIRECTION('',(1.E0,0.E0,0.E0));
#10594=DIRECTION('',(0.E0,0.E0,1.E0));
#10595=AXIS2_PLACEMENT_3D('',#10592,#10593,#10594);
#10596=PLANE('10201',#10595);
#10597=ORIENTED_EDGE('8549',*,*,#10587,.T.);
#10598=ORIENTED_EDGE('8550',*,*,#5418,.T.);
#10600=ORIENTED_EDGE('8553',*,*,#10599,.F.);
#10601=ORIENTED_EDGE('8551',*,*,#10099,.T.);
#10602=EDGE_LOOP('10201',(#10597,#10598,#10600,#10601));
#10603=FACE_OUTER_BOUND('10201',#10602,.F.);
#10604=ADVANCED_FACE('10201',(#10603),#10596,.F.);
#10605=CARTESIAN_POINT('',(-2.75E0,-1.325E0,1.6E0));
#10606=DIRECTION('',(0.E0,0.E0,1.E0));
#10607=DIRECTION('',(-1.E0,0.E0,0.E0));
#10608=AXIS2_PLACEMENT_3D('',#10605,#10606,#10607);
#10609=PLANE('10202',#10608);
#10610=ORIENTED_EDGE('8552',*,*,#10101,.T.);
#10611=ORIENTED_EDGE('8553',*,*,#10599,.T.);
#10612=ORIENTED_EDGE('8554',*,*,#5416,.T.);
#10614=ORIENTED_EDGE('8556',*,*,#10613,.F.);
#10615=EDGE_LOOP('10202',(#10610,#10611,#10612,#10614));
#10616=FACE_OUTER_BOUND('10202',#10615,.F.);
#10617=ADVANCED_FACE('10202',(#10616),#10609,.F.);
#10618=CARTESIAN_POINT('',(-3.05E0,-1.325E0,1.45E0));
#10619=DIRECTION('',(1.E0,0.E0,0.E0));
#10620=DIRECTION('',(0.E0,0.E0,-1.E0));
#10621=AXIS2_PLACEMENT_3D('',#10618,#10619,#10620);
#10622=PLANE('10203',#10621);
#10624=ORIENTED_EDGE('8559',*,*,#10623,.F.);
#10625=ORIENTED_EDGE('8555',*,*,#10103,.T.);
#10626=ORIENTED_EDGE('8556',*,*,#10613,.T.);
#10627=ORIENTED_EDGE('8557',*,*,#5414,.T.);
#10628=EDGE_LOOP('10203',(#10624,#10625,#10626,#10627));
#10629=FACE_OUTER_BOUND('10203',#10628,.F.);
#10630=ADVANCED_FACE('10203',(#10629),#10622,.T.);
#10631=CARTESIAN_POINT('',(-3.1E0,-1.325E0,1.25E0));
#10632=DIRECTION('',(7.071067811865E-1,0.E0,-7.071067811865E-1));
#10633=DIRECTION('',(0.E0,-1.E0,0.E0));
#10634=AXIS2_PLACEMENT_3D('',#10631,#10632,#10633);
#10635=PLANE('10204',#10634);
#10637=ORIENTED_EDGE('8558',*,*,#10636,.F.);
#10638=ORIENTED_EDGE('8474',*,*,#10105,.F.);
#10639=ORIENTED_EDGE('8559',*,*,#10623,.T.);
#10640=ORIENTED_EDGE('7747',*,*,#5412,.F.);
#10641=EDGE_LOOP('10204',(#10637,#10638,#10639,#10640));
#10642=FACE_OUTER_BOUND('10204',#10641,.F.);
#10643=ADVANCED_FACE('10204',(#10642),#10635,.T.);
#10644=CARTESIAN_POINT('',(-3.3E0,-1.325E0,1.2E0));
#10645=DIRECTION('',(0.E0,0.E0,1.E0));
#10646=DIRECTION('',(-1.E0,0.E0,0.E0));
#10647=AXIS2_PLACEMENT_3D('',#10644,#10645,#10646);
#10648=PLANE('10205',#10647);
#10649=ORIENTED_EDGE('8558',*,*,#10636,.T.);
#10650=ORIENTED_EDGE('8560',*,*,#5410,.T.);
#10652=ORIENTED_EDGE('8562',*,*,#10651,.F.);
#10653=ORIENTED_EDGE('8561',*,*,#10107,.T.);
#10654=EDGE_LOOP('10205',(#10649,#10650,#10652,#10653));
#10655=FACE_OUTER_BOUND('10205',#10654,.F.);
#10656=ADVANCED_FACE('10205',(#10655),#10648,.F.);
#10657=CARTESIAN_POINT('',(-3.5E0,-1.325E0,1.25E0));
#10658=DIRECTION('',(7.071067811865E-1,0.E0,7.071067811865E-1));
#10659=DIRECTION('',(0.E0,-1.E0,0.E0));
#10660=AXIS2_PLACEMENT_3D('',#10657,#10658,#10659);
#10661=PLANE('10206',#10660);
#10662=ORIENTED_EDGE('8475',*,*,#10109,.F.);
#10663=ORIENTED_EDGE('8562',*,*,#10651,.T.);
#10664=ORIENTED_EDGE('7746',*,*,#5408,.F.);
#10666=ORIENTED_EDGE('8563',*,*,#10665,.F.);
#10667=EDGE_LOOP('10206',(#10662,#10663,#10664,#10666));
#10668=FACE_OUTER_BOUND('10206',#10667,.F.);
#10669=ADVANCED_FACE('10206',(#10668),#10661,.F.);
#10670=CARTESIAN_POINT('',(-3.55E0,-1.325E0,1.45E0));
#10671=DIRECTION('',(1.E0,0.E0,0.E0));
#10672=DIRECTION('',(0.E0,0.E0,1.E0));
#10673=AXIS2_PLACEMENT_3D('',#10670,#10671,#10672);
#10674=PLANE('10207',#10673);
#10675=ORIENTED_EDGE('8563',*,*,#10665,.T.);
#10676=ORIENTED_EDGE('8564',*,*,#5406,.T.);
#10678=ORIENTED_EDGE('8568',*,*,#10677,.F.);
#10679=ORIENTED_EDGE('8565',*,*,#10111,.T.);
#10680=EDGE_LOOP('10207',(#10675,#10676,#10678,#10679));
#10681=FACE_OUTER_BOUND('10207',#10680,.F.);
#10682=ADVANCED_FACE('10207',(#10681),#10674,.F.);
#10683=CARTESIAN_POINT('',(-3.8E0,-1.325E0,1.6E0));
#10684=DIRECTION('',(0.E0,0.E0,1.E0));
#10685=DIRECTION('',(-1.E0,0.E0,0.E0));
#10686=AXIS2_PLACEMENT_3D('',#10683,#10684,#10685);
#10687=PLANE('10208',#10686);
#10688=ORIENTED_EDGE('8566',*,*,#10015,.F.);
#10689=ORIENTED_EDGE('8567',*,*,#10113,.T.);
#10690=ORIENTED_EDGE('8568',*,*,#10677,.T.);
#10691=ORIENTED_EDGE('8569',*,*,#5404,.T.);
#10692=EDGE_LOOP('10208',(#10688,#10689,#10690,#10691));
#10693=FACE_OUTER_BOUND('10208',#10692,.F.);
#10694=ADVANCED_FACE('10208',(#10693),#10687,.F.);
#10695=CARTESIAN_POINT('',(4.15E0,-1.325E0,3.15E0));
#10696=DIRECTION('',(1.E0,0.E0,0.E0));
#10697=DIRECTION('',(0.E0,0.E0,-1.E0));
#10698=AXIS2_PLACEMENT_3D('',#10695,#10696,#10697);
#10699=PLANE('10163',#10698);
#10700=ORIENTED_EDGE('8446',*,*,#10131,.F.);
#10701=ORIENTED_EDGE('8447',*,*,#10118,.F.);
#10702=ORIENTED_EDGE('8448',*,*,#5306,.T.);
#10703=ORIENTED_EDGE('8449',*,*,#5492,.T.);
#10704=EDGE_LOOP('10163',(#10700,#10701,#10702,#10703));
#10705=FACE_OUTER_BOUND('10163',#10704,.F.);
#10706=ADVANCED_FACE('10163',(#10705),#10699,.T.);
#10707=CARTESIAN_POINT('',(-5.3E0,0.E0,2.599181468507E0));
#10708=DIRECTION('',(0.E0,1.E0,0.E0));
#10709=DIRECTION('',(-1.E0,0.E0,0.E0));
#10710=AXIS2_PLACEMENT_3D('',#10707,#10708,#10709);
#10711=PLANE('9980',#10710);
#10713=ORIENTED_EDGE('7963',*,*,#10712,.F.);
#10714=ORIENTED_EDGE('7991',*,*,#5267,.F.);
#10716=ORIENTED_EDGE('8022',*,*,#10715,.F.);
#10718=ORIENTED_EDGE('7964',*,*,#10717,.T.);
#10719=EDGE_LOOP('9980',(#10713,#10714,#10716,#10718));
#10720=FACE_OUTER_BOUND('9980',#10719,.F.);
#10721=ADVANCED_FACE('9980',(#10720),#10711,.T.);
#10722=CARTESIAN_POINT('',(-5.184452917931E0,5.E-1,2.877491721764E0));
#10723=DIRECTION('',(-1.E0,0.E0,0.E0));
#10724=DIRECTION('',(0.E0,-7.272727272723E-1,-6.863485850250E-1));
#10725=AXIS2_PLACEMENT_3D('',#10722,#10723,#10724);
#10726=CYLINDRICAL_SURFACE('10003',#10725,5.500000000003E-1);
#10728=ORIENTED_EDGE('7948',*,*,#10727,.F.);
#10730=ORIENTED_EDGE('8024',*,*,#10729,.T.);
#10731=ORIENTED_EDGE('7992',*,*,#5269,.F.);
#10732=ORIENTED_EDGE('7963',*,*,#10712,.T.);
#10733=EDGE_LOOP('10003',(#10728,#10730,#10731,#10732));
#10734=FACE_OUTER_BOUND('10003',#10733,.F.);
#10735=ADVANCED_FACE('10003',(#10734),#10726,.T.);
#10736=CARTESIAN_POINT('',(-5.2E0,-7.499999999999E-2,2.474181468508E0));
#10737=DIRECTION('',(1.E0,0.E0,0.E0));
#10738=DIRECTION('',(0.E0,-1.E0,0.E0));
#10739=AXIS2_PLACEMENT_3D('',#10736,#10737,#10738);
#10740=PLANE('9973',#10739);
#10741=ORIENTED_EDGE('7948',*,*,#10727,.T.);
#10742=ORIENTED_EDGE('7964',*,*,#10717,.F.);
#10744=ORIENTED_EDGE('7949',*,*,#10743,.T.);
#10746=ORIENTED_EDGE('7950',*,*,#10745,.F.);
#10748=ORIENTED_EDGE('7951',*,*,#10747,.T.);
#10749=EDGE_LOOP('9973',(#10741,#10742,#10744,#10746,#10748));
#10750=FACE_OUTER_BOUND('9973',#10749,.F.);
#10751=ADVANCED_FACE('9973',(#10750),#10740,.F.);
#10752=CARTESIAN_POINT('',(-5.415547082069E0,-2.5E-1,2.55E0));
#10753=DIRECTION('',(1.E0,0.E0,0.E0));
#10754=DIRECTION('',(0.E0,0.E0,-1.E0));
#10755=AXIS2_PLACEMENT_3D('',#10752,#10753,#10754);
#10756=CYLINDRICAL_SURFACE('10001',#10755,2.5E-1);
#10758=ORIENTED_EDGE('8021',*,*,#10757,.T.);
#10759=ORIENTED_EDGE('7949',*,*,#10743,.F.);
#10760=ORIENTED_EDGE('8022',*,*,#10715,.T.);
#10761=ORIENTED_EDGE('7994',*,*,#5275,.F.);
#10762=EDGE_LOOP('10001',(#10758,#10759,#10760,#10761));
#10763=FACE_OUTER_BOUND('10001',#10762,.F.);
#10764=ADVANCED_FACE('10001',(#10763),#10756,.T.);
#10765=CARTESIAN_POINT('',(-5.3E0,-1.75E-1,2.3E0));
#10766=DIRECTION('',(0.E0,0.E0,1.E0));
#10767=DIRECTION('',(0.E0,-1.E0,0.E0));
#10768=AXIS2_PLACEMENT_3D('',#10765,#10766,#10767);
#10769=PLANE('9999',#10768);
#10770=ORIENTED_EDGE('7950',*,*,#10745,.T.);
#10771=ORIENTED_EDGE('8021',*,*,#10757,.F.);
#10772=ORIENTED_EDGE('8019',*,*,#5273,.T.);
#10774=ORIENTED_EDGE('8023',*,*,#10773,.F.);
#10775=EDGE_LOOP('9999',(#10770,#10771,#10772,#10774));
#10776=FACE_OUTER_BOUND('9999',#10775,.F.);
#10777=ADVANCED_FACE('9999',(#10776),#10769,.T.);
#10778=CARTESIAN_POINT('',(-5.415547082069E0,-1.E-1,2.5E0));
#10779=DIRECTION('',(1.E0,0.E0,0.E0));
#10780=DIRECTION('',(0.E0,0.E0,-1.E0));
#10781=AXIS2_PLACEMENT_3D('',#10778,#10779,#10780);
#10782=CYLINDRICAL_SURFACE('10002',#10781,2.E-1);
#10783=ORIENTED_EDGE('7951',*,*,#10747,.F.);
#10784=ORIENTED_EDGE('8023',*,*,#10773,.T.);
#10785=ORIENTED_EDGE('7993',*,*,#5271,.F.);
#10786=ORIENTED_EDGE('8024',*,*,#10729,.F.);
#10787=EDGE_LOOP('10002',(#10783,#10784,#10785,#10786));
#10788=FACE_OUTER_BOUND('10002',#10787,.F.);
#10789=ADVANCED_FACE('10002',(#10788),#10782,.F.);
#10790=CLOSED_SHELL('',(#5177,#5192,#5206,#5220,#5233,#5279,#5330,#5349,#5364,
#5529,#5544,#5558,#5572,#5590,#5605,#5668,#5694,#5713,#5728,#5742,#5755,#5769,
#5782,#5795,#5806,#5819,#5851,#5870,#5906,#5919,#5932,#5945,#5958,#5971,#5984,
#5997,#6018,#6032,#6054,#6067,#6080,#6093,#6105,#6119,#6132,#6144,#6160,#6189,
#6205,#6223,#6241,#6256,#6270,#6349,#6382,#6417,#6432,#6448,#6474,#6489,#6503,
#6515,#6530,#6569,#6583,#6607,#6633,#6648,#6661,#6678,#6693,#6707,#6725,#6739,
#6753,#6884,#6900,#6914,#6929,#6944,#6960,#6974,#6988,#6998,#7011,#7024,#7037,
#7050,#7063,#7102,#7118,#7153,#7168,#7194,#7235,#7247,#7268,#7281,#7321,#7345,
#7358,#7373,#7387,#7400,#7413,#7427,#7441,#7455,#7476,#7493,#7511,#7526,#7541,
#7556,#7567,#7581,#7594,#7606,#7621,#7633,#7647,#7669,#7683,#7696,#7716,#7730,
#7744,#7762,#7777,#7790,#7803,#7819,#7832,#7844,#7856,#7870,#7883,#7897,#7911,
#7927,#7942,#7957,#7969,#7995,#8011,#8025,#8040,#8059,#8075,#8089,#8102,#8125,
#8139,#8151,#8163,#8177,#8190,#8213,#8231,#8245,#8262,#8275,#8288,#8300,#8337,
#8350,#8363,#8376,#8389,#8402,#8415,#8428,#8441,#8454,#8466,#8479,#8492,#8505,
#8518,#8531,#8544,#8557,#8576,#8589,#8602,#8614,#8626,#8638,#8652,#8668,#8682,
#8706,#8724,#8739,#8752,#8768,#8781,#8793,#8812,#8824,#8836,#8848,#8860,#8878,
#8893,#8906,#8922,#8936,#8950,#8967,#8981,#8994,#9006,#9018,#9036,#9051,#9064,
#9080,#9094,#9108,#9125,#9139,#9152,#9164,#9176,#9194,#9209,#9222,#9238,#9252,
#9266,#9283,#9297,#9310,#9322,#9334,#9352,#9367,#9380,#9396,#9410,#9424,#9441,
#9455,#9468,#9480,#9492,#9510,#9525,#9538,#9554,#9568,#9582,#9599,#9613,#9626,
#9638,#9650,#9668,#9683,#9696,#9712,#9726,#9740,#9757,#9771,#9784,#9796,#9808,
#9820,#9835,#9849,#9863,#9876,#9888,#9901,#9915,#9928,#9942,#9955,#9969,#9982,
#9993,#10007,#10021,#10122,#10136,#10149,#10162,#10175,#10188,#10201,#10214,
#10227,#10240,#10253,#10266,#10279,#10292,#10305,#10318,#10331,#10344,#10357,
#10370,#10383,#10396,#10409,#10422,#10435,#10448,#10461,#10474,#10487,#10500,
#10513,#10526,#10539,#10552,#10565,#10578,#10591,#10604,#10617,#10630,#10643,
#10656,#10669,#10682,#10694,#10706,#10721,#10735,#10751,#10764,#10777,#10789));
#10791=DIRECTION('',(0.E0,-1.E0,0.E0));
#10792=VECTOR('',#10791,4.7E-1);
#10793=CARTESIAN_POINT('',(5.15E0,-5.E-2,2.75E0));
#10794=LINE('8638',#10793,#10792);
#10795=DIRECTION('',(1.E0,0.E0,0.E0));
#10796=VECTOR('',#10795,1.5E-1);
#10797=CARTESIAN_POINT('',(5.E0,-5.E-2,2.75E0));
#10798=LINE('8641',#10797,#10796);
#10799=DIRECTION('',(0.E0,1.E0,0.E0));
#10800=VECTOR('',#10799,4.7E-1);
#10801=CARTESIAN_POINT('',(5.E0,-5.2E-1,2.75E0));
#10802=LINE('8640',#10801,#10800);
#10803=DIRECTION('',(-1.E0,0.E0,0.E0));
#10804=VECTOR('',#10803,1.5E-1);
#10805=CARTESIAN_POINT('',(5.15E0,-5.2E-1,2.75E0));
#10806=LINE('8639',#10805,#10804);
#10807=DIRECTION('',(0.E0,-1.E0,0.E0));
#10808=VECTOR('',#10807,4.7E-1);
#10809=CARTESIAN_POINT('',(5.15E0,-5.E-2,4.E0));
#10810=LINE('8631',#10809,#10808);
#10811=DIRECTION('',(0.E0,0.E0,1.E0));
#10812=VECTOR('',#10811,1.25E0);
#10813=CARTESIAN_POINT('',(5.15E0,-5.E-2,2.75E0));
#10814=LINE('8634',#10813,#10812);
#10815=DIRECTION('',(0.E0,1.E0,0.E0));
#10816=VECTOR('',#10815,4.7E-1);
#10817=CARTESIAN_POINT('',(5.E0,-5.2E-1,4.E0));
#10818=LINE('8630',#10817,#10816);
#10819=DIRECTION('',(-1.E0,0.E0,0.E0));
#10820=VECTOR('',#10819,1.5E-1);
#10821=CARTESIAN_POINT('',(5.15E0,-5.2E-1,4.E0));
#10822=LINE('8636',#10821,#10820);
#10823=DIRECTION('',(0.E0,0.E0,1.E0));
#10824=VECTOR('',#10823,1.25E0);
#10825=CARTESIAN_POINT('',(5.15E0,-5.2E-1,2.75E0));
#10826=LINE('8637',#10825,#10824);
#10827=DIRECTION('',(0.E0,0.E0,-1.E0));
#10828=VECTOR('',#10827,1.25E0);
#10829=CARTESIAN_POINT('',(5.E0,-5.2E-1,4.E0));
#10830=LINE('8632',#10829,#10828);
#10831=DIRECTION('',(1.E0,0.E0,0.E0));
#10832=VECTOR('',#10831,1.5E-1);
#10833=CARTESIAN_POINT('',(5.E0,-5.E-2,4.E0));
#10834=LINE('8633',#10833,#10832);
#10835=DIRECTION('',(0.E0,0.E0,1.E0));
#10836=VECTOR('',#10835,1.25E0);
#10837=CARTESIAN_POINT('',(5.E0,-5.E-2,2.75E0));
#10838=LINE('8635',#10837,#10836);
#10839=CARTESIAN_POINT('',(5.E0,-5.2E-1,4.E0));
#10840=CARTESIAN_POINT('',(5.E0,-5.E-2,4.E0));
#10841=VERTEX_POINT('',#10839);
#10842=VERTEX_POINT('',#10840);
#10843=CARTESIAN_POINT('',(5.15E0,-5.E-2,4.E0));
#10844=CARTESIAN_POINT('',(5.15E0,-5.2E-1,4.E0));
#10845=VERTEX_POINT('',#10843);
#10846=VERTEX_POINT('',#10844);
#10847=CARTESIAN_POINT('',(5.E0,-5.2E-1,2.75E0));
#10848=VERTEX_POINT('',#10847);
#10849=CARTESIAN_POINT('',(5.15E0,-5.E-2,2.75E0));
#10850=VERTEX_POINT('',#10849);
#10851=CARTESIAN_POINT('',(5.E0,-5.E-2,2.75E0));
#10852=VERTEX_POINT('',#10851);
#10853=CARTESIAN_POINT('',(5.15E0,-5.2E-1,2.75E0));
#10854=VERTEX_POINT('',#10853);
#10855=CARTESIAN_POINT('',(5.075E0,-2.85E-1,2.75E0));
#10856=DIRECTION('',(0.E0,0.E0,1.E0));
#10857=DIRECTION('',(1.E0,0.E0,0.E0));
#10858=AXIS2_PLACEMENT_3D('',#10855,#10856,#10857);
#10859=PLANE('10248',#10858);
#10861=ORIENTED_EDGE('8638',*,*,#10860,.F.);
#10863=ORIENTED_EDGE('8641',*,*,#10862,.F.);
#10865=ORIENTED_EDGE('8640',*,*,#10864,.F.);
#10867=ORIENTED_EDGE('8639',*,*,#10866,.F.);
#10868=EDGE_LOOP('10248',(#10861,#10863,#10865,#10867));
#10869=FACE_OUTER_BOUND('10248',#10868,.F.);
#10870=ADVANCED_FACE('10248',(#10869),#10859,.F.);
#10871=CARTESIAN_POINT('',(5.15E0,-2.85E-1,3.375E0));
#10872=DIRECTION('',(1.E0,0.E0,0.E0));
#10873=DIRECTION('',(0.E0,0.E0,1.E0));
#10874=AXIS2_PLACEMENT_3D('',#10871,#10872,#10873);
#10875=PLANE('10246',#10874);
#10877=ORIENTED_EDGE('8631',*,*,#10876,.F.);
#10879=ORIENTED_EDGE('8634',*,*,#10878,.F.);
#10880=ORIENTED_EDGE('8638',*,*,#10860,.T.);
#10882=ORIENTED_EDGE('8637',*,*,#10881,.T.);
#10883=EDGE_LOOP('10246',(#10877,#10879,#10880,#10882));
#10884=FACE_OUTER_BOUND('10246',#10883,.F.);
#10885=ADVANCED_FACE('10246',(#10884),#10875,.T.);
#10886=CARTESIAN_POINT('',(5.075E0,-2.85E-1,4.E0));
#10887=DIRECTION('',(0.E0,0.E0,1.E0));
#10888=DIRECTION('',(0.E0,1.E0,0.E0));
#10889=AXIS2_PLACEMENT_3D('',#10886,#10887,#10888);
#10890=PLANE('10243',#10889);
#10892=ORIENTED_EDGE('8630',*,*,#10891,.T.);
#10894=ORIENTED_EDGE('8633',*,*,#10893,.T.);
#10895=ORIENTED_EDGE('8631',*,*,#10876,.T.);
#10897=ORIENTED_EDGE('8636',*,*,#10896,.T.);
#10898=EDGE_LOOP('10243',(#10892,#10894,#10895,#10897));
#10899=FACE_OUTER_BOUND('10243',#10898,.F.);
#10900=ADVANCED_FACE('10243',(#10899),#10890,.T.);
#10901=CARTESIAN_POINT('',(5.E0,-2.85E-1,3.375E0));
#10902=DIRECTION('',(1.E0,0.E0,0.E0));
#10903=DIRECTION('',(0.E0,-1.E0,0.E0));
#10904=AXIS2_PLACEMENT_3D('',#10901,#10902,#10903);
#10905=PLANE('10244',#10904);
#10906=ORIENTED_EDGE('8630',*,*,#10891,.F.);
#10908=ORIENTED_EDGE('8632',*,*,#10907,.T.);
#10909=ORIENTED_EDGE('8640',*,*,#10864,.T.);
#10911=ORIENTED_EDGE('8635',*,*,#10910,.T.);
#10912=EDGE_LOOP('10244',(#10906,#10908,#10909,#10911));
#10913=FACE_OUTER_BOUND('10244',#10912,.F.);
#10914=ADVANCED_FACE('10244',(#10913),#10905,.F.);
#10915=CARTESIAN_POINT('',(5.075E0,-5.2E-1,3.375E0));
#10916=DIRECTION('',(0.E0,1.E0,0.E0));
#10917=DIRECTION('',(1.E0,0.E0,0.E0));
#10918=AXIS2_PLACEMENT_3D('',#10915,#10916,#10917);
#10919=PLANE('10247',#10918);
#10920=ORIENTED_EDGE('8636',*,*,#10896,.F.);
#10921=ORIENTED_EDGE('8637',*,*,#10881,.F.);
#10922=ORIENTED_EDGE('8639',*,*,#10866,.T.);
#10923=ORIENTED_EDGE('8632',*,*,#10907,.F.);
#10924=EDGE_LOOP('10247',(#10920,#10921,#10922,#10923));
#10925=FACE_OUTER_BOUND('10247',#10924,.F.);
#10926=ADVANCED_FACE('10247',(#10925),#10919,.F.);
#10927=CARTESIAN_POINT('',(5.075E0,-5.E-2,3.375E0));
#10928=DIRECTION('',(0.E0,1.E0,0.E0));
#10929=DIRECTION('',(-1.E0,0.E0,0.E0));
#10930=AXIS2_PLACEMENT_3D('',#10927,#10928,#10929);
#10931=PLANE('10245',#10930);
#10932=ORIENTED_EDGE('8633',*,*,#10893,.F.);
#10933=ORIENTED_EDGE('8635',*,*,#10910,.F.);
#10934=ORIENTED_EDGE('8641',*,*,#10862,.T.);
#10935=ORIENTED_EDGE('8634',*,*,#10878,.T.);
#10936=EDGE_LOOP('10245',(#10932,#10933,#10934,#10935));
#10937=FACE_OUTER_BOUND('10245',#10936,.F.);
#10938=ADVANCED_FACE('10245',(#10937),#10931,.T.);
#10939=CLOSED_SHELL('',(#10870,#10885,#10900,#10914,#10926,#10938));
#10940=ORIENTED_CLOSED_SHELL('',*,#10939,.F.);
#10941=BREP_WITH_VOIDS('',#10790,(#10940));
#10943=DIMENSIONAL_EXPONENTS(0.E0,0.E0,0.E0,0.E0,0.E0,0.E0,0.E0);
#10945=PLANE_ANGLE_MEASURE_WITH_UNIT(PLANE_ANGLE_MEASURE(1.745329251994E-2),
#10944);
#10946=(CONVERSION_BASED_UNIT('DEGREE',#10945)NAMED_UNIT(*)PLANE_ANGLE_UNIT());
#10948=UNCERTAINTY_MEASURE_WITH_UNIT(LENGTH_MEASURE(1.295266037413E-3),#10942,
'closure',
'Maximum model space distance between geometric entities at asserted connectivities');
#10949=(GEOMETRIC_REPRESENTATION_CONTEXT(3)GLOBAL_UNCERTAINTY_ASSIGNED_CONTEXT((
#10948))GLOBAL_UNIT_ASSIGNED_CONTEXT((#10942,#10946,#10947))REPRESENTATION_CONTEXT('ID1','3'));
#10951=APPLICATION_CONTEXT(
'CONFIGURATION CONTROLLED 3D DESIGNS OF MECHANICAL PARTS AND ASSEMBLIES');
#10952=APPLICATION_PROTOCOL_DEFINITION('international standard',
'config_control_design',1994,#10951);
#10953=DESIGN_CONTEXT('',#10951,'design');
#10954=MECHANICAL_CONTEXT('',#10951,'mechanical');
#10955=PRODUCT('10067099-200LF','10067099-200LF','NOT SPECIFIED',(#10954));
#10956=PRODUCT_DEFINITION_FORMATION_WITH_SPECIFIED_SOURCE('1','LAST_VERSION',
#10955,.MADE.);
#10960=PRODUCT_CATEGORY('part','');
#10961=PRODUCT_RELATED_PRODUCT_CATEGORY('detail','',(#10955));
#10962=PRODUCT_CATEGORY_RELATIONSHIP('','',#10960,#10961);
#10963=SECURITY_CLASSIFICATION_LEVEL('unclassified');
#10964=SECURITY_CLASSIFICATION('','',#10963);
#10965=CC_DESIGN_SECURITY_CLASSIFICATION(#10964,(#10956));
#10966=APPROVAL_STATUS('approved');
#10967=APPROVAL(#10966,'');
#10968=CC_DESIGN_APPROVAL(#10967,(#10964,#10956,#10957));
#10969=CALENDAR_DATE(119,13,9);
#10970=COORDINATED_UNIVERSAL_TIME_OFFSET(5,30,.AHEAD.);
#10971=LOCAL_TIME(13,52,1.E0,#10970);
#10972=DATE_AND_TIME(#10969,#10971);
#10973=APPROVAL_DATE_TIME(#10972,#10967);
#10974=DATE_TIME_ROLE('creation_date');
#10975=CC_DESIGN_DATE_AND_TIME_ASSIGNMENT(#10972,#10974,(#10957));
#10976=DATE_TIME_ROLE('classification_date');
#10977=CC_DESIGN_DATE_AND_TIME_ASSIGNMENT(#10972,#10976,(#10964));
#10978=PERSON('UNSPECIFIED','UNSPECIFIED',$,$,$,$);
#10979=ORGANIZATION('UNSPECIFIED','UNSPECIFIED','UNSPECIFIED');
#10980=PERSON_AND_ORGANIZATION(#10978,#10979);
#10981=APPROVAL_ROLE('approver');
#10982=APPROVAL_PERSON_ORGANIZATION(#10980,#10967,#10981);
#10983=PERSON_AND_ORGANIZATION_ROLE('creator');
#10984=CC_DESIGN_PERSON_AND_ORGANIZATION_ASSIGNMENT(#10980,#10983,(#10956,
#10957));
#10985=PERSON_AND_ORGANIZATION_ROLE('design_supplier');
#10986=CC_DESIGN_PERSON_AND_ORGANIZATION_ASSIGNMENT(#10980,#10985,(#10956));
#10987=PERSON_AND_ORGANIZATION_ROLE('classification_officer');
#10988=CC_DESIGN_PERSON_AND_ORGANIZATION_ASSIGNMENT(#10980,#10987,(#10964));
#10989=PERSON_AND_ORGANIZATION_ROLE('design_owner');
#10990=CC_DESIGN_PERSON_AND_ORGANIZATION_ASSIGNMENT(#10980,#10989,(#10955));
#5=CIRCLE('7953',#4,2.5E-1);
#10=CIRCLE('7955',#9,2.E-1);
#51=CIRCLE('7986',#50,1.E-1);
#68=CIRCLE('7987',#67,5.499999999999E-1);
#77=CIRCLE('7989',#76,2.5E-1);
#82=CIRCLE('7990',#81,2.E-1);
#91=CIRCLE('7992',#90,5.500000000003E-1);
#96=CIRCLE('7993',#95,2.E-1);
#101=CIRCLE('7994',#100,2.5E-1);
#106=CIRCLE('7965',#105,4.E-1);
#139=CIRCLE('7969',#138,2.E-1);
#148=CIRCLE('7971',#147,3.000053579986E-1);
#153=CIRCLE('7972',#152,2.E-1);
#162=CIRCLE('7975',#161,2.E-1);
#167=CIRCLE('7736',#166,2.E-1);
#172=CIRCLE('7740',#171,2.E-1);
#177=CIRCLE('7742',#176,2.E-1);
#258=CIRCLE('7769',#257,2.E-1);
#275=CIRCLE('7775',#274,4.E-1);
#288=CIRCLE('8078',#287,2.E-1);
#293=CIRCLE('7785',#292,5.499999999999E-1);
#298=CIRCLE('7787',#297,1.5E-1);
#307=CIRCLE('7788',#306,1.5E-1);
#312=CIRCLE('7778',#311,2.5E-1);
#317=CIRCLE('7779',#316,2.E-1);
#322=CIRCLE('7780',#321,5.500000000003E-1);
#331=CIRCLE('7782',#330,2.5E-1);
#336=CIRCLE('7783',#335,2.E-1);
#341=CIRCLE('7814',#340,2.E-1);
#430=CIRCLE('7802',#429,1.5E-1);
#459=CIRCLE('8129',#458,1.E-1);
#472=CIRCLE('8140',#471,1.E-1);
#569=CIRCLE('8159',#568,1.5E-1);
#574=CIRCLE('8163',#573,3.E-1);
#595=CIRCLE('8166',#594,3.E-1);
#600=CIRCLE('8168',#599,1.5E-1);
#693=CIRCLE('7690',#692,3.E-1);
#702=CIRCLE('7683',#701,4.999999999991E-2);
#707=CIRCLE('7684',#706,5.E-2);
#716=CIRCLE('7686',#715,2.E-1);
#725=CIRCLE('8602',#724,1.5E-1);
#730=CIRCLE('8604',#729,3.E-1);
#739=B_SPLINE_CURVE_WITH_KNOTS('7730',3,(#735,#736,#737,#738),.UNSPECIFIED.,.F.,
.F.,(4,4),(0.E0,1.E0),.UNSPECIFIED.);
#768=CIRCLE('7707',#767,2.E-1);
#777=CIRCLE('7709',#776,5.E-2);
#782=CIRCLE('7710',#781,4.999999999991E-2);
#791=CIRCLE('7835',#790,3.500000000004E-1);
#800=CIRCLE('7836',#799,3.5E-1);
#805=CIRCLE('7837',#804,3.5E-1);
#810=CIRCLE('7839',#809,2.E-1);
#815=CIRCLE('7840',#814,5.E-1);
#824=CIRCLE('7842',#823,2.000000000004E-1);
#861=CIRCLE('7799',#860,2.5E-1);
#870=CIRCLE('7801',#869,2.E-1);
#903=CIRCLE('7823',#902,5.500000000003E-1);
#908=CIRCLE('7824',#907,2.E-1);
#1089=CIRCLE('8073',#1088,2.E-1);
#1102=CIRCLE('8082',#1101,2.E-1);
#1115=CIRCLE('8085',#1114,4.E-1);
#1120=CIRCLE('8086',#1119,2.E-1);
#1129=CIRCLE('8088',#1128,2.E-1);
#1150=CIRCLE('7803',#1149,1.5E-1);
#1221=B_SPLINE_CURVE_WITH_KNOTS('7869',3,(#1215,#1216,#1217,#1218,#1219,#1220),
.UNSPECIFIED.,.F.,.F.,(4,1,1,4),(0.E0,3.333333333333E-1,6.666666666667E-1,1.E0),
.UNSPECIFIED.);
#1230=CIRCLE('7871',#1229,1.25E-1);
#1235=CIRCLE('7873',#1234,1.25E-1);
#1248=CIRCLE('7876',#1247,1.25E-1);
#1253=CIRCLE('7878',#1252,1.249999999990E-1);
#1266=CIRCLE('7883',#1265,4.E-1);
#1271=CIRCLE('7884',#1270,2.E-1);
#1286=B_SPLINE_CURVE_WITH_KNOTS('7885',3,(#1280,#1281,#1282,#1283,#1284,#1285),
.UNSPECIFIED.,.F.,.F.,(4,1,1,4),(0.E0,3.333333333333E-1,6.666666666667E-1,1.E0),
.UNSPECIFIED.);
#1304=B_SPLINE_CURVE_WITH_KNOTS('7892',3,(#1295,#1296,#1297,#1298,#1299,#1300,
#1301,#1302,#1303),.UNSPECIFIED.,.F.,.F.,(4,1,1,1,1,1,4),(0.E0,
1.666666666667E-1,3.333333333333E-1,5.E-1,6.666666666667E-1,8.333333333333E-1,
1.E0),.UNSPECIFIED.);
#1314=B_SPLINE_CURVE_WITH_KNOTS('7894',3,(#1305,#1306,#1307,#1308,#1309,#1310,
#1311,#1312,#1313),.UNSPECIFIED.,.F.,.F.,(4,1,1,1,1,1,4),(0.E0,
1.666666666667E-1,3.333333333333E-1,5.E-1,6.666666666667E-1,8.333333333333E-1,
1.E0),.UNSPECIFIED.);
#1324=B_SPLINE_CURVE_WITH_KNOTS('7888',3,(#1315,#1316,#1317,#1318,#1319,#1320,
#1321,#1322,#1323),.UNSPECIFIED.,.F.,.F.,(4,1,1,1,1,1,4),(0.E0,
1.666666666667E-1,3.333333333333E-1,5.E-1,6.666666666667E-1,8.333333333333E-1,
1.E0),.UNSPECIFIED.);
#1329=CIRCLE('7906',#1328,4.E-1);
#1350=CIRCLE('7909',#1349,2.E-1);
#1371=CIRCLE('7914',#1370,2.E-1);
#1396=CIRCLE('7920',#1395,2.E-1);
#1433=CIRCLE('7926',#1432,3.E-1);
#1450=CIRCLE('7927',#1449,5.E-1);
#1483=CIRCLE('7942',#1482,2.E-1);
#1488=CIRCLE('7957',#1487,1.E-1);
#1525=CIRCLE('7940',#1524,2.E-1);
#1530=CIRCLE('7978',#1529,4.E-1);
#1575=CIRCLE('8046',#1574,9.999953408182E-2);
#1780=CIRCLE('7947',#1779,5.499999999999E-1);
#1791=B_SPLINE_CURVE_WITH_KNOTS('7958',3,(#1785,#1786,#1787,#1788,#1789,#1790),
.UNSPECIFIED.,.F.,.F.,(4,1,1,4),(0.E0,3.333333333333E-1,6.666666666667E-1,1.E0),
.UNSPECIFIED.);
#1808=CIRCLE('8000',#1807,5.E-1);
#1817=CIRCLE('8002',#1816,4.000126450946E-1);
#1822=CIRCLE('8004',#1821,4.000126450946E-1);
#1839=CIRCLE('8007',#1838,5.E-1);
#1848=B_SPLINE_CURVE_WITH_KNOTS('8010',3,(#1844,#1845,#1846,#1847),
.UNSPECIFIED.,.F.,.F.,(4,4),(0.E0,1.E0),.UNSPECIFIED.);
#1865=CIRCLE('7826',#1864,5.499999999999E-1);
#1884=B_SPLINE_CURVE_WITH_KNOTS('7863',3,(#1878,#1879,#1880,#1881,#1882,#1883),
.UNSPECIFIED.,.F.,.F.,(4,1,1,4),(0.E0,3.333333333333E-1,6.666666666667E-1,1.E0),
.UNSPECIFIED.);
#1889=CIRCLE('7864',#1888,5.E-1);
#1894=CIRCLE('7866',#1893,3.E-1);
#1923=CIRCLE('7895',#1922,1.25E-1);
#1936=CIRCLE('7898',#1935,1.249999999990E-1);
#1941=CIRCLE('7900',#1940,1.25E-1);
#1954=CIRCLE('7904',#1953,1.25E-1);
#1975=CIRCLE('7860',#1974,2.999999999934E-1);
#1988=CIRCLE('7932',#1987,3.E-1);
#2037=CIRCLE('8195',#2036,1.E-1);
#2042=CIRCLE('8196',#2041,1.E-1);
#2059=CIRCLE('8189',#2058,1.E-1);
#2064=CIRCLE('8191',#2063,1.E-1);
#2101=CIRCLE('7692',#2100,2.000000000004E-1);
#2110=CIRCLE('7694',#2109,5.E-1);
#2115=CIRCLE('7695',#2114,2.E-1);
#2120=CIRCLE('7698',#2119,3.5E-1);
#2125=CIRCLE('7699',#2124,3.5E-1);
#2134=CIRCLE('7701',#2133,3.500000000004E-1);
#2263=CIRCLE('8605',#2262,1.5E-1);
#2276=CIRCLE('8608',#2275,3.E-1);
#2461=CIRCLE('8233',#2460,9.999953455433E-2);
#3286=CIRCLE('7795',#3285,2.5E-1);
#3295=CIRCLE('7797',#3294,2.E-1);
#3336=B_SPLINE_CURVE_WITH_KNOTS('8031',3,(#3328,#3329,#3330,#3331,#3332,#3333,
#3334,#3335),.UNSPECIFIED.,.F.,.F.,(4,1,1,1,1,4),(0.E0,2.E-1,4.E-1,6.E-1,8.E-1,
1.E0),.UNSPECIFIED.);
#3349=CIRCLE('7943',#3348,2.000000000003E-1);
#3372=B_SPLINE_CURVE_WITH_KNOTS('8034',3,(#3366,#3367,#3368,#3369,#3370,#3371),
.UNSPECIFIED.,.F.,.F.,(4,1,1,4),(0.E0,3.333333333333E-1,6.666666666667E-1,1.E0),
.UNSPECIFIED.);
#3913=CIRCLE('7948',#3912,5.500000000003E-1);
#3918=CIRCLE('7949',#3917,2.5E-1);
#3923=CIRCLE('7951',#3922,2.E-1);
#5167=EDGE_CURVE('7952',#4481,#4482,#14,.T.);
#5169=EDGE_CURVE('7953',#4481,#4484,#5,.T.);
#5171=EDGE_CURVE('7954',#4486,#4484,#30,.T.);
#5173=EDGE_CURVE('7955',#4486,#4482,#10,.T.);
#5184=EDGE_CURVE('8026',#4538,#4482,#26,.T.);
#5186=EDGE_CURVE('8020',#4538,#4535,#18,.T.);
#5188=EDGE_CURVE('8017',#4535,#4481,#22,.T.);
#5199=EDGE_CURVE('8025',#4539,#4486,#42,.T.);
#5201=EDGE_CURVE('7990',#4538,#4539,#82,.T.);
#5213=EDGE_CURVE('8018',#4484,#4534,#34,.T.);
#5215=EDGE_CURVE('8027',#4534,#4539,#38,.T.);
#5227=EDGE_CURVE('7989',#4534,#4535,#77,.T.);
#5239=EDGE_CURVE('7966',#4497,#4503,#46,.T.);
#5241=EDGE_CURVE('7995',#4525,#4503,#1542,.T.);
#5243=EDGE_CURVE('7986',#4525,#4527,#51,.T.);
#5245=EDGE_CURVE('7982',#4527,#4531,#55,.T.);
#5247=EDGE_CURVE('7983',#4531,#4440,#59,.T.);
#5249=EDGE_CURVE('7928',#4440,#4438,#63,.T.);
#5251=EDGE_CURVE('7998',#4551,#4438,#2340,.T.);
#5253=EDGE_CURVE('8006',#4491,#4551,#1834,.T.);
#5255=EDGE_CURVE('7987',#4491,#4493,#68,.T.);
#5257=EDGE_CURVE('7988',#4493,#4497,#72,.T.);
#5267=EDGE_CURVE('7991',#4541,#4499,#86,.T.);
#5269=EDGE_CURVE('7992',#4499,#4543,#91,.T.);
#5271=EDGE_CURVE('7993',#4543,#4545,#96,.T.);
#5273=EDGE_CURVE('8019',#4547,#4545,#3939,.T.);
#5275=EDGE_CURVE('7994',#4547,#4541,#101,.T.);
#5285=EDGE_CURVE('7974',#4502,#4521,#157,.T.);
#5287=EDGE_CURVE('7965',#4502,#4503,#106,.T.);
#5290=EDGE_CURVE('7962',#4497,#4495,#110,.T.);
#5292=EDGE_CURVE('7967',#4495,#4505,#114,.T.);
#5294=EDGE_CURVE('7968',#4505,#4507,#118,.T.);
#5296=EDGE_CURVE('8044',#4569,#4507,#1763,.T.);
#5298=EDGE_CURVE('8445',#4076,#4569,#1751,.T.);
#5300=EDGE_CURVE('7728',#4076,#4077,#122,.T.);
#5302=EDGE_CURVE('7731',#4077,#4081,#126,.T.);
#5304=EDGE_CURVE('7761',#4081,#4179,#130,.T.);
#5306=EDGE_CURVE('8448',#5017,#4179,#3892,.T.);
#5308=EDGE_CURVE('8478',#5085,#5017,#3488,.T.);
#5310=EDGE_CURVE('8572',#4112,#5085,#3400,.T.);
#5312=EDGE_CURVE('7744',#4112,#4113,#134,.T.);
#5314=EDGE_CURVE('7969',#4113,#4464,#139,.T.);
#5316=EDGE_CURVE('7970',#4464,#4509,#143,.T.);
#5318=EDGE_CURVE('8037',#4565,#4509,#3384,.T.);
#5320=EDGE_CURVE('8035',#4512,#4565,#3376,.T.);
#5322=EDGE_CURVE('7971',#4512,#4513,#148,.T.);
#5324=EDGE_CURVE('8032',#4563,#4513,#3344,.T.);
#5326=EDGE_CURVE('8030',#4521,#4563,#3327,.T.);
#5336=EDGE_CURVE('7972',#4516,#4517,#153,.T.);
#5338=EDGE_CURVE('7973',#4519,#4517,#1534,.T.);
#5340=EDGE_CURVE('7996',#4502,#4519,#1546,.T.);
#5343=EDGE_CURVE('7975',#4521,#4523,#162,.T.);
#5345=EDGE_CURVE('8028',#4516,#4523,#3319,.T.);
#5355=EDGE_CURVE('7740',#4100,#4103,#172,.T.);
#5357=EDGE_CURVE('7976',#4517,#4100,#1538,.T.);
#5360=EDGE_CURVE('7977',#4103,#4516,#3315,.T.);
#5370=EDGE_CURVE('7736',#4090,#4091,#167,.T.);
#5372=EDGE_CURVE('7737',#4093,#4091,#1106,.T.);
#5374=EDGE_CURVE('8081',#4097,#4093,#1093,.T.);
#5376=EDGE_CURVE('7738',#4096,#4097,#1076,.T.);
#5378=EDGE_CURVE('8071',#4583,#4096,#1072,.T.);
#5380=EDGE_CURVE('8054',#4577,#4583,#1028,.T.);
#5382=EDGE_CURVE('8050',#4575,#4577,#1583,.T.);
#5384=EDGE_CURVE('8048',#4456,#4575,#1558,.T.);
#5386=EDGE_CURVE('7941',#4101,#4456,#1478,.T.);
#5388=EDGE_CURVE('7739',#4100,#4101,#1520,.T.);
#5391=EDGE_CURVE('7741',#4105,#4103,#3311,.T.);
#5393=EDGE_CURVE('7742',#4105,#4107,#177,.T.);
#5395=EDGE_CURVE('7743',#4109,#4107,#3340,.T.);
#5397=EDGE_CURVE('7945',#4113,#4109,#3357,.T.);
#5400=EDGE_CURVE('8571',#4116,#4112,#3396,.T.);
#5402=EDGE_CURVE('7745',#4116,#4117,#181,.T.);
#5404=EDGE_CURVE('8569',#5135,#4117,#3888,.T.);
#5406=EDGE_CURVE('8564',#4120,#5135,#3872,.T.);
#5408=EDGE_CURVE('7746',#4120,#4121,#185,.T.);
#5410=EDGE_CURVE('8560',#4124,#4121,#3856,.T.);
#5412=EDGE_CURVE('7747',#4124,#4125,#189,.T.);
#5414=EDGE_CURVE('8557',#5133,#4125,#3844,.T.);
#5416=EDGE_CURVE('8554',#5127,#5133,#3832,.T.);
#5418=EDGE_CURVE('8550',#4128,#5127,#3816,.T.);
#5420=EDGE_CURVE('7748',#4128,#4129,#193,.T.);
#5422=EDGE_CURVE('8546',#4132,#4129,#3800,.T.);
#5424=EDGE_CURVE('7749',#4132,#4133,#197,.T.);
#5426=EDGE_CURVE('8543',#5125,#4133,#3788,.T.);
#5428=EDGE_CURVE('8540',#5119,#5125,#3776,.T.);
#5430=EDGE_CURVE('8536',#4136,#5119,#3760,.T.);
#5432=EDGE_CURVE('7750',#4136,#4137,#201,.T.);
#5434=EDGE_CURVE('8532',#4140,#4137,#3744,.T.);
#5436=EDGE_CURVE('7751',#4140,#4141,#205,.T.);
#5438=EDGE_CURVE('8529',#5117,#4141,#3732,.T.);
#5440=EDGE_CURVE('8526',#5111,#5117,#3720,.T.);
#5442=EDGE_CURVE('8522',#4144,#5111,#3704,.T.);
#5444=EDGE_CURVE('7752',#4144,#4145,#209,.T.);
#5446=EDGE_CURVE('8518',#4148,#4145,#3688,.T.);
#5448=EDGE_CURVE('7753',#4148,#4149,#213,.T.);
#5450=EDGE_CURVE('8515',#5109,#4149,#3676,.T.);
#5452=EDGE_CURVE('8512',#5103,#5109,#3664,.T.);
#5454=EDGE_CURVE('8508',#4152,#5103,#3648,.T.);
#5456=EDGE_CURVE('7754',#4152,#4153,#217,.T.);
#5458=EDGE_CURVE('8504',#4156,#4153,#3632,.T.);
#5460=EDGE_CURVE('7755',#4156,#4157,#221,.T.);
#5462=EDGE_CURVE('8501',#5101,#4157,#3620,.T.);
#5464=EDGE_CURVE('8498',#5095,#5101,#3608,.T.);
#5466=EDGE_CURVE('8494',#4160,#5095,#3592,.T.);
#5468=EDGE_CURVE('7756',#4160,#4161,#225,.T.);
#5470=EDGE_CURVE('8490',#4164,#4161,#3576,.T.);
#5472=EDGE_CURVE('7757',#4164,#4165,#229,.T.);
#5474=EDGE_CURVE('8487',#5093,#4165,#3564,.T.);
#5476=EDGE_CURVE('8484',#5087,#5093,#3552,.T.);
#5478=EDGE_CURVE('8480',#4168,#5087,#3536,.T.);
#5480=EDGE_CURVE('7758',#4168,#4169,#233,.T.);
#5482=EDGE_CURVE('8458',#4172,#4169,#3524,.T.);
#5484=EDGE_CURVE('7759',#4172,#4173,#237,.T.);
#5486=EDGE_CURVE('8455',#5021,#4173,#3512,.T.);
#5488=EDGE_CURVE('8451',#4176,#5021,#3504,.T.);
#5490=EDGE_CURVE('7760',#4176,#4177,#241,.T.);
#5492=EDGE_CURVE('8449',#4179,#4177,#3896,.T.);
#5495=EDGE_CURVE('7762',#4081,#4078,#245,.T.);
#5497=EDGE_CURVE('7763',#4078,#4181,#249,.T.);
#5499=EDGE_CURVE('7764',#3969,#4181,#734,.T.);
#5501=EDGE_CURVE('7689',#3969,#3966,#253,.T.);
#5503=EDGE_CURVE('8149',#4723,#3966,#476,.T.);
#5505=EDGE_CURVE('8176',#4689,#4723,#668,.T.);
#5507=EDGE_CURVE('8131',#4185,#4689,#656,.T.);
#5509=EDGE_CURVE('7765',#4184,#4185,#604,.T.);
#5511=EDGE_CURVE('7766',#4187,#4184,#590,.T.);
#5513=EDGE_CURVE('7767',#4189,#4187,#586,.T.);
#5515=EDGE_CURVE('8121',#4279,#4189,#454,.T.);
#5517=EDGE_CURVE('7815',#4277,#4279,#345,.T.);
#5519=EDGE_CURVE('8079',#4193,#4277,#442,.T.);
#5521=EDGE_CURVE('7768',#4192,#4193,#283,.T.);
#5523=EDGE_CURVE('7769',#4192,#4195,#258,.T.);
#5525=EDGE_CURVE('7770',#4090,#4195,#262,.T.);
#5536=EDGE_CURVE('7771',#4197,#4090,#266,.T.);
#5538=EDGE_CURVE('8086',#4199,#4197,#1120,.T.);
#5540=EDGE_CURVE('7772',#4091,#4199,#1110,.T.);
#5551=EDGE_CURVE('7774',#4203,#4195,#270,.T.);
#5553=EDGE_CURVE('8087',#4197,#4203,#1124,.T.);
#5565=EDGE_CURVE('7773',#4201,#4192,#279,.T.);
#5567=EDGE_CURVE('8088',#4203,#4201,#1129,.T.);
#5578=EDGE_CURVE('7775',#4206,#4207,#275,.T.);
#5580=EDGE_CURVE('8089',#4201,#4207,#1133,.T.);
#5584=EDGE_CURVE('8078',#4193,#4263,#288,.T.);
#5586=EDGE_CURVE('8601',#4206,#4263,#425,.T.);
#5597=EDGE_CURVE('7776',#4209,#4206,#302,.T.);
#5599=EDGE_CURVE('8085',#4211,#4209,#1115,.T.);
#5601=EDGE_CURVE('7777',#4207,#4211,#1137,.T.);
#5611=EDGE_CURVE('7784',#4230,#4231,#353,.T.);
#5613=EDGE_CURVE('8016',#4234,#4230,#2332,.T.);
#5615=EDGE_CURVE('7785',#4234,#4235,#293,.T.);
#5617=EDGE_CURVE('7786',#4237,#4235,#1812,.T.);
#5619=EDGE_CURVE('7870',#4363,#4237,#1225,.T.);
#5621=EDGE_CURVE('8102',#4651,#4363,#1202,.T.);
#5623=EDGE_CURVE('8101',#4649,#4651,#1190,.T.);
#5625=EDGE_CURVE('8100',#4647,#4649,#1186,.T.);
#5627=EDGE_CURVE('8096',#4643,#4647,#1174,.T.);
#5629=EDGE_CURVE('8093',#4239,#4643,#1162,.T.);
#5631=EDGE_CURVE('7787',#4239,#4209,#298,.T.);
#5634=EDGE_CURVE('7788',#4206,#4241,#307,.T.);
#5636=EDGE_CURVE('8599',#5145,#4241,#417,.T.);
#5638=EDGE_CURVE('8595',#4245,#5145,#401,.T.);
#5640=EDGE_CURVE('7789',#4244,#4245,#385,.T.);
#5642=EDGE_CURVE('7805',#4231,#4244,#369,.T.);
#5646=EDGE_CURVE('7778',#4214,#4215,#312,.T.);
#5648=EDGE_CURVE('7792',#4218,#4215,#878,.T.);
#5650=EDGE_CURVE('7779',#4218,#4219,#317,.T.);
#5652=EDGE_CURVE('7780',#4219,#4059,#322,.T.);
#5654=EDGE_CURVE('7781',#4059,#4214,#326,.T.);
#5658=EDGE_CURVE('7782',#4222,#4223,#331,.T.);
#5660=EDGE_CURVE('7804',#4226,#4223,#3281,.T.);
#5662=EDGE_CURVE('7783',#4226,#4227,#336,.T.);
#5664=EDGE_CURVE('7793',#4222,#4227,#3299,.T.);
#5674=EDGE_CURVE('7813',#4275,#4273,#361,.T.);
#5676=EDGE_CURVE('7814',#4275,#4277,#341,.T.);
#5679=EDGE_CURVE('8120',#4283,#4279,#450,.T.);
#5681=EDGE_CURVE('7816',#4282,#4283,#2000,.T.);
#5683=EDGE_CURVE('7817',#4282,#4285,#349,.T.);
#5685=EDGE_CURVE('7818',#4287,#4285,#1860,.T.);
#5687=EDGE_CURVE('7819',#4230,#4287,#2320,.T.);
#5690=EDGE_CURVE('7820',#4231,#4273,#357,.T.);
#5701=EDGE_CURVE('7808',#4273,#4271,#365,.T.);
#5703=EDGE_CURVE('8591',#5141,#4271,#393,.T.);
#5705=EDGE_CURVE('8596',#5147,#5141,#405,.T.);
#5707=EDGE_CURVE('8597',#4262,#5147,#409,.T.);
#5709=EDGE_CURVE('8076',#4275,#4262,#434,.T.);
#5721=EDGE_CURVE('7806',#4269,#4244,#381,.T.);
#5723=EDGE_CURVE('7807',#4269,#4271,#373,.T.);
#5734=EDGE_CURVE('8592',#5143,#4269,#377,.T.);
#5738=EDGE_CURVE('8594',#4245,#5143,#389,.T.);
#5748=EDGE_CURVE('8593',#5141,#5143,#397,.T.);
#5764=EDGE_CURVE('8598',#5147,#5145,#413,.T.);
#5778=EDGE_CURVE('8600',#4262,#4241,#421,.T.);
#5788=EDGE_CURVE('7802',#4262,#4263,#430,.T.);
#5802=EDGE_CURVE('8077',#4262,#4263,#438,.T.);
#5825=EDGE_CURVE('8117',#4343,#4671,#463,.T.);
#5827=EDGE_CURVE('8118',#4343,#4339,#446,.T.);
#5829=EDGE_CURVE('8119',#4283,#4339,#2004,.T.);
#5833=EDGE_CURVE('8122',#4673,#4189,#582,.T.);
#5835=EDGE_CURVE('8123',#4675,#4673,#564,.T.);
#5837=EDGE_CURVE('8124',#4677,#4675,#552,.T.);
#5839=EDGE_CURVE('8125',#4679,#4677,#540,.T.);
#5841=EDGE_CURVE('8126',#4681,#4679,#528,.T.);
#5843=EDGE_CURVE('8127',#4683,#4681,#516,.T.);
#5845=EDGE_CURVE('8128',#4685,#4683,#504,.T.);
#5847=EDGE_CURVE('8129',#4685,#4671,#459,.T.);
#5857=EDGE_CURVE('8139',#4347,#4703,#467,.T.);
#5859=EDGE_CURVE('8192',#4759,#4347,#2068,.T.);
#5861=EDGE_CURVE('8197',#4701,#4759,#2050,.T.);
#5863=EDGE_CURVE('8138',#4343,#4701,#2032,.T.);
#5866=EDGE_CURVE('8152',#4703,#4671,#492,.T.);
#5877=EDGE_CURVE('8140',#4703,#4705,#472,.T.);
#5879=EDGE_CURVE('8141',#4707,#4705,#496,.T.);
#5881=EDGE_CURVE('8142',#4709,#4707,#508,.T.);
#5883=EDGE_CURVE('8143',#4711,#4709,#520,.T.);
#5885=EDGE_CURVE('8144',#4713,#4711,#532,.T.);
#5887=EDGE_CURVE('8145',#4715,#4713,#544,.T.);
#5889=EDGE_CURVE('8146',#4717,#4715,#556,.T.);
#5891=EDGE_CURVE('8147',#4719,#4717,#612,.T.);
#5893=EDGE_CURVE('8148',#4721,#4719,#676,.T.);
#5895=EDGE_CURVE('8177',#4723,#4721,#672,.T.);
#5898=EDGE_CURVE('7688',#3966,#3967,#480,.T.);
#5900=EDGE_CURVE('7703',#3967,#3998,#484,.T.);
#5902=EDGE_CURVE('7854',#3998,#4347,#488,.T.);
#5915=EDGE_CURVE('8153',#4705,#4685,#500,.T.);
#5928=EDGE_CURVE('8154',#4707,#4683,#512,.T.);
#5941=EDGE_CURVE('8155',#4709,#4681,#524,.T.);
#5954=EDGE_CURVE('8156',#4711,#4679,#536,.T.);
#5967=EDGE_CURVE('8157',#4713,#4677,#548,.T.);
#5980=EDGE_CURVE('8158',#4715,#4675,#560,.T.);
#5993=EDGE_CURVE('8164',#4717,#4673,#578,.T.);
#6003=EDGE_CURVE('8159',#4187,#4729,#569,.T.);
#6005=EDGE_CURVE('8160',#4731,#4729,#648,.T.);
#6007=EDGE_CURVE('8161',#4733,#4731,#636,.T.);
#6009=EDGE_CURVE('8162',#4735,#4733,#624,.T.);
#6011=EDGE_CURVE('8163',#4735,#4717,#574,.T.);
#6025=EDGE_CURVE('8168',#4737,#4184,#600,.T.);
#6027=EDGE_CURVE('8165',#4729,#4737,#652,.T.);
#6038=EDGE_CURVE('8166',#4719,#4739,#595,.T.);
#6040=EDGE_CURVE('8167',#4741,#4739,#616,.T.);
#6042=EDGE_CURVE('8171',#4743,#4741,#628,.T.);
#6044=EDGE_CURVE('8173',#4737,#4743,#640,.T.);
#6048=EDGE_CURVE('8130',#4185,#4687,#608,.T.);
#6050=EDGE_CURVE('8174',#4719,#4687,#680,.T.);
#6062=EDGE_CURVE('8169',#4739,#4735,#620,.T.);
#6076=EDGE_CURVE('8172',#4741,#4733,#632,.T.);
#6086=EDGE_CURVE('8170',#4743,#4731,#644,.T.);
#6113=EDGE_CURVE('8132',#4691,#4689,#664,.T.);
#6115=EDGE_CURVE('8133',#4687,#4691,#684,.T.);
#6125=EDGE_CURVE('8175',#4721,#4691,#660,.T.);
#6150=EDGE_CURVE('7687',#3962,#3963,#688,.T.);
#6152=EDGE_CURVE('7704',#3967,#3963,#2138,.T.);
#6156=EDGE_CURVE('7690',#3969,#3962,#693,.T.);
#6167=EDGE_CURVE('8623',#5153,#3962,#720,.T.);
#6169=EDGE_CURVE('8607',#3946,#5153,#2271,.T.);
#6171=EDGE_CURVE('7682',#3946,#3947,#697,.T.);
#6173=EDGE_CURVE('7683',#3947,#3949,#702,.T.);
#6175=EDGE_CURVE('8614',#3952,#3949,#2250,.T.);
#6177=EDGE_CURVE('7684',#3952,#3953,#707,.T.);
#6179=EDGE_CURVE('7685',#3953,#3955,#711,.T.);
#6181=EDGE_CURVE('8619',#3958,#3955,#2230,.T.);
#6183=EDGE_CURVE('7686',#3958,#3959,#716,.T.);
#6185=EDGE_CURVE('7705',#3963,#3959,#2142,.T.);
#6196=EDGE_CURVE('8604',#5151,#3969,#730,.T.);
#6198=EDGE_CURVE('8622',#5155,#5151,#2288,.T.);
#6200=EDGE_CURVE('8608',#5153,#5155,#2276,.T.);
#6211=EDGE_CURVE('8602',#4181,#4086,#725,.T.);
#6213=EDGE_CURVE('8603',#5149,#4086,#2312,.T.);
#6215=EDGE_CURVE('8629',#5161,#5149,#2308,.T.);
#6217=EDGE_CURVE('8625',#5151,#5161,#2292,.T.);
#6230=EDGE_CURVE('7730',#4078,#4079,#739,.T.);
#6232=EDGE_CURVE('7734',#4079,#4083,#743,.T.);
#6234=EDGE_CURVE('8605',#4087,#4083,#2263,.T.);
#6236=EDGE_CURVE('7735',#4086,#4087,#2316,.T.);
#6250=EDGE_CURVE('7732',#4077,#4003,#747,.T.);
#6252=EDGE_CURVE('7733',#4003,#4079,#751,.T.);
#6262=EDGE_CURVE('7727',#4073,#4003,#755,.T.);
#6266=EDGE_CURVE('7729',#4073,#4076,#1747,.T.);
#6276=EDGE_CURVE('7706',#4002,#4003,#759,.T.);
#6279=EDGE_CURVE('8444',#4021,#4073,#1739,.T.);
#6281=EDGE_CURVE('7712',#4020,#4021,#1562,.T.);
#6283=EDGE_CURVE('8422',#4025,#4020,#1619,.T.);
#6285=EDGE_CURVE('7713',#4024,#4025,#1703,.T.);
#6287=EDGE_CURVE('8416',#4617,#4024,#1695,.T.);
#6289=EDGE_CURVE('8064',#4616,#4617,#1056,.T.);
#6291=EDGE_CURVE('8393',#4029,#4616,#3185,.T.);
#6293=EDGE_CURVE('7714',#4028,#4029,#3161,.T.);
#6295=EDGE_CURVE('8386',#4613,#4028,#3153,.T.);
#6297=EDGE_CURVE('8063',#4612,#4613,#1052,.T.);
#6299=EDGE_CURVE('8364',#4033,#4612,#3065,.T.);
#6301=EDGE_CURVE('7715',#4032,#4033,#3041,.T.);
#6303=EDGE_CURVE('8357',#4609,#4032,#3033,.T.);
#6305=EDGE_CURVE('8062',#4608,#4609,#1048,.T.);
#6307=EDGE_CURVE('8335',#4037,#4608,#2945,.T.);
#6309=EDGE_CURVE('7716',#4036,#4037,#2921,.T.);
#6311=EDGE_CURVE('8328',#4605,#4036,#2913,.T.);
#6313=EDGE_CURVE('8061',#4604,#4605,#1044,.T.);
#6315=EDGE_CURVE('8306',#4041,#4604,#2825,.T.);
#6317=EDGE_CURVE('7717',#4040,#4041,#2801,.T.);
#6319=EDGE_CURVE('8299',#4601,#4040,#2793,.T.);
#6321=EDGE_CURVE('8060',#4600,#4601,#1040,.T.);
#6323=EDGE_CURVE('8277',#4045,#4600,#2705,.T.);
#6325=EDGE_CURVE('7718',#4044,#4045,#2681,.T.);
#6327=EDGE_CURVE('8270',#4597,#4044,#2673,.T.);
#6329=EDGE_CURVE('8059',#4596,#4597,#1036,.T.);
#6331=EDGE_CURVE('8248',#4049,#4596,#2585,.T.);
#6333=EDGE_CURVE('7719',#4048,#4049,#2561,.T.);
#6335=EDGE_CURVE('8241',#4593,#4048,#2553,.T.);
#6337=EDGE_CURVE('8058',#4592,#4593,#1032,.T.);
#6339=EDGE_CURVE('8212',#4053,#4592,#976,.T.);
#6341=EDGE_CURVE('7720',#4052,#4053,#952,.T.);
#6343=EDGE_CURVE('7721',#4055,#4052,#944,.T.);
#6345=EDGE_CURVE('7829',#4002,#4055,#916,.T.);
#6356=EDGE_CURVE('7843',#4333,#4002,#828,.T.);
#6358=EDGE_CURVE('8588',#3972,#4333,#2150,.T.);
#6360=EDGE_CURVE('7691',#3972,#3973,#763,.T.);
#6362=EDGE_CURVE('7707',#3973,#4005,#768,.T.);
#6364=EDGE_CURVE('8618',#4008,#4005,#2226,.T.);
#6366=EDGE_CURVE('7708',#4008,#4009,#772,.T.);
#6368=EDGE_CURVE('7709',#4009,#4011,#777,.T.);
#6370=EDGE_CURVE('8613',#4014,#4011,#2246,.T.);
#6372=EDGE_CURVE('7710',#4014,#4015,#782,.T.);
#6374=EDGE_CURVE('7711',#4015,#4017,#786,.T.);
#6376=EDGE_CURVE('8606',#4083,#4017,#2267,.T.);
#6388=EDGE_CURVE('7835',#4314,#4315,#791,.T.);
#6390=EDGE_CURVE('8575',#4315,#4318,#795,.T.);
#6392=EDGE_CURVE('7836',#4318,#4319,#800,.T.);
#6394=EDGE_CURVE('7837',#4319,#4321,#805,.T.);
#6396=EDGE_CURVE('8579',#5139,#4321,#2190,.T.);
#6398=EDGE_CURVE('8581',#4325,#5139,#2178,.T.);
#6400=EDGE_CURVE('7838',#4324,#4325,#2166,.T.);
#6402=EDGE_CURVE('7839',#4324,#4327,#810,.T.);
#6404=EDGE_CURVE('7840',#4327,#4329,#815,.T.);
#6406=EDGE_CURVE('7841',#4329,#4331,#819,.T.);
#6408=EDGE_CURVE('7842',#4331,#4333,#824,.T.);
#6411=EDGE_CURVE('7828',#4002,#4064,#832,.T.);
#6413=EDGE_CURVE('7844',#4314,#4064,#848,.T.);
#6424=EDGE_CURVE('7845',#3995,#4314,#844,.T.);
#6426=EDGE_CURVE('7701',#3993,#3995,#2134,.T.);
#6428=EDGE_CURVE('7846',#4315,#3993,#2210,.T.);
#6438=EDGE_CURVE('7724',#4064,#4065,#836,.T.);
#6440=EDGE_CURVE('7855',#3999,#4065,#2020,.T.);
#6442=EDGE_CURVE('7847',#3999,#3995,#840,.T.);
#6454=EDGE_CURVE('7800',#4249,#4071,#865,.T.);
#6456=EDGE_CURVE('7791',#4214,#4249,#882,.T.);
#6459=EDGE_CURVE('7722',#4058,#4059,#3265,.T.);
#6461=EDGE_CURVE('7723',#4061,#4058,#898,.T.);
#6463=EDGE_CURVE('7856',#4065,#4061,#2024,.T.);
#6466=EDGE_CURVE('7834',#4068,#4064,#924,.T.);
#6468=EDGE_CURVE('7725',#4068,#4069,#852,.T.);
#6470=EDGE_CURVE('7726',#4071,#4069,#894,.T.);
#6480=EDGE_CURVE('7798',#4259,#4247,#856,.T.);
#6482=EDGE_CURVE('7799',#4247,#4249,#861,.T.);
#6485=EDGE_CURVE('7801',#4071,#4259,#870,.T.);
#6495=EDGE_CURVE('7790',#4215,#4247,#874,.T.);
#6498=EDGE_CURVE('8590',#4218,#4259,#890,.T.);
#6522=EDGE_CURVE('7824',#4295,#4071,#908,.T.);
#6524=EDGE_CURVE('8589',#4295,#4219,#886,.T.);
#6537=EDGE_CURVE('7827',#4303,#4069,#912,.T.);
#6539=EDGE_CURVE('8112',#4661,#4303,#2368,.T.);
#6541=EDGE_CURVE('8110',#4657,#4661,#2360,.T.);
#6543=EDGE_CURVE('8107',#4653,#4657,#2352,.T.);
#6545=EDGE_CURVE('8105',#4637,#4653,#2344,.T.);
#6547=EDGE_CURVE('8080',#4267,#4637,#1084,.T.);
#6549=EDGE_CURVE('8092',#4641,#4267,#1154,.T.);
#6551=EDGE_CURVE('8094',#4645,#4641,#1166,.T.);
#6553=EDGE_CURVE('8098',#4291,#4645,#1178,.T.);
#6555=EDGE_CURVE('7821',#4290,#4291,#1194,.T.);
#6557=EDGE_CURVE('7822',#4293,#4290,#1206,.T.);
#6559=EDGE_CURVE('7862',#4335,#4293,#1877,.T.);
#6561=EDGE_CURVE('7848',#4061,#4335,#2008,.T.);
#6564=EDGE_CURVE('7823',#4058,#4295,#903,.T.);
#6577=EDGE_CURVE('7833',#4310,#4068,#920,.T.);
#6579=EDGE_CURVE('8113',#4303,#4310,#2372,.T.);
#6591=EDGE_CURVE('7830',#4305,#4055,#940,.T.);
#6593=EDGE_CURVE('7831',#4307,#4305,#2380,.T.);
#6595=EDGE_CURVE('8150',#4725,#4307,#2420,.T.);
#6597=EDGE_CURVE('8182',#4699,#4725,#2412,.T.);
#6599=EDGE_CURVE('8137',#4311,#4699,#2392,.T.);
#6601=EDGE_CURVE('7832',#4310,#4311,#2376,.T.);
#6613=EDGE_CURVE('8205',#4772,#4773,#948,.T.);
#6615=EDGE_CURVE('8224',#4767,#4772,#1012,.T.);
#6617=EDGE_CURVE('8202',#4767,#4589,#928,.T.);
#6619=EDGE_CURVE('8057',#4589,#4587,#932,.T.);
#6621=EDGE_CURVE('8203',#4769,#4587,#2505,.T.);
#6623=EDGE_CURVE('8204',#4665,#4769,#2477,.T.);
#6625=EDGE_CURVE('8114',#4665,#4305,#936,.T.);
#6629=EDGE_CURVE('8207',#4773,#4052,#960,.T.);
#6640=EDGE_CURVE('8206',#4775,#4773,#956,.T.);
#6642=EDGE_CURVE('8210',#4781,#4775,#968,.T.);
#6644=EDGE_CURVE('8219',#4772,#4781,#996,.T.);
#6655=EDGE_CURVE('8211',#4775,#4053,#972,.T.);
#6667=EDGE_CURVE('8208',#4778,#4779,#964,.T.);
#6669=EDGE_CURVE('8209',#4781,#4779,#988,.T.);
#6674=EDGE_CURVE('8213',#4592,#4778,#980,.T.);
#6684=EDGE_CURVE('8214',#4779,#4783,#992,.T.);
#6687=EDGE_CURVE('8215',#4778,#4785,#984,.T.);
#6689=EDGE_CURVE('8216',#4783,#4785,#2533,.T.);
#6699=EDGE_CURVE('8217',#4781,#4787,#1000,.T.);
#6703=EDGE_CURVE('8229',#4787,#4783,#2529,.T.);
#6713=EDGE_CURVE('8218',#4772,#4789,#1008,.T.);
#6717=EDGE_CURVE('8220',#4791,#4787,#2541,.T.);
#6719=EDGE_CURVE('8221',#4791,#4793,#1004,.T.);
#6721=EDGE_CURVE('8222',#4789,#4793,#1020,.T.);
#6732=EDGE_CURVE('8225',#4795,#4789,#1016,.T.);
#6734=EDGE_CURVE('8223',#4767,#4795,#2517,.T.);
#6747=EDGE_CURVE('8226',#4793,#4797,#1024,.T.);
#6749=EDGE_CURVE('8227',#4795,#4797,#2521,.T.);
#6760=EDGE_CURVE('8055',#4585,#4583,#1068,.T.);
#6762=EDGE_CURVE('8056',#4587,#4585,#2509,.T.);
#6765=EDGE_CURVE('8228',#4797,#4589,#2525,.T.);
#6769=EDGE_CURVE('8230',#4785,#4791,#2537,.T.);
#6774=EDGE_CURVE('8240',#4805,#4593,#2549,.T.);
#6776=EDGE_CURVE('8264',#4829,#4805,#2645,.T.);
#6778=EDGE_CURVE('8261',#4825,#4829,#2633,.T.);
#6780=EDGE_CURVE('8257',#4823,#4825,#2613,.T.);
#6782=EDGE_CURVE('8266',#4817,#4823,#2657,.T.);
#6784=EDGE_CURVE('8251',#4810,#4817,#2593,.T.);
#6786=EDGE_CURVE('8249',#4596,#4810,#2589,.T.);
#6789=EDGE_CURVE('8269',#4837,#4597,#2669,.T.);
#6791=EDGE_CURVE('8293',#4861,#4837,#2765,.T.);
#6793=EDGE_CURVE('8290',#4857,#4861,#2753,.T.);
#6795=EDGE_CURVE('8286',#4855,#4857,#2733,.T.);
#6797=EDGE_CURVE('8295',#4849,#4855,#2777,.T.);
#6799=EDGE_CURVE('8280',#4842,#4849,#2713,.T.);
#6801=EDGE_CURVE('8278',#4600,#4842,#2709,.T.);
#6804=EDGE_CURVE('8298',#4869,#4601,#2789,.T.);
#6806=EDGE_CURVE('8322',#4893,#4869,#2885,.T.);
#6808=EDGE_CURVE('8319',#4889,#4893,#2873,.T.);
#6810=EDGE_CURVE('8315',#4887,#4889,#2853,.T.);
#6812=EDGE_CURVE('8324',#4881,#4887,#2897,.T.);
#6814=EDGE_CURVE('8309',#4874,#4881,#2833,.T.);
#6816=EDGE_CURVE('8307',#4604,#4874,#2829,.T.);
#6819=EDGE_CURVE('8327',#4901,#4605,#2909,.T.);
#6821=EDGE_CURVE('8351',#4925,#4901,#3005,.T.);
#6823=EDGE_CURVE('8348',#4921,#4925,#2993,.T.);
#6825=EDGE_CURVE('8344',#4919,#4921,#2973,.T.);
#6827=EDGE_CURVE('8353',#4913,#4919,#3017,.T.);
#6829=EDGE_CURVE('8338',#4906,#4913,#2953,.T.);
#6831=EDGE_CURVE('8336',#4608,#4906,#2949,.T.);
#6834=EDGE_CURVE('8356',#4933,#4609,#3029,.T.);
#6836=EDGE_CURVE('8380',#4957,#4933,#3125,.T.);
#6838=EDGE_CURVE('8377',#4953,#4957,#3113,.T.);
#6840=EDGE_CURVE('8373',#4951,#4953,#3093,.T.);
#6842=EDGE_CURVE('8382',#4945,#4951,#3137,.T.);
#6844=EDGE_CURVE('8367',#4938,#4945,#3073,.T.);
#6846=EDGE_CURVE('8365',#4612,#4938,#3069,.T.);
#6849=EDGE_CURVE('8385',#4965,#4613,#3149,.T.);
#6851=EDGE_CURVE('8409',#4989,#4965,#3245,.T.);
#6853=EDGE_CURVE('8406',#4985,#4989,#3233,.T.);
#6855=EDGE_CURVE('8402',#4983,#4985,#3213,.T.);
#6857=EDGE_CURVE('8411',#4977,#4983,#3257,.T.);
#6859=EDGE_CURVE('8396',#4970,#4977,#3193,.T.);
#6861=EDGE_CURVE('8394',#4616,#4970,#3189,.T.);
#6864=EDGE_CURVE('8415',#4997,#4617,#1691,.T.);
#6866=EDGE_CURVE('8435',#4621,#4997,#1683,.T.);
#6868=EDGE_CURVE('8065',#4620,#4621,#1671,.T.);
#6870=EDGE_CURVE('8066',#4623,#4620,#1651,.T.);
#6872=EDGE_CURVE('8437',#4627,#4623,#1723,.T.);
#6874=EDGE_CURVE('8067',#4626,#4627,#1631,.T.);
#6876=EDGE_CURVE('8068',#4629,#4626,#1627,.T.);
#6878=EDGE_CURVE('8439',#4579,#4629,#1599,.T.);
#6880=EDGE_CURVE('8051',#4579,#4577,#1060,.T.);
#6890=EDGE_CURVE('8069',#4096,#4631,#1064,.T.);
#6892=EDGE_CURVE('8070',#4633,#4631,#2485,.T.);
#6894=EDGE_CURVE('8232',#4585,#4633,#2513,.T.);
#6907=EDGE_CURVE('8075',#4635,#4097,#1080,.T.);
#6909=EDGE_CURVE('8072',#4631,#4635,#2456,.T.);
#6920=EDGE_CURVE('8073',#4637,#4097,#1089,.T.);
#6922=EDGE_CURVE('8074',#4639,#4637,#2348,.T.);
#6924=EDGE_CURVE('8233',#4635,#4639,#2461,.T.);
#6938=EDGE_CURVE('8082',#4266,#4093,#1102,.T.);
#6940=EDGE_CURVE('8083',#4266,#4267,#1097,.T.);
#6953=EDGE_CURVE('8084',#4211,#4199,#1141,.T.);
#6956=EDGE_CURVE('8090',#4266,#4209,#1145,.T.);
#6980=EDGE_CURVE('7803',#4266,#4267,#1150,.T.);
#6984=EDGE_CURVE('8091',#4267,#4239,#1158,.T.);
#7007=EDGE_CURVE('8095',#4641,#4643,#1170,.T.);
#7017=EDGE_CURVE('8099',#4645,#4647,#1182,.T.);
#7030=EDGE_CURVE('8097',#4291,#4649,#1198,.T.);
#7044=EDGE_CURVE('8103',#4290,#4651,#1210,.T.);
#7057=EDGE_CURVE('8104',#4293,#4363,#1214,.T.);
#7093=EDGE_CURVE('7869',#4355,#4363,#1221,.T.);
#7095=EDGE_CURVE('7867',#4352,#4355,#1898,.T.);
#7097=EDGE_CURVE('7863',#4293,#4352,#1884,.T.);
#7108=EDGE_CURVE('7868',#4356,#4362,#1243,.T.);
#7110=EDGE_CURVE('7864',#4355,#4356,#1889,.T.);
#7114=EDGE_CURVE('8000',#4362,#4237,#1808,.T.);
#7124=EDGE_CURVE('7871',#4366,#4367,#1230,.T.);
#7126=EDGE_CURVE('7872',#4369,#4367,#1906,.T.);
#7128=EDGE_CURVE('7873',#4369,#4360,#1235,.T.);
#7130=EDGE_CURVE('7874',#4360,#4356,#1239,.T.);
#7133=EDGE_CURVE('7999',#4549,#4362,#1803,.T.);
#7135=EDGE_CURVE('7997',#4373,#4549,#2336,.T.);
#7137=EDGE_CURVE('7875',#4372,#4373,#1445,.T.);
#7139=EDGE_CURVE('7876',#4372,#4375,#1248,.T.);
#7141=EDGE_CURVE('7877',#4377,#4375,#1416,.T.);
#7143=EDGE_CURVE('7878',#4377,#4379,#1253,.T.);
#7145=EDGE_CURVE('7879',#4381,#4379,#1333,.T.);
#7147=EDGE_CURVE('7911',#4383,#4381,#1354,.T.);
#7149=EDGE_CURVE('7880',#4366,#4383,#1261,.T.);
#7160=EDGE_CURVE('7881',#4385,#4366,#1257,.T.);
#7162=EDGE_CURVE('7895',#4406,#4385,#1923,.T.);
#7164=EDGE_CURVE('8574',#4367,#4406,#1910,.T.);
#7174=EDGE_CURVE('7882',#4388,#4389,#1275,.T.);
#7176=EDGE_CURVE('7887',#4400,#4388,#1279,.T.);
#7178=EDGE_CURVE('7896',#4385,#4400,#1927,.T.);
#7182=EDGE_CURVE('7883',#4383,#4391,#1266,.T.);
#7184=EDGE_CURVE('7913',#4426,#4391,#1358,.T.);
#7186=EDGE_CURVE('7916',#4430,#4426,#1379,.T.);
#7188=EDGE_CURVE('7922',#4393,#4430,#1408,.T.);
#7190=EDGE_CURVE('7884',#4393,#4389,#1271,.T.);
#7228=EDGE_CURVE('7885',#4388,#4394,#1286,.T.);
#7231=EDGE_CURVE('7892',#4394,#4389,#1304,.T.);
#7241=EDGE_CURVE('7891',#4400,#4394,#1294,.T.);
#7253=EDGE_CURVE('7889',#4401,#4397,#1290,.T.);
#7255=EDGE_CURVE('7890',#4400,#4397,#1931,.T.);
#7260=EDGE_CURVE('7893',#4403,#4393,#1404,.T.);
#7262=EDGE_CURVE('7909',#4404,#4403,#1350,.T.);
#7264=EDGE_CURVE('7894',#4404,#4401,#1314,.T.);
#7274=EDGE_CURVE('7888',#4398,#4401,#1324,.T.);
#7276=EDGE_CURVE('7886',#4397,#4398,#1341,.T.);
#7317=EDGE_CURVE('7908',#4398,#4404,#1345,.T.);
#7327=EDGE_CURVE('7906',#4422,#4381,#1329,.T.);
#7330=EDGE_CURVE('7907',#4408,#4379,#1412,.T.);
#7332=EDGE_CURVE('7897',#4408,#4397,#1337,.T.);
#7337=EDGE_CURVE('7921',#4432,#4403,#1400,.T.);
#7339=EDGE_CURVE('7917',#4424,#4432,#1383,.T.);
#7341=EDGE_CURVE('7910',#4422,#4424,#1366,.T.);
#7354=EDGE_CURVE('7912',#4391,#4422,#1362,.T.);
#7364=EDGE_CURVE('7915',#4426,#4428,#1375,.T.);
#7369=EDGE_CURVE('7914',#4424,#4428,#1371,.T.);
#7380=EDGE_CURVE('7918',#4434,#4428,#1387,.T.);
#7382=EDGE_CURVE('7919',#4430,#4434,#1391,.T.);
#7395=EDGE_CURVE('7920',#4434,#4432,#1396,.T.);
#7420=EDGE_CURVE('7923',#4410,#4377,#1424,.T.);
#7422=EDGE_CURVE('7898',#4408,#4410,#1936,.T.);
#7434=EDGE_CURVE('7924',#4412,#4375,#1428,.T.);
#7436=EDGE_CURVE('7899',#4412,#4410,#1420,.T.);
#7448=EDGE_CURVE('7925',#4414,#4372,#1441,.T.);
#7450=EDGE_CURVE('7900',#4412,#4414,#1941,.T.);
#7461=EDGE_CURVE('7926',#4436,#4416,#1433,.T.);
#7463=EDGE_CURVE('7901',#4416,#4414,#1437,.T.);
#7467=EDGE_CURVE('7927',#4373,#4438,#1450,.T.);
#7470=EDGE_CURVE('7929',#4442,#4440,#1508,.T.);
#7472=EDGE_CURVE('7930',#4436,#4442,#1462,.T.);
#7483=EDGE_CURVE('7931',#4444,#4436,#1458,.T.);
#7485=EDGE_CURVE('8039',#4446,#4444,#1767,.T.);
#7487=EDGE_CURVE('7932',#4418,#4446,#1988,.T.);
#7489=EDGE_CURVE('7933',#4418,#4416,#1454,.T.);
#7499=EDGE_CURVE('7934',#4444,#4448,#1466,.T.);
#7503=EDGE_CURVE('7985',#4529,#4442,#1516,.T.);
#7505=EDGE_CURVE('7981',#4458,#4529,#1500,.T.);
#7507=EDGE_CURVE('7938',#4448,#4458,#1474,.T.);
#7518=EDGE_CURVE('7936',#4452,#4448,#1470,.T.);
#7520=EDGE_CURVE('7935',#4451,#4452,#1570,.T.);
#7522=EDGE_CURVE('8040',#4444,#4451,#1771,.T.);
#7533=EDGE_CURVE('7942',#4456,#4448,#1483,.T.);
#7535=EDGE_CURVE('7937',#4455,#4456,#1554,.T.);
#7537=EDGE_CURVE('8046',#4452,#4455,#1575,.T.);
#7548=EDGE_CURVE('7939',#4460,#4458,#1492,.T.);
#7550=EDGE_CURVE('7940',#4101,#4460,#1525,.T.);
#7562=EDGE_CURVE('7957',#4458,#4460,#1488,.T.);
#7574=EDGE_CURVE('7979',#4527,#4458,#1504,.T.);
#7577=EDGE_CURVE('7980',#4525,#4460,#1496,.T.);
#7588=EDGE_CURVE('7984',#4531,#4529,#1512,.T.);
#7615=EDGE_CURVE('7978',#4525,#4519,#1530,.T.);
#7639=EDGE_CURVE('8047',#4573,#4455,#1550,.T.);
#7643=EDGE_CURVE('8049',#4573,#4575,#1579,.T.);
#7654=EDGE_CURVE('8053',#4581,#4573,#1587,.T.);
#7656=EDGE_CURVE('8438',#5005,#4581,#1591,.T.);
#7658=EDGE_CURVE('8423',#4020,#5005,#1623,.T.);
#7661=EDGE_CURVE('8443',#4571,#4021,#1735,.T.);
#7663=EDGE_CURVE('8045',#4571,#4451,#1566,.T.);
#7678=EDGE_CURVE('8052',#4581,#4579,#1595,.T.);
#7692=EDGE_CURVE('8440',#4629,#5005,#1603,.T.);
#7702=EDGE_CURVE('8419',#4626,#5001,#1607,.T.);
#7704=EDGE_CURVE('8425',#5003,#5001,#1635,.T.);
#7706=EDGE_CURVE('8420',#5003,#4999,#1611,.T.);
#7708=EDGE_CURVE('8421',#4999,#4025,#1615,.T.);
#7722=EDGE_CURVE('8426',#5001,#5007,#1639,.T.);
#7726=EDGE_CURVE('8424',#5007,#4627,#1719,.T.);
#7736=EDGE_CURVE('8428',#5003,#5009,#1647,.T.);
#7740=EDGE_CURVE('8436',#5009,#5007,#1715,.T.);
#7750=EDGE_CURVE('8431',#4992,#5011,#1655,.T.);
#7752=EDGE_CURVE('8427',#4992,#5003,#1643,.T.);
#7755=EDGE_CURVE('8429',#4623,#5009,#1727,.T.);
#7758=EDGE_CURVE('8430',#5011,#4620,#1667,.T.);
#7769=EDGE_CURVE('8432',#5013,#5011,#1663,.T.);
#7771=EDGE_CURVE('8434',#4995,#5013,#1675,.T.);
#7773=EDGE_CURVE('8413',#4995,#4992,#1659,.T.);
#7786=EDGE_CURVE('8433',#5013,#4621,#1679,.T.);
#7799=EDGE_CURVE('8414',#4995,#4997,#1687,.T.);
#7809=EDGE_CURVE('8412',#4992,#4993,#1699,.T.);
#7815=EDGE_CURVE('8417',#4993,#4024,#1711,.T.);
#7826=EDGE_CURVE('8418',#4999,#4993,#1707,.T.);
#7862=EDGE_CURVE('8441',#4568,#4073,#1743,.T.);
#7864=EDGE_CURVE('8442',#4568,#4571,#1731,.T.);
#7876=EDGE_CURVE('8043',#4568,#4569,#1759,.T.);
#7889=EDGE_CURVE('8042',#4507,#4451,#1755,.T.);
#7907=EDGE_CURVE('8041',#4505,#4446,#1775,.T.);
#7917=EDGE_CURVE('7946',#4446,#4466,#1784,.T.);
#7921=EDGE_CURVE('7961',#4468,#4495,#1799,.T.);
#7923=EDGE_CURVE('7947',#4468,#4466,#1780,.T.);
#7934=EDGE_CURVE('7958',#4489,#4466,#1791,.T.);
#7936=EDGE_CURVE('8005',#4561,#4489,#1826,.T.);
#7938=EDGE_CURVE('8013',#4446,#4561,#1979,.T.);
#7949=EDGE_CURVE('7960',#4493,#4468,#1795,.T.);
#7952=EDGE_CURVE('7959',#4489,#4491,#1830,.T.);
#7978=EDGE_CURVE('8008',#4555,#4235,#1843,.T.);
#7980=EDGE_CURVE('8001',#4554,#4555,#1856,.T.);
#7982=EDGE_CURVE('8002',#4554,#4557,#1817,.T.);
#7984=EDGE_CURVE('8003',#4559,#4557,#1958,.T.);
#7986=EDGE_CURVE('8004',#4559,#4561,#1822,.T.);
#7991=EDGE_CURVE('8007',#4551,#4549,#1839,.T.);
#8001=EDGE_CURVE('8010',#4555,#4298,#1848,.T.);
#8005=EDGE_CURVE('8009',#4301,#4234,#2328,.T.);
#8007=EDGE_CURVE('7826',#4298,#4301,#1865,.T.);
#8018=EDGE_CURVE('7825',#4298,#4299,#1852,.T.);
#8020=EDGE_CURVE('8011',#4554,#4299,#1970,.T.);
#8032=EDGE_CURVE('7861',#4299,#4285,#1869,.T.);
#8036=EDGE_CURVE('8015',#4287,#4301,#2324,.T.);
#8046=EDGE_CURVE('7866',#4351,#4352,#1894,.T.);
#8048=EDGE_CURVE('7859',#4350,#4351,#1945,.T.);
#8050=EDGE_CURVE('7860',#4299,#4350,#1975,.T.);
#8053=EDGE_CURVE('7857',#4285,#4335,#1873,.T.);
#8067=EDGE_CURVE('7865',#4359,#4360,#1902,.T.);
#8069=EDGE_CURVE('7903',#4351,#4359,#1949,.T.);
#8082=EDGE_CURVE('8573',#4420,#4369,#1918,.T.);
#8084=EDGE_CURVE('7904',#4359,#4420,#1954,.T.);
#8097=EDGE_CURVE('7905',#4406,#4420,#1914,.T.);
#8117=EDGE_CURVE('7902',#4350,#4418,#1966,.T.);
#8132=EDGE_CURVE('8012',#4557,#4350,#1962,.T.);
#8135=EDGE_CURVE('8014',#4559,#4418,#1983,.T.);
#8171=EDGE_CURVE('7858',#4337,#4282,#1996,.T.);
#8173=EDGE_CURVE('7849',#4335,#4337,#2012,.T.);
#8183=EDGE_CURVE('7850',#4339,#4337,#1992,.T.);
#8200=EDGE_CURVE('7851',#4342,#4343,#2028,.T.);
#8202=EDGE_CURVE('7852',#4345,#4342,#2076,.T.);
#8204=EDGE_CURVE('7853',#4347,#4345,#2054,.T.);
#8207=EDGE_CURVE('7702',#3998,#3999,#2016,.T.);
#8221=EDGE_CURVE('8195',#4701,#4763,#2037,.T.);
#8223=EDGE_CURVE('8199',#4765,#4763,#2096,.T.);
#8225=EDGE_CURVE('8196',#4765,#4761,#2042,.T.);
#8227=EDGE_CURVE('8193',#4761,#4342,#2046,.T.);
#8239=EDGE_CURVE('8191',#4757,#4759,#2064,.T.);
#8241=EDGE_CURVE('8198',#4763,#4757,#2088,.T.);
#8252=EDGE_CURVE('8194',#4754,#4345,#2072,.T.);
#8254=EDGE_CURVE('8189',#4754,#4755,#2059,.T.);
#8256=EDGE_CURVE('8190',#4757,#4755,#2092,.T.);
#8269=EDGE_CURVE('8201',#4754,#4761,#2084,.T.);
#8282=EDGE_CURVE('8200',#4765,#4755,#2080,.T.);
#8307=EDGE_CURVE('7692',#3972,#3975,#2101,.T.);
#8309=EDGE_CURVE('7693',#3975,#3977,#2105,.T.);
#8311=EDGE_CURVE('7694',#3977,#3979,#2110,.T.);
#8313=EDGE_CURVE('7695',#3979,#3981,#2115,.T.);
#8315=EDGE_CURVE('7696',#3983,#3981,#2174,.T.);
#8317=EDGE_CURVE('8583',#3987,#3983,#2186,.T.);
#8319=EDGE_CURVE('7697',#3986,#3987,#2198,.T.);
#8321=EDGE_CURVE('7698',#3986,#3989,#2120,.T.);
#8323=EDGE_CURVE('7699',#3989,#3991,#2125,.T.);
#8325=EDGE_CURVE('7700',#3991,#3993,#2129,.T.);
#8333=EDGE_CURVE('8621',#3973,#3959,#2218,.T.);
#8344=EDGE_CURVE('8587',#4331,#3975,#2146,.T.);
#8357=EDGE_CURVE('8586',#4329,#3977,#2154,.T.);
#8370=EDGE_CURVE('8585',#4327,#3979,#2158,.T.);
#8383=EDGE_CURVE('8584',#4324,#3981,#2162,.T.);
#8396=EDGE_CURVE('8580',#4325,#3983,#2170,.T.);
#8410=EDGE_CURVE('8582',#5139,#3987,#2182,.T.);
#8422=EDGE_CURVE('8578',#4321,#3986,#2194,.T.);
#8435=EDGE_CURVE('8577',#4319,#3989,#2202,.T.);
#8448=EDGE_CURVE('8576',#4318,#3991,#2206,.T.);
#8473=EDGE_CURVE('8620',#3958,#4005,#2214,.T.);
#8485=EDGE_CURVE('8617',#3955,#4008,#2222,.T.);
#8499=EDGE_CURVE('8616',#3953,#4009,#2234,.T.);
#8512=EDGE_CURVE('8615',#3952,#4011,#2238,.T.);
#8524=EDGE_CURVE('8612',#3949,#4014,#2242,.T.);
#8538=EDGE_CURVE('8611',#3947,#4015,#2254,.T.);
#8551=EDGE_CURVE('8610',#3946,#4017,#2258,.T.);
#8568=EDGE_CURVE('8624',#5159,#5155,#2284,.T.);
#8570=EDGE_CURVE('8628',#5157,#5159,#2300,.T.);
#8572=EDGE_CURVE('8609',#5157,#4087,#2280,.T.);
#8585=EDGE_CURVE('8626',#5159,#5161,#2304,.T.);
#8595=EDGE_CURVE('8627',#5149,#5157,#2296,.T.);
#8645=EDGE_CURVE('8109',#4655,#4653,#2356,.T.);
#8647=EDGE_CURVE('8106',#4639,#4655,#2465,.T.);
#8659=EDGE_CURVE('8111',#4663,#4657,#2364,.T.);
#8661=EDGE_CURVE('8235',#4659,#4663,#2493,.T.);
#8663=EDGE_CURVE('8108',#4655,#4659,#2469,.T.);
#8675=EDGE_CURVE('8116',#4669,#4661,#2384,.T.);
#8677=EDGE_CURVE('8236',#4663,#4669,#2497,.T.);
#8691=EDGE_CURVE('8136',#4697,#4311,#2388,.T.);
#8693=EDGE_CURVE('8186',#4727,#4697,#2428,.T.);
#8695=EDGE_CURVE('8151',#4307,#4727,#2424,.T.);
#8699=EDGE_CURVE('8115',#4667,#4665,#2473,.T.);
#8701=EDGE_CURVE('8237',#4669,#4667,#2501,.T.);
#8712=EDGE_CURVE('8178',#4695,#4745,#2396,.T.);
#8714=EDGE_CURVE('8134',#4694,#4695,#2452,.T.);
#8716=EDGE_CURVE('8135',#4697,#4694,#2432,.T.);
#8720=EDGE_CURVE('8181',#4745,#4699,#2408,.T.);
#8731=EDGE_CURVE('8180',#4748,#4745,#2404,.T.);
#8733=EDGE_CURVE('8179',#4748,#4749,#2400,.T.);
#8735=EDGE_CURVE('8184',#4695,#4749,#2444,.T.);
#8748=EDGE_CURVE('8183',#4725,#4748,#2416,.T.);
#8762=EDGE_CURVE('8188',#4751,#4727,#2440,.T.);
#8764=EDGE_CURVE('8185',#4749,#4751,#2448,.T.);
#8776=EDGE_CURVE('8187',#4694,#4751,#2436,.T.);
#8803=EDGE_CURVE('8234',#4667,#4659,#2489,.T.);
#8807=EDGE_CURVE('8231',#4769,#4633,#2481,.T.);
#8866=EDGE_CURVE('8238',#4800,#4801,#2557,.T.);
#8868=EDGE_CURVE('8259',#4804,#4800,#2621,.T.);
#8870=EDGE_CURVE('8239',#4804,#4805,#2545,.T.);
#8874=EDGE_CURVE('8242',#4801,#4048,#2569,.T.);
#8885=EDGE_CURVE('8243',#4807,#4801,#2565,.T.);
#8887=EDGE_CURVE('8246',#4813,#4807,#2577,.T.);
#8889=EDGE_CURVE('8255',#4800,#4813,#2605,.T.);
#8900=EDGE_CURVE('8247',#4807,#4049,#2581,.T.);
#8912=EDGE_CURVE('8244',#4810,#4811,#2573,.T.);
#8914=EDGE_CURVE('8245',#4813,#4811,#2597,.T.);
#8928=EDGE_CURVE('8250',#4811,#4815,#2601,.T.);
#8932=EDGE_CURVE('8252',#4815,#4817,#2653,.T.);
#8942=EDGE_CURVE('8253',#4813,#4819,#2609,.T.);
#8946=EDGE_CURVE('8265',#4819,#4815,#2649,.T.);
#8956=EDGE_CURVE('8254',#4800,#4821,#2617,.T.);
#8960=EDGE_CURVE('8256',#4823,#4819,#2661,.T.);
#8963=EDGE_CURVE('8258',#4821,#4825,#2629,.T.);
#8974=EDGE_CURVE('8260',#4827,#4821,#2625,.T.);
#8976=EDGE_CURVE('8263',#4804,#4827,#2637,.T.);
#8990=EDGE_CURVE('8262',#4827,#4829,#2641,.T.);
#9024=EDGE_CURVE('8267',#4832,#4833,#2677,.T.);
#9026=EDGE_CURVE('8288',#4836,#4832,#2741,.T.);
#9028=EDGE_CURVE('8268',#4836,#4837,#2665,.T.);
#9032=EDGE_CURVE('8271',#4833,#4044,#2689,.T.);
#9043=EDGE_CURVE('8272',#4839,#4833,#2685,.T.);
#9045=EDGE_CURVE('8275',#4845,#4839,#2697,.T.);
#9047=EDGE_CURVE('8284',#4832,#4845,#2725,.T.);
#9058=EDGE_CURVE('8276',#4839,#4045,#2701,.T.);
#9070=EDGE_CURVE('8273',#4842,#4843,#2693,.T.);
#9072=EDGE_CURVE('8274',#4845,#4843,#2717,.T.);
#9086=EDGE_CURVE('8279',#4843,#4847,#2721,.T.);
#9090=EDGE_CURVE('8281',#4847,#4849,#2773,.T.);
#9100=EDGE_CURVE('8282',#4845,#4851,#2729,.T.);
#9104=EDGE_CURVE('8294',#4851,#4847,#2769,.T.);
#9114=EDGE_CURVE('8283',#4832,#4853,#2737,.T.);
#9118=EDGE_CURVE('8285',#4855,#4851,#2781,.T.);
#9121=EDGE_CURVE('8287',#4853,#4857,#2749,.T.);
#9132=EDGE_CURVE('8289',#4859,#4853,#2745,.T.);
#9134=EDGE_CURVE('8292',#4836,#4859,#2757,.T.);
#9148=EDGE_CURVE('8291',#4859,#4861,#2761,.T.);
#9182=EDGE_CURVE('8296',#4864,#4865,#2797,.T.);
#9184=EDGE_CURVE('8317',#4868,#4864,#2861,.T.);
#9186=EDGE_CURVE('8297',#4868,#4869,#2785,.T.);
#9190=EDGE_CURVE('8300',#4865,#4040,#2809,.T.);
#9201=EDGE_CURVE('8301',#4871,#4865,#2805,.T.);
#9203=EDGE_CURVE('8304',#4877,#4871,#2817,.T.);
#9205=EDGE_CURVE('8313',#4864,#4877,#2845,.T.);
#9216=EDGE_CURVE('8305',#4871,#4041,#2821,.T.);
#9228=EDGE_CURVE('8302',#4874,#4875,#2813,.T.);
#9230=EDGE_CURVE('8303',#4877,#4875,#2837,.T.);
#9244=EDGE_CURVE('8308',#4875,#4879,#2841,.T.);
#9248=EDGE_CURVE('8310',#4879,#4881,#2893,.T.);
#9258=EDGE_CURVE('8311',#4877,#4883,#2849,.T.);
#9262=EDGE_CURVE('8323',#4883,#4879,#2889,.T.);
#9272=EDGE_CURVE('8312',#4864,#4885,#2857,.T.);
#9276=EDGE_CURVE('8314',#4887,#4883,#2901,.T.);
#9279=EDGE_CURVE('8316',#4885,#4889,#2869,.T.);
#9290=EDGE_CURVE('8318',#4891,#4885,#2865,.T.);
#9292=EDGE_CURVE('8321',#4868,#4891,#2877,.T.);
#9306=EDGE_CURVE('8320',#4891,#4893,#2881,.T.);
#9340=EDGE_CURVE('8325',#4896,#4897,#2917,.T.);
#9342=EDGE_CURVE('8346',#4900,#4896,#2981,.T.);
#9344=EDGE_CURVE('8326',#4900,#4901,#2905,.T.);
#9348=EDGE_CURVE('8329',#4897,#4036,#2929,.T.);
#9359=EDGE_CURVE('8330',#4903,#4897,#2925,.T.);
#9361=EDGE_CURVE('8333',#4909,#4903,#2937,.T.);
#9363=EDGE_CURVE('8342',#4896,#4909,#2965,.T.);
#9374=EDGE_CURVE('8334',#4903,#4037,#2941,.T.);
#9386=EDGE_CURVE('8331',#4906,#4907,#2933,.T.);
#9388=EDGE_CURVE('8332',#4909,#4907,#2957,.T.);
#9402=EDGE_CURVE('8337',#4907,#4911,#2961,.T.);
#9406=EDGE_CURVE('8339',#4911,#4913,#3013,.T.);
#9416=EDGE_CURVE('8340',#4909,#4915,#2969,.T.);
#9420=EDGE_CURVE('8352',#4915,#4911,#3009,.T.);
#9430=EDGE_CURVE('8341',#4896,#4917,#2977,.T.);
#9434=EDGE_CURVE('8343',#4919,#4915,#3021,.T.);
#9437=EDGE_CURVE('8345',#4917,#4921,#2989,.T.);
#9448=EDGE_CURVE('8347',#4923,#4917,#2985,.T.);
#9450=EDGE_CURVE('8350',#4900,#4923,#2997,.T.);
#9464=EDGE_CURVE('8349',#4923,#4925,#3001,.T.);
#9498=EDGE_CURVE('8354',#4928,#4929,#3037,.T.);
#9500=EDGE_CURVE('8375',#4932,#4928,#3101,.T.);
#9502=EDGE_CURVE('8355',#4932,#4933,#3025,.T.);
#9506=EDGE_CURVE('8358',#4929,#4032,#3049,.T.);
#9517=EDGE_CURVE('8359',#4935,#4929,#3045,.T.);
#9519=EDGE_CURVE('8362',#4941,#4935,#3057,.T.);
#9521=EDGE_CURVE('8371',#4928,#4941,#3085,.T.);
#9532=EDGE_CURVE('8363',#4935,#4033,#3061,.T.);
#9544=EDGE_CURVE('8360',#4938,#4939,#3053,.T.);
#9546=EDGE_CURVE('8361',#4941,#4939,#3077,.T.);
#9560=EDGE_CURVE('8366',#4939,#4943,#3081,.T.);
#9564=EDGE_CURVE('8368',#4943,#4945,#3133,.T.);
#9574=EDGE_CURVE('8369',#4941,#4947,#3089,.T.);
#9578=EDGE_CURVE('8381',#4947,#4943,#3129,.T.);
#9588=EDGE_CURVE('8370',#4928,#4949,#3097,.T.);
#9592=EDGE_CURVE('8372',#4951,#4947,#3141,.T.);
#9595=EDGE_CURVE('8374',#4949,#4953,#3109,.T.);
#9606=EDGE_CURVE('8376',#4955,#4949,#3105,.T.);
#9608=EDGE_CURVE('8379',#4932,#4955,#3117,.T.);
#9622=EDGE_CURVE('8378',#4955,#4957,#3121,.T.);
#9656=EDGE_CURVE('8383',#4960,#4961,#3157,.T.);
#9658=EDGE_CURVE('8404',#4964,#4960,#3221,.T.);
#9660=EDGE_CURVE('8384',#4964,#4965,#3145,.T.);
#9664=EDGE_CURVE('8387',#4961,#4028,#3169,.T.);
#9675=EDGE_CURVE('8388',#4967,#4961,#3165,.T.);
#9677=EDGE_CURVE('8391',#4973,#4967,#3177,.T.);
#9679=EDGE_CURVE('8400',#4960,#4973,#3205,.T.);
#9690=EDGE_CURVE('8392',#4967,#4029,#3181,.T.);
#9702=EDGE_CURVE('8389',#4970,#4971,#3173,.T.);
#9704=EDGE_CURVE('8390',#4973,#4971,#3197,.T.);
#9718=EDGE_CURVE('8395',#4971,#4975,#3201,.T.);
#9722=EDGE_CURVE('8397',#4975,#4977,#3253,.T.);
#9732=EDGE_CURVE('8398',#4973,#4979,#3209,.T.);
#9736=EDGE_CURVE('8410',#4979,#4975,#3249,.T.);
#9746=EDGE_CURVE('8399',#4960,#4981,#3217,.T.);
#9750=EDGE_CURVE('8401',#4983,#4979,#3261,.T.);
#9753=EDGE_CURVE('8403',#4981,#4985,#3229,.T.);
#9764=EDGE_CURVE('8405',#4987,#4981,#3225,.T.);
#9766=EDGE_CURVE('8408',#4964,#4987,#3237,.T.);
#9780=EDGE_CURVE('8407',#4987,#4989,#3241,.T.);
#9826=EDGE_CURVE('7811',#4252,#4223,#3269,.T.);
#9829=EDGE_CURVE('7812',#4222,#4255,#3273,.T.);
#9831=EDGE_CURVE('7795',#4252,#4255,#3286,.T.);
#9841=EDGE_CURVE('7794',#4252,#4253,#3277,.T.);
#9843=EDGE_CURVE('7810',#4226,#4253,#3307,.T.);
#9857=EDGE_CURVE('7796',#4255,#4257,#3290,.T.);
#9859=EDGE_CURVE('7797',#4257,#4253,#3295,.T.);
#9872=EDGE_CURVE('7809',#4257,#4227,#3303,.T.);
#9897=EDGE_CURVE('8029',#4105,#4523,#3323,.T.);
#9911=EDGE_CURVE('8031',#4563,#4107,#3336,.T.);
#9924=EDGE_CURVE('8033',#4109,#4513,#3353,.T.);
#9934=EDGE_CURVE('7943',#4462,#4109,#3349,.T.);
#9938=EDGE_CURVE('8034',#4462,#4512,#3372,.T.);
#9949=EDGE_CURVE('7944',#4464,#4462,#3361,.T.);
#9961=EDGE_CURVE('7956',#4488,#4462,#3365,.T.);
#9963=EDGE_CURVE('8038',#4509,#4488,#3388,.T.);
#9978=EDGE_CURVE('8036',#4488,#4565,#3380,.T.);
#9999=EDGE_CURVE('8570',#5083,#4116,#3392,.T.);
#10003=EDGE_CURVE('8477',#5085,#5083,#3404,.T.);
#10013=EDGE_CURVE('8476',#5082,#5083,#3484,.T.);
#10015=EDGE_CURVE('8566',#5082,#4117,#3408,.T.);
#10027=EDGE_CURVE('8461',#5015,#5019,#3412,.T.);
#10029=EDGE_CURVE('8452',#5019,#5023,#3416,.T.);
#10031=EDGE_CURVE('8453',#5023,#5025,#3420,.T.);
#10033=EDGE_CURVE('8462',#5025,#5027,#3424,.T.);
#10035=EDGE_CURVE('8459',#5027,#5029,#3428,.T.);
#10037=EDGE_CURVE('8463',#5029,#5031,#3432,.T.);
#10039=EDGE_CURVE('8481',#5089,#5031,#3540,.T.);
#10041=EDGE_CURVE('8482',#5091,#5089,#3544,.T.);
#10043=EDGE_CURVE('8485',#5034,#5091,#3556,.T.);
#10045=EDGE_CURVE('8464',#5034,#5035,#3436,.T.);
#10047=EDGE_CURVE('8491',#5038,#5035,#3580,.T.);
#10049=EDGE_CURVE('8465',#5038,#5039,#3440,.T.);
#10051=EDGE_CURVE('8495',#5097,#5039,#3596,.T.);
#10053=EDGE_CURVE('8496',#5099,#5097,#3600,.T.);
#10055=EDGE_CURVE('8499',#5042,#5099,#3612,.T.);
#10057=EDGE_CURVE('8466',#5042,#5043,#3444,.T.);
#10059=EDGE_CURVE('8505',#5046,#5043,#3636,.T.);
#10061=EDGE_CURVE('8467',#5046,#5047,#3448,.T.);
#10063=EDGE_CURVE('8509',#5105,#5047,#3652,.T.);
#10065=EDGE_CURVE('8510',#5107,#5105,#3656,.T.);
#10067=EDGE_CURVE('8513',#5050,#5107,#3668,.T.);
#10069=EDGE_CURVE('8468',#5050,#5051,#3452,.T.);
#10071=EDGE_CURVE('8519',#5054,#5051,#3692,.T.);
#10073=EDGE_CURVE('8469',#5054,#5055,#3456,.T.);
#10075=EDGE_CURVE('8523',#5113,#5055,#3708,.T.);
#10077=EDGE_CURVE('8524',#5115,#5113,#3712,.T.);
#10079=EDGE_CURVE('8527',#5058,#5115,#3724,.T.);
#10081=EDGE_CURVE('8470',#5058,#5059,#3460,.T.);
#10083=EDGE_CURVE('8533',#5062,#5059,#3748,.T.);
#10085=EDGE_CURVE('8471',#5062,#5063,#3464,.T.);
#10087=EDGE_CURVE('8537',#5121,#5063,#3764,.T.);
#10089=EDGE_CURVE('8538',#5123,#5121,#3768,.T.);
#10091=EDGE_CURVE('8541',#5066,#5123,#3780,.T.);
#10093=EDGE_CURVE('8472',#5066,#5067,#3468,.T.);
#10095=EDGE_CURVE('8547',#5070,#5067,#3804,.T.);
#10097=EDGE_CURVE('8473',#5070,#5071,#3472,.T.);
#10099=EDGE_CURVE('8551',#5129,#5071,#3820,.T.);
#10101=EDGE_CURVE('8552',#5131,#5129,#3824,.T.);
#10103=EDGE_CURVE('8555',#5074,#5131,#3836,.T.);
#10105=EDGE_CURVE('8474',#5074,#5075,#3476,.T.);
#10107=EDGE_CURVE('8561',#5078,#5075,#3860,.T.);
#10109=EDGE_CURVE('8475',#5078,#5079,#3480,.T.);
#10111=EDGE_CURVE('8565',#5137,#5079,#3876,.T.);
#10113=EDGE_CURVE('8567',#5082,#5137,#3880,.T.);
#10118=EDGE_CURVE('8447',#5017,#5015,#3492,.T.);
#10128=EDGE_CURVE('8450',#5019,#4176,#3500,.T.);
#10131=EDGE_CURVE('8446',#5015,#4177,#3496,.T.);
#10144=EDGE_CURVE('8454',#5023,#5021,#3508,.T.);
#10155=EDGE_CURVE('8456',#5025,#4173,#3516,.T.);
#10168=EDGE_CURVE('8457',#5027,#4172,#3520,.T.);
#10183=EDGE_CURVE('8460',#5029,#4169,#3528,.T.);
#10197=EDGE_CURVE('8479',#5031,#4168,#3532,.T.);
#10209=EDGE_CURVE('8483',#5089,#5087,#3548,.T.);
#10223=EDGE_CURVE('8486',#5091,#5093,#3560,.T.);
#10233=EDGE_CURVE('8489',#5034,#4165,#3568,.T.);
#10246=EDGE_CURVE('8488',#5035,#4164,#3572,.T.);
#10261=EDGE_CURVE('8492',#5038,#4161,#3584,.T.);
#10275=EDGE_CURVE('8493',#5039,#4160,#3588,.T.);
#10287=EDGE_CURVE('8497',#5097,#5095,#3604,.T.);
#10301=EDGE_CURVE('8500',#5099,#5101,#3616,.T.);
#10311=EDGE_CURVE('8503',#5042,#4157,#3624,.T.);
#10324=EDGE_CURVE('8502',#5043,#4156,#3628,.T.);
#10339=EDGE_CURVE('8506',#5046,#4153,#3640,.T.);
#10353=EDGE_CURVE('8507',#5047,#4152,#3644,.T.);
#10365=EDGE_CURVE('8511',#5105,#5103,#3660,.T.);
#10379=EDGE_CURVE('8514',#5107,#5109,#3672,.T.);
#10389=EDGE_CURVE('8517',#5050,#4149,#3680,.T.);
#10402=EDGE_CURVE('8516',#5051,#4148,#3684,.T.);
#10417=EDGE_CURVE('8520',#5054,#4145,#3696,.T.);
#10431=EDGE_CURVE('8521',#5055,#4144,#3700,.T.);
#10443=EDGE_CURVE('8525',#5113,#5111,#3716,.T.);
#10457=EDGE_CURVE('8528',#5115,#5117,#3728,.T.);
#10467=EDGE_CURVE('8531',#5058,#4141,#3736,.T.);
#10480=EDGE_CURVE('8530',#5059,#4140,#3740,.T.);
#10495=EDGE_CURVE('8534',#5062,#4137,#3752,.T.);
#10509=EDGE_CURVE('8535',#5063,#4136,#3756,.T.);
#10521=EDGE_CURVE('8539',#5121,#5119,#3772,.T.);
#10535=EDGE_CURVE('8542',#5123,#5125,#3784,.T.);
#10545=EDGE_CURVE('8545',#5066,#4133,#3792,.T.);
#10558=EDGE_CURVE('8544',#5067,#4132,#3796,.T.);
#10573=EDGE_CURVE('8548',#5070,#4129,#3808,.T.);
#10587=EDGE_CURVE('8549',#5071,#4128,#3812,.T.);
#10599=EDGE_CURVE('8553',#5129,#5127,#3828,.T.);
#10613=EDGE_CURVE('8556',#5131,#5133,#3840,.T.);
#10623=EDGE_CURVE('8559',#5074,#4125,#3848,.T.);
#10636=EDGE_CURVE('8558',#5075,#4124,#3852,.T.);
#10651=EDGE_CURVE('8562',#5078,#4121,#3864,.T.);
#10665=EDGE_CURVE('8563',#5079,#4120,#3868,.T.);
#10677=EDGE_CURVE('8568',#5137,#5135,#3884,.T.);
#10712=EDGE_CURVE('7963',#4499,#4472,#3908,.T.);
#10715=EDGE_CURVE('8022',#4475,#4541,#3931,.T.);
#10717=EDGE_CURVE('7964',#4475,#4472,#3900,.T.);
#10727=EDGE_CURVE('7948',#4471,#4472,#3913,.T.);
#10729=EDGE_CURVE('8024',#4471,#4543,#3904,.T.);
#10743=EDGE_CURVE('7949',#4475,#4476,#3918,.T.);
#10745=EDGE_CURVE('7950',#4478,#4476,#3935,.T.);
#10747=EDGE_CURVE('7951',#4478,#4471,#3923,.T.);
#10757=EDGE_CURVE('8021',#4547,#4476,#3927,.T.);
#10773=EDGE_CURVE('8023',#4478,#4545,#3943,.T.);
#10860=EDGE_CURVE('8638',#10850,#10854,#10794,.T.);
#10862=EDGE_CURVE('8641',#10852,#10850,#10798,.T.);
#10864=EDGE_CURVE('8640',#10848,#10852,#10802,.T.);
#10866=EDGE_CURVE('8639',#10854,#10848,#10806,.T.);
#10876=EDGE_CURVE('8631',#10845,#10846,#10810,.T.);
#10878=EDGE_CURVE('8634',#10850,#10845,#10814,.T.);
#10881=EDGE_CURVE('8637',#10854,#10846,#10826,.T.);
#10891=EDGE_CURVE('8630',#10841,#10842,#10818,.T.);
#10893=EDGE_CURVE('8633',#10842,#10845,#10834,.T.);
#10896=EDGE_CURVE('8636',#10846,#10841,#10822,.T.);
#10907=EDGE_CURVE('8632',#10841,#10848,#10830,.T.);
#10910=EDGE_CURVE('8635',#10852,#10842,#10838,.T.);
#10942=(LENGTH_UNIT()NAMED_UNIT(*)SI_UNIT(.MILLI.,.METRE.));
#10944=(NAMED_UNIT(*)PLANE_ANGLE_UNIT()SI_UNIT($,.RADIAN.));
#10947=(NAMED_UNIT(*)SI_UNIT($,.STERADIAN.)SOLID_ANGLE_UNIT());
#10950=ADVANCED_BREP_SHAPE_REPRESENTATION('',(#10941),#10949);
#10957=PRODUCT_DEFINITION('design','',#10956,#10953);
#10958=PRODUCT_DEFINITION_SHAPE('','SHAPE FOR 10067099-200LF.',#10957);
#10959=SHAPE_DEFINITION_REPRESENTATION(#10958,#10950);
ENDSEC;
END-ISO-10303-21;

